id,id_cliente_origen,id_cuenta_origen,id_cliente_destino,id_cuenta_destino,timestamp,monto,tipo
2501,1,1001,2,1002,2020-01-01 08:00:00,3146970.21,INGRESO
2502,1,1001,2,1002,2020-01-01 08:45:29,498782.00,EGRESO
2503,1,1001,2,1002,2020-01-01 10:31:10,1061198.20,INGRESO
2504,1,1001,2,1002,2020-01-01 19:32:21,4314934.81,INGRESO
2505,1,1001,2,1002,2020-01-01 19:42:55,6695897.48,INGRESO
2506,1,1001,2,1002,2020-01-01 20:36:31,5796348.72,EGRESO
2507,1,1001,2,1002,2020-01-02 01:33:09,9743884.23,EGRESO
2508,1,1001,2,1002,2020-01-02 01:41:59,3455711.82,EGRESO
2509,1,1001,2,1002,2020-01-02 02:23:39,9215217.34,INGRESO
2510,1,1001,2,1002,2020-01-02 02:28:10,5374858.76,INGRESO
2511,1,1001,2,1002,2020-01-02 21:29:54,6615546.51,INGRESO
2512,1,1001,2,1002,2020-01-03 02:24:03,7458366.64,EGRESO
2513,1,1001,2,1002,2020-01-03 07:15:24,2224070.55,INGRESO
2514,1,1001,2,1002,2020-01-03 13:13:52,5660104.42,EGRESO
2515,1,1001,2,1002,2020-01-03 19:26:18,4514258.57,INGRESO
2516,1,1001,2,1002,2020-01-04 03:53:59,92944.12,INGRESO
2517,1,1001,2,1002,2020-01-04 07:29:24,2649626.90,EGRESO
2518,1,1001,2,1002,2020-01-04 08:58:39,3405287.54,EGRESO
2519,1,1001,2,1002,2020-01-04 13:58:31,6182819.66,EGRESO
2520,1,1001,2,1002,2020-01-05 01:13:58,2545411.62,EGRESO
2521,1,1001,2,1002,2020-01-05 01:15:12,2298677.47,EGRESO
2522,1,1001,2,1002,2020-01-05 03:11:04,7785863.28,EGRESO
2523,1,1001,2,1002,2020-01-05 04:04:36,2980034.22,INGRESO
2524,1,1001,2,1002,2020-01-05 07:23:48,2013609.69,INGRESO
2525,1,1001,2,1002,2020-01-05 23:05:22,6851864.49,INGRESO
2526,1,1001,2,1002,2020-01-06 03:38:11,3298263.81,INGRESO
2527,1,1001,2,1002,2020-01-06 10:27:45,7190471.48,EGRESO
2528,1,1001,2,1002,2020-01-06 17:22:16,6490580.62,INGRESO
2529,1,1001,2,1002,2020-01-06 22:59:36,4896010.14,INGRESO
2530,1,1001,2,1002,2020-01-06 23:01:11,4343748.36,EGRESO
2531,1,1001,2,1002,2020-01-07 03:33:46,6511470.61,INGRESO
2532,1,1001,2,1002,2020-01-07 04:49:47,5272329.07,EGRESO
2533,1,1001,2,1002,2020-01-07 07:27:48,1016691.41,INGRESO
2534,1,1001,2,1002,2020-01-07 23:31:54,3965192.44,EGRESO
2535,1,1001,2,1002,2020-01-08 00:45:41,173022.85,INGRESO
2536,1,1001,2,1002,2020-01-08 09:30:30,9442145.43,INGRESO
2537,1,1001,2,1002,2020-01-08 10:43:15,5544590.45,INGRESO
2538,1,1001,2,1002,2020-01-08 11:37:10,2275609.03,EGRESO
2539,1,1001,2,1002,2020-01-08 12:15:07,35885.64,INGRESO
2540,1,1001,2,1002,2020-01-08 12:46:33,4862338.44,INGRESO
2541,1,1001,2,1002,2020-01-08 15:25:43,3999793.88,EGRESO
2542,1,1001,2,1002,2020-01-09 01:45:44,5384179.24,INGRESO
2543,1,1001,2,1002,2020-01-09 09:20:46,6817063.17,EGRESO
2544,1,1001,2,1002,2020-01-09 10:17:20,1164270.64,INGRESO
2545,1,1001,2,1002,2020-01-09 13:23:57,3195738.30,EGRESO
2546,1,1001,2,1002,2020-01-10 11:40:51,7914994.79,EGRESO
2547,1,1001,2,1002,2020-01-10 17:20:01,550837.09,INGRESO
2548,1,1001,2,1002,2020-01-10 18:20:25,7825697.18,INGRESO
2549,1,1001,2,1002,2020-01-10 21:55:06,3210305.10,INGRESO
2550,1,1001,2,1002,2020-01-11 01:07:40,7179567.27,EGRESO
2551,1,1001,2,1002,2020-01-11 01:08:15,5719642.89,EGRESO
2552,1,1001,2,1002,2020-01-11 10:28:22,3816066.28,INGRESO
2553,1,1001,2,1002,2020-01-11 15:02:02,3693662.71,EGRESO
2554,1,1001,2,1002,2020-01-11 22:30:38,3816216.97,EGRESO
2555,1,1001,2,1002,2020-01-12 03:34:44,7522267.82,EGRESO
2556,1,1001,2,1002,2020-01-12 12:37:33,3925208.80,EGRESO
2557,1,1001,2,1002,2020-01-12 15:53:26,1544599.88,INGRESO
2558,1,1001,2,1002,2020-01-12 17:04:25,5030214.92,INGRESO
2559,1,1001,2,1002,2020-01-12 18:52:56,4123745.47,INGRESO
2560,1,1001,2,1002,2020-01-13 01:45:06,2670734.76,INGRESO
2561,1,1001,2,1002,2020-01-13 07:53:06,2910181.40,INGRESO
2562,1,1001,2,1002,2020-01-13 19:35:01,5870719.06,EGRESO
2563,1,1001,2,1002,2020-01-13 20:36:39,3172587.77,INGRESO
2564,1,1001,2,1002,2020-01-14 03:18:33,2465240.64,EGRESO
2565,1,1001,2,1002,2020-01-14 06:12:10,9422536.97,INGRESO
2566,1,1001,2,1002,2020-01-14 10:27:12,1741082.39,EGRESO
2567,1,1001,2,1002,2020-01-14 15:52:34,1361219.05,EGRESO
2568,1,1001,2,1002,2020-01-14 20:55:06,6881041.34,INGRESO
2569,1,1001,2,1002,2020-01-15 00:02:50,7501690.73,INGRESO
2570,1,1001,2,1002,2020-01-15 00:09:31,4173835.03,EGRESO
2571,1,1001,2,1002,2020-01-15 01:57:53,5376033.63,EGRESO
2572,1,1001,2,1002,2020-01-15 07:21:21,9370797.59,EGRESO
2573,1,1001,2,1002,2020-01-15 10:29:52,6425907.14,INGRESO
2574,1,1001,2,1002,2020-01-15 12:39:47,2299695.90,INGRESO
2575,1,1001,2,1002,2020-01-15 19:03:43,4960684.82,INGRESO
2576,1,1001,2,1002,2020-01-16 03:29:02,4460801.71,EGRESO
2577,1,1001,2,1002,2020-01-16 06:43:05,7219522.76,EGRESO
2578,1,1001,2,1002,2020-01-16 17:52:13,1106825.78,EGRESO
2579,1,1001,2,1002,2020-01-16 17:53:39,6922119.81,EGRESO
2580,1,1001,2,1002,2020-01-16 18:00:25,544572.10,EGRESO
2581,1,1001,2,1002,2020-01-17 05:47:06,3909419.63,EGRESO
2582,1,1001,2,1002,2020-01-17 09:29:14,4746131.18,INGRESO
2583,1,1001,2,1002,2020-01-17 12:38:26,5780902.48,EGRESO
2584,1,1001,2,1002,2020-01-17 18:45:20,5892471.78,INGRESO
2585,1,1001,2,1002,2020-01-17 21:02:40,9826883.20,INGRESO
2586,1,1001,2,1002,2020-01-17 21:34:27,3655264.81,EGRESO
2587,1,1001,2,1002,2020-01-18 07:49:03,1709900.17,EGRESO
2588,1,1001,2,1002,2020-01-18 08:25:46,8400108.92,INGRESO
2589,1,1001,2,1002,2020-01-18 10:19:49,6777699.99,INGRESO
2590,1,1001,2,1002,2020-01-18 18:08:35,1121119.59,EGRESO
2591,1,1001,2,1002,2020-01-19 02:56:41,4836382.27,INGRESO
2592,1,1001,2,1002,2020-01-19 04:00:07,4318154.44,EGRESO
2593,1,1001,2,1002,2020-01-19 06:02:10,4630809.87,INGRESO
2594,1,1001,2,1002,2020-01-19 17:51:03,4205300.40,INGRESO
2595,1,1001,2,1002,2020-01-19 23:10:31,4718880.78,INGRESO
2596,1,1001,2,1002,2020-01-20 03:48:24,8835659.67,EGRESO
2597,1,1001,2,1002,2020-01-20 11:53:33,1401305.61,INGRESO
2598,1,1001,2,1002,2020-01-20 20:26:04,1516090.13,INGRESO
2599,1,1001,2,1002,2020-01-20 22:51:44,7624321.66,INGRESO
2600,1,1001,2,1002,2020-01-21 03:08:14,7400080.12,EGRESO
2601,1,1001,2,1002,2020-01-21 03:27:51,228743.35,EGRESO
2602,1,1001,2,1002,2020-01-21 12:56:51,7946464.92,EGRESO
2603,1,1001,2,1002,2020-01-21 14:22:00,3169131.37,EGRESO
2604,1,1001,2,1002,2020-01-21 14:36:35,7329321.26,EGRESO
2605,1,1001,2,1002,2020-01-22 00:54:59,3660330.03,EGRESO
2606,1,1001,2,1002,2020-01-22 13:32:32,2224342.02,EGRESO
2607,1,1001,2,1002,2020-01-22 15:22:09,3650374.88,INGRESO
2608,1,1001,2,1002,2020-01-22 23:30:54,1989979.20,EGRESO
2609,1,1001,2,1002,2020-01-23 07:30:16,5919682.00,EGRESO
2610,1,1001,2,1002,2020-01-23 09:34:57,3107959.78,INGRESO
2611,1,1001,2,1002,2020-01-23 11:02:13,9825039.96,EGRESO
2612,1,1001,2,1002,2020-01-23 15:35:06,2207693.48,INGRESO
2613,1,1001,2,1002,2020-01-24 06:13:47,4004811.00,EGRESO
2614,1,1001,2,1002,2020-01-24 13:48:36,7198037.03,EGRESO
2615,1,1001,2,1002,2020-01-24 18:14:51,7551337.46,INGRESO
2616,1,1001,2,1002,2020-01-24 19:50:25,9191595.39,EGRESO
2617,1,1001,2,1002,2020-01-25 04:37:10,1804386.75,EGRESO
2618,1,1001,2,1002,2020-01-25 08:30:15,5268792.71,EGRESO
2619,1,1001,2,1002,2020-01-25 16:46:52,7769328.13,INGRESO
2620,1,1001,2,1002,2020-01-25 19:21:10,9931261.62,EGRESO
2621,1,1001,2,1002,2020-01-25 22:57:52,4571332.87,EGRESO
2622,1,1001,2,1002,2020-01-26 01:14:01,157309.32,EGRESO
2623,1,1001,2,1002,2020-01-26 12:41:16,7908229.95,INGRESO
2624,1,1001,2,1002,2020-01-26 21:37:48,6731032.00,EGRESO
2625,1,1001,2,1002,2020-01-26 22:02:24,4881792.64,INGRESO
2626,1,1001,2,1002,2020-01-26 23:31:51,1554971.95,EGRESO
2627,1,1001,2,1002,2020-01-27 05:39:18,7544612.65,INGRESO
2628,1,1001,2,1002,2020-01-27 11:53:36,8038830.24,EGRESO
2629,1,1001,2,1002,2020-01-27 16:23:42,3136693.51,EGRESO
2630,1,1001,2,1002,2020-01-27 18:59:44,6793292.47,EGRESO
2631,1,1001,2,1002,2020-01-27 20:09:39,3348002.70,INGRESO
2632,1,1001,2,1002,2020-01-27 21:10:28,3755919.34,EGRESO
2633,1,1001,2,1002,2020-01-28 06:10:23,57446.97,INGRESO
2634,1,1001,2,1002,2020-01-28 09:21:53,3811942.73,EGRESO
2635,1,1001,2,1002,2020-01-28 11:46:20,8590236.93,INGRESO
2636,1,1001,2,1002,2020-01-28 15:58:34,7556235.55,EGRESO
2637,1,1001,2,1002,2020-01-28 16:51:46,9284289.89,INGRESO
2638,1,1001,2,1002,2020-01-29 04:35:22,9259757.02,INGRESO
2639,1,1001,2,1002,2020-01-29 08:24:40,9976501.87,EGRESO
2640,1,1001,2,1002,2020-01-29 12:09:45,7188256.74,EGRESO
2641,1,1001,2,1002,2020-01-29 21:05:12,4211664.68,INGRESO
2642,1,1001,2,1002,2020-01-30 08:39:47,1947300.56,INGRESO
2643,1,1001,2,1002,2020-01-30 16:49:17,7213064.70,INGRESO
2644,1,1001,2,1002,2020-01-30 18:29:05,6071408.45,EGRESO
2645,1,1001,2,1002,2020-01-30 23:24:00,5145028.34,EGRESO
2646,1,1001,2,1002,2020-01-31 06:58:29,7876370.80,EGRESO
2647,1,1001,2,1002,2020-01-31 09:44:19,4288701.31,EGRESO
2648,1,1001,2,1002,2020-01-31 10:58:39,6269196.66,INGRESO
2649,1,1001,2,1002,2020-01-31 22:28:34,2382868.16,INGRESO
2650,1,1001,2,1002,2020-02-01 05:37:42,3811270.37,EGRESO
2651,1,1001,2,1002,2020-02-01 05:40:45,3007464.85,INGRESO
2652,1,1001,2,1002,2020-02-01 09:00:50,3696222.70,EGRESO
2653,1,1001,2,1002,2020-02-01 11:53:23,5855987.61,INGRESO
2654,1,1001,2,1002,2020-02-02 05:51:32,2802678.19,INGRESO
2655,1,1001,2,1002,2020-02-02 12:41:35,3100954.45,INGRESO
2656,1,1001,2,1002,2020-02-02 19:00:43,5248763.89,INGRESO
2657,1,1001,2,1002,2020-02-02 21:57:02,8304967.36,EGRESO
2658,1,1001,2,1002,2020-02-03 06:53:28,4875449.60,EGRESO
2659,1,1001,2,1002,2020-02-03 08:36:00,3904604.66,INGRESO
2660,1,1001,2,1002,2020-02-03 09:25:06,3627728.92,EGRESO
2661,1,1001,2,1002,2020-02-03 11:56:41,2887044.24,EGRESO
2662,1,1001,2,1002,2020-02-04 03:42:01,1537884.61,INGRESO
2663,1,1001,2,1002,2020-02-04 03:42:23,8478253.39,INGRESO
2664,1,1001,2,1002,2020-02-04 05:59:34,1827065.79,INGRESO
2665,1,1001,2,1002,2020-02-04 23:57:12,7905969.14,EGRESO
2666,1,1001,2,1002,2020-02-05 05:24:00,9403932.51,INGRESO
2667,1,1001,2,1002,2020-02-05 05:29:46,8740701.12,EGRESO
2668,1,1001,2,1002,2020-02-05 07:06:55,9032704.14,INGRESO
2669,1,1001,2,1002,2020-02-05 10:59:57,7640372.47,INGRESO
2670,1,1001,2,1002,2020-02-05 13:59:22,8520582.58,EGRESO
2671,1,1001,2,1002,2020-02-06 07:08:35,7320157.53,INGRESO
2672,1,1001,2,1002,2020-02-06 09:58:10,9778057.06,EGRESO
2673,1,1001,2,1002,2020-02-06 10:49:41,7039251.89,EGRESO
2674,1,1001,2,1002,2020-02-06 15:50:06,1846439.39,INGRESO
2675,1,1001,2,1002,2020-02-07 03:53:27,3251231.30,EGRESO
2676,1,1001,2,1002,2020-02-07 03:58:43,6017648.14,EGRESO
2677,1,1001,2,1002,2020-02-07 10:13:25,9425879.23,INGRESO
2678,1,1001,2,1002,2020-02-07 23:13:41,7494924.29,EGRESO
2679,1,1001,2,1002,2020-02-08 01:14:07,1963018.17,INGRESO
2680,1,1001,2,1002,2020-02-08 07:30:59,5515282.28,EGRESO
2681,1,1001,2,1002,2020-02-08 14:08:20,6854704.32,EGRESO
2682,1,1001,2,1002,2020-02-08 16:53:26,87656.44,EGRESO
2683,1,1001,2,1002,2020-02-09 00:27:33,6163085.68,EGRESO
2684,1,1001,2,1002,2020-02-09 08:05:57,3523537.34,INGRESO
2685,1,1001,2,1002,2020-02-09 14:31:40,8954544.80,INGRESO
2686,1,1001,2,1002,2020-02-09 15:53:36,96113.54,INGRESO
2687,1,1001,2,1002,2020-02-10 10:47:05,4121651.86,INGRESO
2688,1,1001,2,1002,2020-02-10 16:52:02,4802340.48,INGRESO
2689,1,1001,2,1002,2020-02-10 18:13:19,3105830.29,EGRESO
2690,1,1001,2,1002,2020-02-10 23:01:27,1066745.37,INGRESO
2691,1,1001,2,1002,2020-02-11 00:48:18,3031366.44,EGRESO
2692,1,1001,2,1002,2020-02-11 05:09:47,5289823.43,INGRESO
2693,1,1001,2,1002,2020-02-11 09:21:53,4523336.19,INGRESO
2694,1,1001,2,1002,2020-02-11 21:58:49,3730343.54,EGRESO
2695,1,1001,2,1002,2020-02-12 00:12:03,3537978.04,INGRESO
2696,1,1001,2,1002,2020-02-12 08:49:16,2912564.77,EGRESO
2697,1,1001,2,1002,2020-02-12 14:44:06,5797170.71,INGRESO
2698,1,1001,2,1002,2020-02-12 15:39:24,1338657.40,INGRESO
2699,1,1001,2,1002,2020-02-12 20:53:52,3201626.00,EGRESO
2700,1,1001,2,1002,2020-02-13 08:19:18,655232.95,INGRESO
2701,1,1001,2,1002,2020-02-13 15:20:01,6906194.56,INGRESO
2702,1,1001,2,1002,2020-02-13 21:23:15,4024705.40,INGRESO
2703,1,1001,2,1002,2020-02-13 23:33:49,9321977.79,EGRESO
2704,1,1001,2,1002,2020-02-14 08:19:23,8776037.36,INGRESO
2705,1,1001,2,1002,2020-02-14 21:15:14,9096261.65,EGRESO
2706,1,1001,2,1002,2020-02-14 23:21:47,5841926.40,EGRESO
2707,1,1001,2,1002,2020-02-14 23:45:22,9905350.25,EGRESO
2708,1,1001,2,1002,2020-02-15 04:31:21,8918138.28,EGRESO
2709,1,1001,2,1002,2020-02-15 06:36:30,3445922.22,EGRESO
2710,1,1001,2,1002,2020-02-15 16:31:33,8699887.33,INGRESO
2711,1,1001,2,1002,2020-02-15 23:21:27,829938.03,INGRESO
2712,1,1001,2,1002,2020-02-16 03:33:47,6492853.33,INGRESO
2713,1,1001,2,1002,2020-02-16 09:27:33,2840344.14,INGRESO
2714,1,1001,2,1002,2020-02-16 11:23:47,1155478.62,EGRESO
2715,1,1001,2,1002,2020-02-16 15:44:52,6431546.21,INGRESO
2716,1,1001,2,1002,2020-02-16 22:52:29,6464502.32,INGRESO
2717,1,1001,2,1002,2020-02-17 05:41:47,4833694.49,EGRESO
2718,1,1001,2,1002,2020-02-17 08:49:31,9293658.46,EGRESO
2719,1,1001,2,1002,2020-02-17 09:06:15,3939148.04,EGRESO
2720,1,1001,2,1002,2020-02-17 14:34:06,7214138.73,EGRESO
2721,1,1001,2,1002,2020-02-17 15:16:35,6252353.71,EGRESO
2722,1,1001,2,1002,2020-02-17 22:55:24,912956.22,EGRESO
2723,1,1001,2,1002,2020-02-18 00:42:56,5277169.09,EGRESO
2724,1,1001,2,1002,2020-02-18 15:25:19,5242567.13,INGRESO
2725,1,1001,2,1002,2020-02-18 16:34:23,1886731.13,EGRESO
2726,1,1001,2,1002,2020-02-18 17:34:34,8008958.60,EGRESO
2727,1,1001,2,1002,2020-02-18 22:37:50,7441760.85,EGRESO
2728,1,1001,2,1002,2020-02-19 06:39:54,4960736.34,EGRESO
2729,1,1001,2,1002,2020-02-19 11:56:38,5977499.94,INGRESO
2730,1,1001,2,1002,2020-02-19 14:54:13,9701330.84,INGRESO
2731,1,1001,2,1002,2020-02-19 18:52:08,4934705.69,EGRESO
2732,1,1001,2,1002,2020-02-19 23:49:45,9151029.83,INGRESO
2733,1,1001,2,1002,2020-02-20 00:23:13,1175329.57,INGRESO
2734,1,1001,2,1002,2020-02-20 01:23:19,9621343.18,EGRESO
2735,1,1001,2,1002,2020-02-20 03:52:23,7515926.22,EGRESO
2736,1,1001,2,1002,2020-02-20 14:09:08,4114736.53,INGRESO
2737,1,1001,2,1002,2020-02-20 17:50:04,8726235.20,EGRESO
2738,1,1001,2,1002,2020-02-21 05:51:21,2057318.55,INGRESO
2739,1,1001,2,1002,2020-02-21 07:16:29,4504292.10,INGRESO
2740,1,1001,2,1002,2020-02-21 07:55:58,8185568.31,EGRESO
2741,1,1001,2,1002,2020-02-21 09:08:48,4478736.44,INGRESO
2742,1,1001,2,1002,2020-02-21 19:46:59,5435033.65,INGRESO
2743,1,1001,2,1002,2020-02-22 03:40:49,2300942.92,INGRESO
2744,1,1001,2,1002,2020-02-22 12:40:40,4480519.53,INGRESO
2745,1,1001,2,1002,2020-02-22 18:54:15,902845.42,INGRESO
2746,1,1001,2,1002,2020-02-22 20:55:08,5564631.71,INGRESO
2747,1,1001,2,1002,2020-02-23 07:27:47,7398785.03,INGRESO
2748,1,1001,2,1002,2020-02-23 16:37:51,760988.28,INGRESO
2749,1,1001,2,1002,2020-02-23 17:19:15,6863277.47,EGRESO
2750,1,1001,2,1002,2020-02-23 19:41:54,2194972.95,INGRESO
2751,1,1001,2,1002,2020-02-24 00:35:11,1002664.43,INGRESO
2752,1,1001,2,1002,2020-02-24 13:28:05,9762616.07,EGRESO
2753,1,1001,2,1002,2020-02-24 18:38:53,4553469.17,EGRESO
2754,1,1001,2,1002,2020-02-24 23:16:29,5063219.49,EGRESO
2755,1,1001,2,1002,2020-02-25 12:28:58,3653824.30,INGRESO
2756,1,1001,2,1002,2020-02-25 14:56:25,46877.08,EGRESO
2757,1,1001,2,1002,2020-02-25 16:38:08,9520224.62,EGRESO
2758,1,1001,2,1002,2020-02-25 18:59:38,8068995.46,INGRESO
2759,1,1001,2,1002,2020-02-26 06:41:31,7350363.29,EGRESO
2760,1,1001,2,1002,2020-02-26 07:38:56,6229577.97,INGRESO
2761,1,1001,2,1002,2020-02-26 14:17:24,1402667.48,EGRESO
2762,1,1001,2,1002,2020-02-26 18:42:23,9600668.36,INGRESO
2763,1,1001,2,1002,2020-02-27 02:03:41,6000961.37,INGRESO
2764,1,1001,2,1002,2020-02-27 04:27:22,8970826.69,EGRESO
2765,1,1001,2,1002,2020-02-27 12:56:32,331587.83,EGRESO
2766,1,1001,2,1002,2020-02-27 22:21:18,8486935.06,EGRESO
2767,1,1001,2,1002,2020-02-27 23:12:47,504873.62,INGRESO
2768,1,1001,2,1002,2020-02-28 00:29:04,313782.41,INGRESO
2769,1,1001,2,1002,2020-02-28 02:14:21,5137768.21,INGRESO
2770,1,1001,2,1002,2020-02-28 09:11:30,3090916.91,EGRESO
2771,1,1001,2,1002,2020-02-28 09:59:20,6577180.59,INGRESO
2772,1,1001,2,1002,2020-02-28 13:54:08,6909734.70,EGRESO
2773,1,1001,2,1002,2020-02-28 14:33:07,5180328.01,EGRESO
2774,1,1001,2,1002,2020-02-29 02:44:14,2836086.15,INGRESO
2775,1,1001,2,1002,2020-02-29 15:14:24,4207372.27,EGRESO
2776,1,1001,2,1002,2020-02-29 15:18:41,5961639.92,EGRESO
2777,1,1001,2,1002,2020-02-29 22:53:07,750700.39,INGRESO
2778,1,1001,2,1002,2020-03-01 03:58:40,5953709.07,EGRESO
2779,1,1001,2,1002,2020-03-01 08:10:16,3638899.35,EGRESO
2780,1,1001,2,1002,2020-03-01 09:39:14,1181092.17,EGRESO
2781,1,1001,2,1002,2020-03-01 12:49:13,5580440.25,INGRESO
2782,1,1001,2,1002,2020-03-01 21:07:24,9305359.42,EGRESO
2783,1,1001,2,1002,2020-03-02 07:58:13,5553218.92,INGRESO
2784,1,1001,2,1002,2020-03-02 11:02:59,7280451.22,INGRESO
2785,1,1001,2,1002,2020-03-02 14:34:51,8458815.50,EGRESO
2786,1,1001,2,1002,2020-03-02 19:11:24,7617214.87,INGRESO
2787,1,1001,2,1002,2020-03-03 02:30:30,8024747.65,EGRESO
2788,1,1001,2,1002,2020-03-03 04:42:27,674384.60,INGRESO
2789,1,1001,2,1002,2020-03-03 05:59:25,3146757.64,EGRESO
2790,1,1001,2,1002,2020-03-03 07:43:08,4152926.96,EGRESO
2791,1,1001,2,1002,2020-03-03 14:16:15,208025.30,EGRESO
2792,1,1001,2,1002,2020-03-03 16:49:30,9244654.00,EGRESO
2793,1,1001,2,1002,2020-03-04 07:01:59,8919190.47,EGRESO
2794,1,1001,2,1002,2020-03-04 17:04:53,460130.26,EGRESO
2795,1,1001,2,1002,2020-03-04 23:05:38,6874109.45,INGRESO
2796,1,1001,2,1002,2020-03-04 23:22:54,6254802.42,EGRESO
2797,1,1001,2,1002,2020-03-05 05:19:31,1250966.36,INGRESO
2798,1,1001,2,1002,2020-03-05 08:13:40,3145285.50,INGRESO
2799,1,1001,2,1002,2020-03-05 12:51:25,3060575.14,EGRESO
2800,1,1001,2,1002,2020-03-05 20:27:49,4078813.82,EGRESO
2801,1,1001,2,1002,2020-03-06 10:43:00,9400773.04,EGRESO
2802,1,1001,2,1002,2020-03-06 15:02:50,7984668.21,EGRESO
2803,1,1001,2,1002,2020-03-06 17:02:34,5690975.24,EGRESO
2804,1,1001,2,1002,2020-03-06 19:57:42,8836307.14,INGRESO
2805,1,1001,2,1002,2020-03-06 23:15:28,9221586.68,INGRESO
2806,1,1001,2,1002,2020-03-07 04:33:25,6507331.29,INGRESO
2807,1,1001,2,1002,2020-03-07 12:54:57,1505493.30,EGRESO
2808,1,1001,2,1002,2020-03-07 17:05:25,1589495.52,INGRESO
2809,1,1001,2,1002,2020-03-07 23:39:05,8227578.53,INGRESO
2810,1,1001,2,1002,2020-03-08 08:23:26,4466333.16,INGRESO
2811,1,1001,2,1002,2020-03-08 09:13:53,9855637.17,INGRESO
2812,1,1001,2,1002,2020-03-08 09:44:11,5648430.86,INGRESO
2813,1,1001,2,1002,2020-03-08 13:41:42,7344894.76,EGRESO
2814,1,1001,2,1002,2020-03-09 00:05:53,1963790.92,EGRESO
2815,1,1001,2,1002,2020-03-09 06:46:04,6865238.12,INGRESO
2816,1,1001,2,1002,2020-03-09 10:14:18,1398058.64,EGRESO
2817,1,1001,2,1002,2020-03-09 15:30:50,4731449.54,EGRESO
2818,1,1001,2,1002,2020-03-09 17:32:00,6960720.55,INGRESO
2819,1,1001,2,1002,2020-03-10 08:55:08,5064643.25,EGRESO
2820,1,1001,2,1002,2020-03-10 10:59:20,7039363.09,EGRESO
2821,1,1001,2,1002,2020-03-10 13:02:00,769876.21,EGRESO
2822,1,1001,2,1002,2020-03-10 23:49:33,9527287.39,EGRESO
2823,1,1001,2,1002,2020-03-11 11:39:45,5440526.17,EGRESO
2824,1,1001,2,1002,2020-03-11 15:36:03,7266565.61,INGRESO
2825,1,1001,2,1002,2020-03-11 17:27:35,4364993.09,INGRESO
2826,1,1001,2,1002,2020-03-11 17:39:19,1477850.23,INGRESO
2827,1,1001,2,1002,2020-03-12 03:06:36,1989006.44,EGRESO
2828,1,1001,2,1002,2020-03-12 05:33:41,6157223.50,INGRESO
2829,1,1001,2,1002,2020-03-12 13:11:44,6197524.49,EGRESO
2830,1,1001,2,1002,2020-03-12 22:41:45,8359885.00,INGRESO
2831,1,1001,2,1002,2020-03-12 23:12:12,8099974.39,EGRESO
2832,1,1001,2,1002,2020-03-13 02:04:39,8791845.77,INGRESO
2833,1,1001,2,1002,2020-03-13 03:06:17,5893998.74,EGRESO
2834,1,1001,2,1002,2020-03-13 11:02:16,9890888.94,INGRESO
2835,1,1001,2,1002,2020-03-13 14:01:17,6195129.67,EGRESO
2836,1,1001,2,1002,2020-03-14 05:06:42,7132146.97,EGRESO
2837,1,1001,2,1002,2020-03-14 11:49:19,4515412.14,INGRESO
2838,1,1001,2,1002,2020-03-14 19:19:13,4228446.69,EGRESO
2839,1,1001,2,1002,2020-03-14 20:33:21,7596606.50,INGRESO
2840,1,1001,2,1002,2020-03-15 00:25:04,7897985.14,INGRESO
2841,1,1001,2,1002,2020-03-15 00:32:44,766721.04,EGRESO
2842,1,1001,2,1002,2020-03-15 07:38:12,3475544.70,INGRESO
2843,1,1001,2,1002,2020-03-15 12:33:59,8477532.82,INGRESO
2844,1,1001,2,1002,2020-03-15 21:12:23,5899898.76,EGRESO
2845,1,1001,2,1002,2020-03-15 23:03:09,1303257.35,INGRESO
2846,1,1001,2,1002,2020-03-15 23:55:54,6094884.82,EGRESO
2847,1,1001,2,1002,2020-03-16 02:37:17,4066850.03,EGRESO
2848,1,1001,2,1002,2020-03-16 09:06:11,1184657.35,EGRESO
2849,1,1001,2,1002,2020-03-16 10:40:03,731417.97,EGRESO
2850,1,1001,2,1002,2020-03-16 22:08:38,7378095.97,EGRESO
2851,1,1001,2,1002,2020-03-16 23:52:57,6946769.37,INGRESO
2852,1,1001,2,1002,2020-03-17 03:41:45,9187594.40,EGRESO
2853,1,1001,2,1002,2020-03-17 05:11:48,1744940.82,EGRESO
2854,1,1001,2,1002,2020-03-17 06:45:35,9707757.53,INGRESO
2855,1,1001,2,1002,2020-03-17 08:30:23,3677504.00,EGRESO
2856,1,1001,2,1002,2020-03-17 21:03:43,1214961.58,INGRESO
2857,1,1001,2,1002,2020-03-18 05:33:31,8724423.45,EGRESO
2858,1,1001,2,1002,2020-03-18 07:35:33,3169484.78,EGRESO
2859,1,1001,2,1002,2020-03-18 12:36:49,4157916.21,INGRESO
2860,1,1001,2,1002,2020-03-18 14:39:14,7627789.67,INGRESO
2861,1,1001,2,1002,2020-03-18 16:27:19,7457603.14,INGRESO
2862,1,1001,2,1002,2020-03-19 06:06:48,2444868.67,INGRESO
2863,1,1001,2,1002,2020-03-19 19:27:40,8067571.63,EGRESO
2864,1,1001,2,1002,2020-03-19 22:08:59,7355250.75,EGRESO
2865,1,1001,2,1002,2020-03-19 22:11:30,6740799.20,INGRESO
2866,1,1001,2,1002,2020-03-20 03:17:29,9728084.07,EGRESO
2867,1,1001,2,1002,2020-03-20 07:11:09,2592639.80,EGRESO
2868,1,1001,2,1002,2020-03-20 10:48:54,5871920.35,EGRESO
2869,1,1001,2,1002,2020-03-20 19:58:13,1311911.09,INGRESO
2870,1,1001,2,1002,2020-03-20 23:10:39,2167398.63,INGRESO
2871,1,1001,2,1002,2020-03-21 02:51:44,9956711.18,INGRESO
2872,1,1001,2,1002,2020-03-21 07:45:31,2908211.24,INGRESO
2873,1,1001,2,1002,2020-03-21 18:00:10,8034773.78,EGRESO
2874,1,1001,2,1002,2020-03-21 19:19:32,3957171.42,INGRESO
2875,1,1001,2,1002,2020-03-22 04:15:32,4735411.29,INGRESO
2876,1,1001,2,1002,2020-03-22 04:18:41,7742509.63,EGRESO
2877,1,1001,2,1002,2020-03-22 15:58:06,1355133.48,INGRESO
2878,1,1001,2,1002,2020-03-22 20:12:33,3775630.72,EGRESO
2879,1,1001,2,1002,2020-03-23 05:04:23,8715075.52,INGRESO
2880,1,1001,2,1002,2020-03-23 08:31:33,9648773.45,INGRESO
2881,1,1001,2,1002,2020-03-23 09:37:47,3985704.51,EGRESO
2882,1,1001,2,1002,2020-03-23 15:15:24,7626232.84,EGRESO
2883,1,1001,2,1002,2020-03-23 17:13:48,7732477.22,EGRESO
2884,1,1001,2,1002,2020-03-24 02:07:41,990910.56,INGRESO
2885,1,1001,2,1002,2020-03-24 17:38:07,5930186.99,EGRESO
2886,1,1001,2,1002,2020-03-24 17:57:08,6739046.63,EGRESO
2887,1,1001,2,1002,2020-03-24 20:17:13,9627854.84,EGRESO
2888,1,1001,2,1002,2020-03-25 05:15:29,4427479.25,INGRESO
2889,1,1001,2,1002,2020-03-25 08:58:37,9505637.71,EGRESO
2890,1,1001,2,1002,2020-03-25 17:00:22,9412443.94,INGRESO
2891,1,1001,2,1002,2020-03-25 17:53:25,1439194.18,INGRESO
2892,1,1001,2,1002,2020-03-26 05:59:36,4048102.73,INGRESO
2893,1,1001,2,1002,2020-03-26 18:08:16,8177643.45,INGRESO
2894,1,1001,2,1002,2020-03-26 19:38:38,4285932.10,INGRESO
2895,1,1001,2,1002,2020-03-26 21:49:50,1505912.50,EGRESO
2896,1,1001,2,1002,2020-03-27 00:14:25,2140796.66,EGRESO
2897,1,1001,2,1002,2020-03-27 05:50:18,4673782.03,INGRESO
2898,1,1001,2,1002,2020-03-27 11:40:32,4165063.83,INGRESO
2899,1,1001,2,1002,2020-03-27 17:02:16,2849283.09,EGRESO
2900,1,1001,2,1002,2020-03-28 10:48:24,4375169.88,INGRESO
2901,1,1001,2,1002,2020-03-28 13:39:06,7603810.48,EGRESO
2902,1,1001,2,1002,2020-03-28 16:57:28,7477565.27,INGRESO
2903,1,1001,2,1002,2020-03-28 18:07:02,559040.59,EGRESO
2904,1,1001,2,1002,2020-03-28 20:28:57,9145362.58,INGRESO
2905,1,1001,2,1002,2020-03-29 02:44:42,2317045.34,EGRESO
2906,1,1001,2,1002,2020-03-29 06:34:20,4689961.57,INGRESO
2907,1,1001,2,1002,2020-03-29 15:14:55,3644051.30,INGRESO
2908,1,1001,2,1002,2020-03-29 15:30:12,7049469.12,INGRESO
2909,1,1001,2,1002,2020-03-30 00:44:54,655140.49,INGRESO
2910,1,1001,2,1002,2020-03-30 01:02:19,949980.91,INGRESO
2911,1,1001,2,1002,2020-03-30 13:07:15,4094828.87,INGRESO
2912,1,1001,2,1002,2020-03-30 23:09:38,8833835.97,EGRESO
2913,1,1001,2,1002,2020-03-30 23:11:38,8046638.79,EGRESO
2914,1,1001,2,1002,2020-03-30 23:32:20,1998572.34,EGRESO
2915,1,1001,2,1002,2020-03-31 01:40:12,3894303.64,EGRESO
2916,1,1001,2,1002,2020-03-31 03:25:17,5650058.13,INGRESO
2917,1,1001,2,1002,2020-03-31 12:01:53,9132855.12,INGRESO
2918,1,1001,2,1002,2020-03-31 22:11:51,3992215.35,EGRESO
2919,1,1001,2,1002,2020-04-01 01:14:02,5073775.98,EGRESO
2920,1,1001,2,1002,2020-04-01 05:15:38,1095153.30,EGRESO
2921,1,1001,2,1002,2020-04-01 17:37:41,4751158.49,INGRESO
2922,1,1001,2,1002,2020-04-01 17:38:47,2973526.78,INGRESO
2923,1,1001,2,1002,2020-04-01 18:35:28,4205553.83,EGRESO
2924,1,1001,2,1002,2020-04-02 03:26:21,7123125.89,EGRESO
2925,1,1001,2,1002,2020-04-02 04:37:13,4138099.37,INGRESO
2926,1,1001,2,1002,2020-04-02 07:46:05,3430392.19,INGRESO
2927,1,1001,2,1002,2020-04-02 12:19:41,2563841.99,EGRESO
2928,1,1001,2,1002,2020-04-02 15:07:52,4890282.03,EGRESO
2929,1,1001,2,1002,2020-04-02 22:45:56,8584367.18,INGRESO
2930,1,1001,2,1002,2020-04-03 12:25:36,239464.63,EGRESO
2931,1,1001,2,1002,2020-04-03 13:19:53,4597563.56,INGRESO
2932,1,1001,2,1002,2020-04-03 17:16:38,3063987.62,EGRESO
2933,1,1001,2,1002,2020-04-03 23:59:39,538900.70,INGRESO
2934,1,1001,2,1002,2020-04-04 07:40:20,1497463.55,EGRESO
2935,1,1001,2,1002,2020-04-04 10:20:44,5180931.53,EGRESO
2936,1,1001,2,1002,2020-04-04 15:50:41,8471530.92,EGRESO
2937,1,1001,2,1002,2020-04-04 19:08:03,1712522.62,INGRESO
2938,1,1001,2,1002,2020-04-04 20:10:30,127699.69,EGRESO
2939,1,1001,2,1002,2020-04-05 01:55:10,1063455.04,INGRESO
2940,1,1001,2,1002,2020-04-05 09:09:34,102458.56,INGRESO
2941,1,1001,2,1002,2020-04-05 12:27:00,3644578.25,EGRESO
2942,1,1001,2,1002,2020-04-05 15:22:43,9005172.27,EGRESO
2943,1,1001,2,1002,2020-04-05 20:10:17,1011432.12,INGRESO
2944,1,1001,2,1002,2020-04-06 10:31:39,6242471.85,EGRESO
2945,1,1001,2,1002,2020-04-06 10:39:48,5412536.75,INGRESO
2946,1,1001,2,1002,2020-04-06 12:55:53,4448855.95,INGRESO
2947,1,1001,2,1002,2020-04-06 14:41:57,4797925.82,INGRESO
2948,1,1001,2,1002,2020-04-06 17:58:34,2092830.61,INGRESO
2949,1,1001,2,1002,2020-04-07 09:53:31,8167316.52,EGRESO
2950,1,1001,2,1002,2020-04-07 12:09:01,7531315.07,INGRESO
2951,1,1001,2,1002,2020-04-07 18:20:27,404666.19,INGRESO
2952,1,1001,2,1002,2020-04-07 18:26:18,6855519.11,INGRESO
2953,1,1001,2,1002,2020-04-08 07:24:37,2108113.17,EGRESO
2954,1,1001,2,1002,2020-04-08 12:33:14,2623175.60,EGRESO
2955,1,1001,2,1002,2020-04-08 17:55:12,3457418.42,EGRESO
2956,1,1001,2,1002,2020-04-08 23:49:54,3909175.14,EGRESO
2957,1,1001,2,1002,2020-04-09 04:17:37,2346862.64,EGRESO
2958,1,1001,2,1002,2020-04-09 07:00:06,3347563.38,EGRESO
2959,1,1001,2,1002,2020-04-09 10:53:39,5034230.80,EGRESO
2960,1,1001,2,1002,2020-04-09 11:32:42,6739467.54,INGRESO
2961,1,1001,2,1002,2020-04-09 12:02:51,4292211.70,EGRESO
2962,1,1001,2,1002,2020-04-10 03:11:18,2696863.92,EGRESO
2963,1,1001,2,1002,2020-04-10 04:38:40,5088989.92,INGRESO
2964,1,1001,2,1002,2020-04-10 21:21:07,5667159.05,EGRESO
2965,1,1001,2,1002,2020-04-10 23:06:47,2010612.28,INGRESO
2966,1,1001,2,1002,2020-04-11 01:27:29,9309070.91,INGRESO
2967,1,1001,2,1002,2020-04-11 14:31:21,8242680.70,EGRESO
2968,1,1001,2,1002,2020-04-11 14:46:59,6184085.85,INGRESO
2969,1,1001,2,1002,2020-04-11 19:51:26,907260.78,INGRESO
2970,1,1001,2,1002,2020-04-11 20:10:52,3038990.41,INGRESO
2971,1,1001,2,1002,2020-04-12 01:48:34,5271662.18,EGRESO
2972,1,1001,2,1002,2020-04-12 10:56:14,3690619.95,INGRESO
2973,1,1001,2,1002,2020-04-12 14:30:29,8398541.58,INGRESO
2974,1,1001,2,1002,2020-04-12 20:54:01,3846738.31,INGRESO
2975,1,1001,2,1002,2020-04-13 00:13:34,9057938.88,EGRESO
2976,1,1001,2,1002,2020-04-13 01:41:21,5985732.37,EGRESO
2977,1,1001,2,1002,2020-04-13 03:57:01,456736.47,INGRESO
2978,1,1001,2,1002,2020-04-13 06:54:55,8308077.95,EGRESO
2979,1,1001,2,1002,2020-04-13 17:17:46,4236309.64,INGRESO
2980,1,1001,2,1002,2020-04-14 02:11:23,213015.65,EGRESO
2981,1,1001,2,1002,2020-04-14 18:14:06,9756032.20,EGRESO
2982,1,1001,2,1002,2020-04-14 19:47:37,6079791.18,EGRESO
2983,1,1001,2,1002,2020-04-14 22:09:41,2965403.80,EGRESO
2984,1,1001,2,1002,2020-04-14 23:57:27,4106470.12,INGRESO
2985,1,1001,2,1002,2020-04-15 05:21:14,1276684.76,EGRESO
2986,1,1001,2,1002,2020-04-15 13:41:28,8353877.94,EGRESO
2987,1,1001,2,1002,2020-04-15 22:16:21,6288863.38,EGRESO
2988,1,1001,2,1002,2020-04-15 22:27:11,299599.24,INGRESO
2989,1,1001,2,1002,2020-04-15 22:49:17,7166287.51,EGRESO
2990,1,1001,2,1002,2020-04-16 01:26:13,8957484.90,INGRESO
2991,1,1001,2,1002,2020-04-16 03:01:19,4900075.28,EGRESO
2992,1,1001,2,1002,2020-04-16 07:44:12,591356.92,INGRESO
2993,1,1001,2,1002,2020-04-16 21:42:39,7437173.43,EGRESO
2994,1,1001,2,1002,2020-04-17 06:19:53,6392623.71,EGRESO
2995,1,1001,2,1002,2020-04-17 16:40:15,936089.10,EGRESO
2996,1,1001,2,1002,2020-04-17 22:45:56,7435993.74,EGRESO
2997,1,1001,2,1002,2020-04-17 23:04:06,2896334.96,INGRESO
2998,1,1001,2,1002,2020-04-18 01:20:46,8323998.03,EGRESO
2999,1,1001,2,1002,2020-04-18 03:39:46,2753849.31,EGRESO
3000,1,1001,2,1002,2020-04-18 03:41:25,8138250.91,INGRESO
3001,1,1001,2,1002,2020-04-18 06:36:03,6667498.06,INGRESO
3002,1,1001,2,1002,2020-04-18 15:20:56,8511718.40,EGRESO
3003,1,1001,2,1002,2020-04-19 00:29:19,1070723.44,INGRESO
3004,1,1001,2,1002,2020-04-19 05:02:59,5336207.77,EGRESO
3005,1,1001,2,1002,2020-04-19 13:25:48,3265063.73,EGRESO
3006,1,1001,2,1002,2020-04-19 23:52:26,5976474.33,INGRESO
3007,1,1001,2,1002,2020-04-20 06:43:39,8343132.79,INGRESO
3008,1,1001,2,1002,2020-04-20 09:23:36,103826.78,EGRESO
3009,1,1001,2,1002,2020-04-20 10:59:49,4122824.87,EGRESO
3010,1,1001,2,1002,2020-04-20 11:15:46,1310820.32,EGRESO
3011,1,1001,2,1002,2020-04-20 15:21:24,6832898.79,EGRESO
3012,1,1001,2,1002,2020-04-20 20:27:55,3304638.20,INGRESO
3013,1,1001,2,1002,2020-04-21 00:44:32,8495272.97,INGRESO
3014,1,1001,2,1002,2020-04-21 01:14:48,1663565.34,INGRESO
3015,1,1001,2,1002,2020-04-21 11:35:43,5243916.04,INGRESO
3016,1,1001,2,1002,2020-04-21 15:40:49,5039975.24,INGRESO
3017,1,1001,2,1002,2020-04-22 01:59:18,7479658.70,INGRESO
3018,1,1001,2,1002,2020-04-22 18:07:23,8596299.78,EGRESO
3019,1,1001,2,1002,2020-04-22 20:37:10,1672010.41,INGRESO
3020,1,1001,2,1002,2020-04-22 21:03:16,6982715.08,EGRESO
3021,1,1001,2,1002,2020-04-22 23:21:57,8258404.53,EGRESO
3022,1,1001,2,1002,2020-04-23 01:26:01,1162944.83,INGRESO
3023,1,1001,2,1002,2020-04-23 04:19:37,7150926.49,INGRESO
3024,1,1001,2,1002,2020-04-23 19:00:39,7318893.78,EGRESO
3025,1,1001,2,1002,2020-04-23 20:39:44,3321848.19,INGRESO
3026,1,1001,2,1002,2020-04-24 00:30:52,1450120.41,INGRESO
3027,1,1001,2,1002,2020-04-24 02:26:50,7815628.84,EGRESO
3028,1,1001,2,1002,2020-04-24 14:05:43,2406475.05,EGRESO
3029,1,1001,2,1002,2020-04-24 14:43:58,1105638.75,INGRESO
3030,1,1001,2,1002,2020-04-24 15:19:50,1342834.00,INGRESO
3031,1,1001,2,1002,2020-04-24 16:15:19,1221418.71,INGRESO
3032,1,1001,2,1002,2020-04-24 20:56:48,1399925.37,EGRESO
3033,1,1001,2,1002,2020-04-25 05:39:14,5471373.24,INGRESO
3034,1,1001,2,1002,2020-04-25 17:18:37,8181525.83,INGRESO
3035,1,1001,2,1002,2020-04-25 21:33:10,2907843.89,INGRESO
3036,1,1001,2,1002,2020-04-25 21:37:18,4534833.66,INGRESO
3037,1,1001,2,1002,2020-04-26 03:01:09,4551208.74,EGRESO
3038,1,1001,2,1002,2020-04-26 03:42:55,449187.98,EGRESO
3039,1,1001,2,1002,2020-04-26 15:00:56,9855549.91,EGRESO
3040,1,1001,2,1002,2020-04-26 19:58:53,5159309.70,EGRESO
3041,1,1001,2,1002,2020-04-27 05:31:32,1737669.45,EGRESO
3042,1,1001,2,1002,2020-04-27 07:43:43,9412364.48,EGRESO
3043,1,1001,2,1002,2020-04-27 17:11:31,2500202.84,INGRESO
3044,1,1001,2,1002,2020-04-27 22:49:28,2080146.81,EGRESO
3045,1,1001,2,1002,2020-04-27 23:27:56,8297862.33,INGRESO
3046,1,1001,2,1002,2020-04-28 00:10:26,3085266.72,EGRESO
3047,1,1001,2,1002,2020-04-28 00:20:22,5078221.78,EGRESO
3048,1,1001,2,1002,2020-04-28 00:33:55,4696393.24,INGRESO
3049,1,1001,2,1002,2020-04-28 03:12:32,3222451.06,EGRESO
3050,1,1001,2,1002,2020-04-28 04:25:47,9248304.46,INGRESO
3051,1,1001,2,1002,2020-04-28 15:32:47,4391024.30,EGRESO
3052,1,1001,2,1002,2020-04-29 00:38:50,5237102.89,INGRESO
3053,1,1001,2,1002,2020-04-29 04:25:05,6827627.06,EGRESO
3054,1,1001,2,1002,2020-04-29 04:41:44,5393162.04,INGRESO
3055,1,1001,2,1002,2020-04-29 07:56:45,651961.53,EGRESO
3056,1,1001,2,1002,2020-04-29 17:11:49,4122547.11,EGRESO
3057,1,1001,2,1002,2020-04-30 08:49:14,3162484.85,INGRESO
3058,1,1001,2,1002,2020-04-30 10:01:43,9938483.88,EGRESO
3059,1,1001,2,1002,2020-04-30 16:24:44,8960316.06,INGRESO
3060,1,1001,2,1002,2020-04-30 20:42:58,6047647.80,EGRESO
3061,1,1001,2,1002,2020-05-01 01:49:31,2290960.66,EGRESO
3062,1,1001,2,1002,2020-05-01 05:16:19,5175683.12,INGRESO
3063,1,1001,2,1002,2020-05-01 06:49:24,2968752.86,EGRESO
3064,1,1001,2,1002,2020-05-01 13:19:15,9810452.03,INGRESO
3065,1,1001,2,1002,2020-05-02 03:04:08,3065284.92,INGRESO
3066,1,1001,2,1002,2020-05-02 10:40:22,6483942.83,EGRESO
3067,1,1001,2,1002,2020-05-02 20:17:51,1334604.04,EGRESO
3068,1,1001,2,1002,2020-05-02 22:53:14,4214420.77,EGRESO
3069,1,1001,2,1002,2020-05-03 01:55:02,7266924.19,EGRESO
3070,1,1001,2,1002,2020-05-03 09:14:58,1927371.69,EGRESO
3071,1,1001,2,1002,2020-05-03 16:46:09,3635778.13,EGRESO
3072,1,1001,2,1002,2020-05-03 18:08:06,7075646.66,EGRESO
3073,1,1001,2,1002,2020-05-04 00:24:54,7691292.58,EGRESO
3074,1,1001,2,1002,2020-05-04 00:32:10,1991486.43,INGRESO
3075,1,1001,2,1002,2020-05-04 01:09:50,664860.98,INGRESO
3076,1,1001,2,1002,2020-05-04 02:12:16,5668662.75,INGRESO
3077,1,1001,2,1002,2020-05-04 23:41:28,7315515.99,EGRESO
3078,1,1001,2,1002,2020-05-05 02:54:03,5080582.13,EGRESO
3079,1,1001,2,1002,2020-05-05 11:19:31,8591066.38,EGRESO
3080,1,1001,2,1002,2020-05-05 14:09:40,4207138.13,EGRESO
3081,1,1001,2,1002,2020-05-05 22:30:31,3643960.75,INGRESO
3082,1,1001,2,1002,2020-05-06 06:02:37,4617918.42,INGRESO
3083,1,1001,2,1002,2020-05-06 11:22:39,7488398.76,EGRESO
3084,1,1001,2,1002,2020-05-06 17:42:24,7421860.69,EGRESO
3085,1,1001,2,1002,2020-05-06 21:50:58,9471572.58,INGRESO
3086,1,1001,2,1002,2020-05-07 02:10:35,4203455.17,INGRESO
3087,1,1001,2,1002,2020-05-07 11:30:55,7256502.83,INGRESO
3088,1,1001,2,1002,2020-05-07 13:22:57,7617930.69,INGRESO
3089,1,1001,2,1002,2020-05-07 20:56:01,2546591.06,EGRESO
3090,1,1001,2,1002,2020-05-07 22:10:16,2797772.01,INGRESO
3091,1,1001,2,1002,2020-05-08 04:14:56,224881.47,INGRESO
3092,1,1001,2,1002,2020-05-08 05:16:33,5235760.14,INGRESO
3093,1,1001,2,1002,2020-05-08 06:03:39,3102125.57,INGRESO
3094,1,1001,2,1002,2020-05-08 15:58:24,7411021.29,INGRESO
3095,1,1001,2,1002,2020-05-08 17:06:17,4111010.36,INGRESO
3096,1,1001,2,1002,2020-05-09 05:58:19,2312752.17,EGRESO
3097,1,1001,2,1002,2020-05-09 13:13:33,4030580.08,EGRESO
3098,1,1001,2,1002,2020-05-09 22:55:36,7270998.91,EGRESO
3099,1,1001,2,1002,2020-05-09 23:28:46,6886351.31,INGRESO
3100,1,1001,2,1002,2020-05-10 09:54:09,1458012.68,INGRESO
3101,1,1001,2,1002,2020-05-10 14:02:39,6472601.82,INGRESO
3102,1,1001,2,1002,2020-05-10 15:13:03,7691105.36,INGRESO
3103,1,1001,2,1002,2020-05-10 16:29:03,1386891.57,INGRESO
3104,1,1001,2,1002,2020-05-10 17:21:56,9221298.06,EGRESO
3105,1,1001,2,1002,2020-05-11 10:11:27,2145947.72,INGRESO
3106,1,1001,2,1002,2020-05-11 10:38:43,6145430.06,EGRESO
3107,1,1001,2,1002,2020-05-11 12:09:23,1039227.23,INGRESO
3108,1,1001,2,1002,2020-05-11 20:38:13,7149288.79,EGRESO
3109,1,1001,2,1002,2020-05-12 02:12:27,4340962.52,INGRESO
3110,1,1001,2,1002,2020-05-12 12:05:21,9934954.32,EGRESO
3111,1,1001,2,1002,2020-05-12 21:50:30,4917536.68,INGRESO
3112,1,1001,2,1002,2020-05-12 22:38:26,1805211.64,EGRESO
3113,1,1001,2,1002,2020-05-12 23:42:00,1444498.51,INGRESO
3114,1,1001,2,1002,2020-05-13 00:33:51,284103.21,INGRESO
3115,1,1001,2,1002,2020-05-13 05:30:07,4310224.82,INGRESO
3116,1,1001,2,1002,2020-05-13 21:53:12,4078980.75,EGRESO
3117,1,1001,2,1002,2020-05-13 22:03:26,2587717.28,EGRESO
3118,1,1001,2,1002,2020-05-14 08:57:38,4826696.82,INGRESO
3119,1,1001,2,1002,2020-05-14 11:14:08,157641.42,EGRESO
3120,1,1001,2,1002,2020-05-14 13:42:51,3665230.74,EGRESO
3121,1,1001,2,1002,2020-05-14 15:36:12,9641291.75,EGRESO
3122,1,1001,2,1002,2020-05-14 21:17:13,3701089.31,INGRESO
3123,1,1001,2,1002,2020-05-15 08:31:57,1405875.80,EGRESO
3124,1,1001,2,1002,2020-05-15 13:41:49,8030464.24,EGRESO
3125,1,1001,2,1002,2020-05-15 14:06:11,8179883.57,INGRESO
3126,1,1001,2,1002,2020-05-15 21:54:36,1927349.71,INGRESO
3127,1,1001,2,1002,2020-05-16 00:03:40,1301573.22,EGRESO
3128,1,1001,2,1002,2020-05-16 10:18:53,2266196.39,INGRESO
3129,1,1001,2,1002,2020-05-16 11:42:23,2199377.72,EGRESO
3130,1,1001,2,1002,2020-05-16 16:25:48,4172810.53,INGRESO
3131,1,1001,2,1002,2020-05-17 05:43:35,6378490.45,INGRESO
3132,1,1001,2,1002,2020-05-17 09:34:37,1843372.48,INGRESO
3133,1,1001,2,1002,2020-05-17 09:45:30,7611682.40,EGRESO
3134,1,1001,2,1002,2020-05-17 15:22:57,9218882.58,INGRESO
3135,1,1001,2,1002,2020-05-18 01:32:23,2050357.93,INGRESO
3136,1,1001,2,1002,2020-05-18 05:07:17,3201625.04,EGRESO
3137,1,1001,2,1002,2020-05-18 05:21:07,3707919.60,INGRESO
3138,1,1001,2,1002,2020-05-18 10:30:17,3680448.41,EGRESO
3139,1,1001,2,1002,2020-05-18 20:49:21,4119642.23,INGRESO
3140,1,1001,2,1002,2020-05-18 21:21:32,7623681.84,EGRESO
3141,1,1001,2,1002,2020-05-19 09:58:13,6458480.72,INGRESO
3142,1,1001,2,1002,2020-05-19 12:37:42,8732422.78,INGRESO
3143,1,1001,2,1002,2020-05-19 18:12:12,3457146.73,INGRESO
3144,1,1001,2,1002,2020-05-19 19:27:45,1571564.98,EGRESO
3145,1,1001,2,1002,2020-05-19 19:56:47,7776459.61,INGRESO
3146,1,1001,2,1002,2020-05-20 03:05:49,1860193.82,EGRESO
3147,1,1001,2,1002,2020-05-20 17:38:58,4218550.14,EGRESO
3148,1,1001,2,1002,2020-05-20 19:39:36,3325737.20,INGRESO
3149,1,1001,2,1002,2020-05-20 20:09:31,2624571.21,INGRESO
3150,1,1001,2,1002,2020-05-21 07:17:50,2850021.64,INGRESO
3151,1,1001,2,1002,2020-05-21 08:31:15,8335142.80,INGRESO
3152,1,1001,2,1002,2020-05-21 11:16:02,8651555.42,INGRESO
3153,1,1001,2,1002,2020-05-21 13:53:55,8336110.41,EGRESO
3154,1,1001,2,1002,2020-05-21 22:05:47,2673591.68,INGRESO
3155,1,1001,2,1002,2020-05-22 02:05:44,5150028.02,INGRESO
3156,1,1001,2,1002,2020-05-22 07:31:17,2117171.51,EGRESO
3157,1,1001,2,1002,2020-05-22 09:16:28,7995129.40,EGRESO
3158,1,1001,2,1002,2020-05-22 14:23:58,1727651.67,EGRESO
3159,1,1001,2,1002,2020-05-22 16:56:30,8722327.88,EGRESO
3160,1,1001,2,1002,2020-05-23 00:20:28,7875743.43,EGRESO
3161,1,1001,2,1002,2020-05-23 14:00:59,5707252.81,EGRESO
3162,1,1001,2,1002,2020-05-23 16:44:16,6921397.02,INGRESO
3163,1,1001,2,1002,2020-05-23 21:20:59,7093215.85,EGRESO
3164,1,1001,2,1002,2020-05-24 03:11:35,2714115.55,INGRESO
3165,1,1001,2,1002,2020-05-24 12:55:44,6481650.88,EGRESO
3166,1,1001,2,1002,2020-05-24 19:31:14,9167613.70,EGRESO
3167,1,1001,2,1002,2020-05-24 19:40:52,6098503.61,INGRESO
3168,1,1001,2,1002,2020-05-25 02:16:49,9585515.49,INGRESO
3169,1,1001,2,1002,2020-05-25 08:28:42,3051640.69,INGRESO
3170,1,1001,2,1002,2020-05-25 14:29:51,5419628.98,INGRESO
3171,1,1001,2,1002,2020-05-25 21:06:08,9858604.32,EGRESO
3172,1,1001,2,1002,2020-05-26 09:26:58,4142208.38,INGRESO
3173,1,1001,2,1002,2020-05-26 11:41:13,7172791.16,EGRESO
3174,1,1001,2,1002,2020-05-26 18:58:13,5931873.95,EGRESO
3175,1,1001,2,1002,2020-05-26 19:00:01,8853284.78,EGRESO
3176,1,1001,2,1002,2020-05-27 07:20:59,1154392.29,EGRESO
3177,1,1001,2,1002,2020-05-27 17:21:07,8276114.06,EGRESO
3178,1,1001,2,1002,2020-05-27 18:25:44,4345276.09,INGRESO
3179,1,1001,2,1002,2020-05-27 21:27:24,6028235.84,INGRESO
3180,1,1001,2,1002,2020-05-28 03:21:23,7133487.89,EGRESO
3181,1,1001,2,1002,2020-05-28 06:53:12,8938174.77,EGRESO
3182,1,1001,2,1002,2020-05-28 07:00:06,3720099.26,INGRESO
3183,1,1001,2,1002,2020-05-28 07:44:38,5657588.04,EGRESO
3184,1,1001,2,1002,2020-05-29 06:34:43,7728406.40,INGRESO
3185,1,1001,2,1002,2020-05-29 10:33:04,5042699.18,EGRESO
3186,1,1001,2,1002,2020-05-29 13:12:36,7226377.53,INGRESO
3187,1,1001,2,1002,2020-05-29 21:02:22,6827731.89,INGRESO
3188,1,1001,2,1002,2020-05-30 05:25:30,5660439.52,INGRESO
3189,1,1001,2,1002,2020-05-30 13:04:00,3173305.52,INGRESO
3190,1,1001,2,1002,2020-05-30 14:39:15,8833474.93,EGRESO
3191,1,1001,2,1002,2020-05-30 18:49:52,565024.84,INGRESO
3192,1,1001,2,1002,2020-05-30 20:33:01,2465041.18,EGRESO
3193,1,1001,2,1002,2020-05-31 01:37:25,6021960.57,INGRESO
3194,1,1001,2,1002,2020-05-31 03:51:49,7176539.74,EGRESO
3195,1,1001,2,1002,2020-05-31 08:58:03,5373568.61,EGRESO
3196,1,1001,2,1002,2020-05-31 13:31:55,6454111.05,EGRESO
3197,1,1001,2,1002,2020-05-31 13:37:06,9412614.75,EGRESO
3198,1,1001,2,1002,2020-05-31 17:57:33,2852750.66,EGRESO
3199,1,1001,2,1002,2020-06-01 02:58:33,2841973.05,EGRESO
3200,1,1001,2,1002,2020-06-01 05:41:07,2555483.69,EGRESO
3201,1,1001,2,1002,2020-06-01 16:52:23,304682.64,EGRESO
3202,1,1001,2,1002,2020-06-01 23:02:14,7008861.15,INGRESO
3203,1,1001,2,1002,2020-06-02 01:06:19,3651010.78,INGRESO
3204,1,1001,2,1002,2020-06-02 10:12:51,926617.14,EGRESO
3205,1,1001,2,1002,2020-06-02 11:29:51,7331378.40,INGRESO
3206,1,1001,2,1002,2020-06-02 12:33:29,6555543.87,INGRESO
3207,1,1001,2,1002,2020-06-02 18:54:46,1129908.26,EGRESO
3208,1,1001,2,1002,2020-06-02 21:44:37,8189354.52,INGRESO
3209,1,1001,2,1002,2020-06-02 22:06:18,7113234.04,EGRESO
3210,1,1001,2,1002,2020-06-03 00:44:56,4749530.92,INGRESO
3211,1,1001,2,1002,2020-06-03 01:13:21,3089739.91,EGRESO
3212,1,1001,2,1002,2020-06-03 03:25:31,908549.14,INGRESO
3213,1,1001,2,1002,2020-06-03 07:27:03,569204.43,EGRESO
3214,1,1001,2,1002,2020-06-04 17:42:22,7217282.75,EGRESO
3215,1,1001,2,1002,2020-06-04 20:35:17,3513856.45,INGRESO
3216,1,1001,2,1002,2020-06-04 20:39:01,2743710.72,INGRESO
3217,1,1001,2,1002,2020-06-04 21:21:41,9902808.56,EGRESO
3218,1,1001,2,1002,2020-06-05 03:32:08,7704884.03,EGRESO
3219,1,1001,2,1002,2020-06-05 07:46:34,9177412.03,EGRESO
3220,1,1001,2,1002,2020-06-05 09:31:28,3407111.79,EGRESO
3221,1,1001,2,1002,2020-06-05 10:11:17,1673966.54,EGRESO
3222,1,1001,2,1002,2020-06-05 15:30:30,5931202.72,EGRESO
3223,1,1001,2,1002,2020-06-05 16:16:11,2613577.77,INGRESO
3224,1,1001,2,1002,2020-06-06 04:45:57,5702863.95,EGRESO
3225,1,1001,2,1002,2020-06-06 09:14:51,3200000.31,INGRESO
3226,1,1001,2,1002,2020-06-06 21:35:41,5987958.55,EGRESO
3227,1,1001,2,1002,2020-06-06 22:09:46,9586179.39,INGRESO
3228,1,1001,2,1002,2020-06-07 01:22:43,2801854.85,EGRESO
3229,1,1001,2,1002,2020-06-07 06:34:49,5209164.31,EGRESO
3230,1,1001,2,1002,2020-06-07 07:19:04,8195778.82,EGRESO
3231,1,1001,2,1002,2020-06-07 12:20:12,2860546.58,INGRESO
3232,1,1001,2,1002,2020-06-07 13:46:11,3387069.04,INGRESO
3233,1,1001,2,1002,2020-06-08 01:00:07,2632939.11,INGRESO
3234,1,1001,2,1002,2020-06-08 01:16:02,9541083.22,EGRESO
3235,1,1001,2,1002,2020-06-08 01:51:24,3146087.46,INGRESO
3236,1,1001,2,1002,2020-06-08 03:02:45,9116483.34,EGRESO
3237,1,1001,2,1002,2020-06-09 02:20:12,5427618.93,INGRESO
3238,1,1001,2,1002,2020-06-09 13:27:28,6135684.23,INGRESO
3239,1,1001,2,1002,2020-06-09 16:41:07,1828279.16,EGRESO
3240,1,1001,2,1002,2020-06-09 17:43:30,256081.47,EGRESO
3241,1,1001,2,1002,2020-06-09 20:17:36,3259880.67,INGRESO
3242,1,1001,2,1002,2020-06-10 03:16:30,5399384.40,INGRESO
3243,1,1001,2,1002,2020-06-10 04:21:57,4915708.13,EGRESO
3244,1,1001,2,1002,2020-06-10 14:28:07,9724791.02,INGRESO
3245,1,1001,2,1002,2020-06-10 21:46:29,9319836.34,EGRESO
3246,1,1001,2,1002,2020-06-10 23:17:45,3677873.65,INGRESO
3247,1,1001,2,1002,2020-06-11 08:29:27,4138025.84,INGRESO
3248,1,1001,2,1002,2020-06-11 09:21:50,1680959.97,INGRESO
3249,1,1001,2,1002,2020-06-11 11:36:14,3183043.42,INGRESO
3250,1,1001,2,1002,2020-06-11 20:33:07,9908640.23,EGRESO
3251,1,1001,2,1002,2020-06-11 23:19:29,3327905.38,EGRESO
3252,1,1001,2,1002,2020-06-12 03:16:08,7934148.06,INGRESO
3253,1,1001,2,1002,2020-06-12 06:39:02,7730009.60,INGRESO
3254,1,1001,2,1002,2020-06-12 14:18:46,5996143.32,EGRESO
3255,1,1001,2,1002,2020-06-12 18:26:28,3272213.61,EGRESO
3256,1,1001,2,1002,2020-06-13 05:48:55,9524965.94,EGRESO
3257,1,1001,2,1002,2020-06-13 08:33:38,3384256.94,EGRESO
3258,1,1001,2,1002,2020-06-13 13:30:16,7303736.43,EGRESO
3259,1,1001,2,1002,2020-06-13 16:19:25,6751257.59,EGRESO
3260,1,1001,2,1002,2020-06-14 01:24:23,703333.71,EGRESO
3261,1,1001,2,1002,2020-06-14 06:16:00,3516599.24,INGRESO
3262,1,1001,2,1002,2020-06-14 08:04:21,5166302.14,INGRESO
3263,1,1001,2,1002,2020-06-14 09:18:56,5533393.55,INGRESO
3264,1,1001,2,1002,2020-06-14 12:48:58,3291361.87,EGRESO
3265,1,1001,2,1002,2020-06-15 01:00:41,2975487.89,EGRESO
3266,1,1001,2,1002,2020-06-15 01:42:45,5323230.38,EGRESO
3267,1,1001,2,1002,2020-06-15 02:09:29,5263556.86,EGRESO
3268,1,1001,2,1002,2020-06-15 09:23:23,115899.13,EGRESO
3269,1,1001,2,1002,2020-06-15 18:41:23,8141019.95,EGRESO
3270,1,1001,2,1002,2020-06-15 20:07:41,956688.77,INGRESO
3271,1,1001,2,1002,2020-06-15 23:32:42,1327186.43,INGRESO
3272,1,1001,2,1002,2020-06-16 02:01:49,2844834.38,INGRESO
3273,1,1001,2,1002,2020-06-16 03:40:45,5455095.06,INGRESO
3274,1,1001,2,1002,2020-06-16 05:16:18,5729942.52,INGRESO
3275,1,1001,2,1002,2020-06-16 17:36:03,2413886.63,EGRESO
3276,1,1001,2,1002,2020-06-17 00:12:37,2904804.81,INGRESO
3277,1,1001,2,1002,2020-06-17 07:14:36,4302138.58,EGRESO
3278,1,1001,2,1002,2020-06-17 10:52:43,6796581.37,INGRESO
3279,1,1001,2,1002,2020-06-17 11:33:59,8834662.00,EGRESO
3280,1,1001,2,1002,2020-06-17 21:28:24,1388829.97,EGRESO
3281,1,1001,2,1002,2020-06-18 03:50:17,3705881.86,INGRESO
3282,1,1001,2,1002,2020-06-18 16:03:59,3645445.67,EGRESO
3283,1,1001,2,1002,2020-06-18 21:32:04,1191175.25,EGRESO
3284,1,1001,2,1002,2020-06-18 23:45:26,6658022.51,EGRESO
3285,1,1001,2,1002,2020-06-19 04:31:11,509017.97,EGRESO
3286,1,1001,2,1002,2020-06-19 09:21:26,3046567.57,EGRESO
3287,1,1001,2,1002,2020-06-19 11:47:36,6802679.97,INGRESO
3288,1,1001,2,1002,2020-06-19 13:31:57,9744926.75,EGRESO
3289,1,1001,2,1002,2020-06-19 14:12:04,7509004.95,INGRESO
3290,1,1001,2,1002,2020-06-19 17:08:18,2154112.75,INGRESO
3291,1,1001,2,1002,2020-06-20 06:08:15,5282728.42,INGRESO
3292,1,1001,2,1002,2020-06-20 13:39:09,8942300.27,INGRESO
3293,1,1001,2,1002,2020-06-20 13:49:20,2489346.52,EGRESO
3294,1,1001,2,1002,2020-06-20 16:04:13,8893330.19,EGRESO
3295,1,1001,2,1002,2020-06-20 17:31:26,3995561.94,INGRESO
3296,1,1001,2,1002,2020-06-21 00:27:33,1652971.15,INGRESO
3297,1,1001,2,1002,2020-06-21 05:12:42,8126426.94,INGRESO
3298,1,1001,2,1002,2020-06-21 07:06:12,8079826.84,INGRESO
3299,1,1001,2,1002,2020-06-21 08:40:55,2852738.79,INGRESO
3300,1,1001,2,1002,2020-06-21 17:02:08,4134295.32,EGRESO
3301,1,1001,2,1002,2020-06-22 01:18:40,7357544.10,EGRESO
3302,1,1001,2,1002,2020-06-22 02:49:55,4341117.73,EGRESO
3303,1,1001,2,1002,2020-06-22 05:42:52,909041.82,EGRESO
3304,1,1001,2,1002,2020-06-22 08:01:48,4597023.05,INGRESO
3305,1,1001,2,1002,2020-06-23 05:05:18,5855628.78,EGRESO
3306,1,1001,2,1002,2020-06-23 13:35:02,4823909.10,EGRESO
3307,1,1001,2,1002,2020-06-23 16:17:01,8524678.99,INGRESO
3308,1,1001,2,1002,2020-06-23 22:31:28,9985475.68,EGRESO
3309,1,1001,2,1002,2020-06-24 00:47:28,3590299.12,INGRESO
3310,1,1001,2,1002,2020-06-24 03:31:52,5541118.23,EGRESO
3311,1,1001,2,1002,2020-06-24 14:01:13,2964901.37,EGRESO
3312,1,1001,2,1002,2020-06-24 22:52:41,9275152.56,INGRESO
3313,1,1001,2,1002,2020-06-25 02:44:10,4323671.37,EGRESO
3314,1,1001,2,1002,2020-06-25 08:30:55,7909768.39,INGRESO
3315,1,1001,2,1002,2020-06-25 11:44:39,1020585.75,INGRESO
3316,1,1001,2,1002,2020-06-25 12:22:15,7650420.17,INGRESO
3317,1,1001,2,1002,2020-06-25 16:28:08,382337.73,EGRESO
3318,1,1001,2,1002,2020-06-26 04:12:33,378057.55,EGRESO
3319,1,1001,2,1002,2020-06-26 13:19:36,214194.49,INGRESO
3320,1,1001,2,1002,2020-06-26 17:23:11,6050471.16,INGRESO
3321,1,1001,2,1002,2020-06-26 22:52:17,1376513.44,EGRESO
3322,1,1001,2,1002,2020-06-27 02:03:55,7060718.20,EGRESO
3323,1,1001,2,1002,2020-06-27 05:11:52,6982170.44,EGRESO
3324,1,1001,2,1002,2020-06-27 06:33:44,1318861.93,EGRESO
3325,1,1001,2,1002,2020-06-27 08:04:12,3347827.42,EGRESO
3326,1,1001,2,1002,2020-06-27 12:05:13,2770709.02,EGRESO
3327,1,1001,2,1002,2020-06-27 16:26:02,7709153.23,EGRESO
3328,1,1001,2,1002,2020-06-28 05:16:07,2393796.97,EGRESO
3329,1,1001,2,1002,2020-06-28 05:26:21,3897062.79,INGRESO
3330,1,1001,2,1002,2020-06-28 09:41:57,788428.90,EGRESO
3331,1,1001,2,1002,2020-06-28 15:58:56,8901103.59,INGRESO
3332,1,1001,2,1002,2020-06-28 20:08:51,866185.77,EGRESO
3333,1,1001,2,1002,2020-06-29 00:55:31,8158665.89,EGRESO
3334,1,1001,2,1002,2020-06-29 05:40:06,3433694.75,INGRESO
3335,1,1001,2,1002,2020-06-29 08:59:02,9218299.18,EGRESO
3336,1,1001,2,1002,2020-06-29 09:52:14,2639455.20,INGRESO
3337,1,1001,2,1002,2020-06-29 14:59:33,2231406.79,INGRESO
3338,1,1001,2,1002,2020-06-29 15:13:42,1792916.83,INGRESO
3339,1,1001,2,1002,2020-06-30 06:06:33,5817980.42,EGRESO
3340,1,1001,2,1002,2020-06-30 10:47:49,6191441.96,EGRESO
3341,1,1001,2,1002,2020-06-30 12:10:44,676409.28,EGRESO
3342,1,1001,2,1002,2020-06-30 20:47:20,6670784.88,EGRESO
3343,1,1001,2,1002,2020-07-01 03:58:38,2536385.69,INGRESO
3344,1,1001,2,1002,2020-07-01 09:29:26,106386.31,INGRESO
3345,1,1001,2,1002,2020-07-01 11:34:49,2330622.75,INGRESO
3346,1,1001,2,1002,2020-07-01 17:52:37,9480585.83,EGRESO
3347,1,1001,2,1002,2020-07-02 04:09:24,8568524.60,INGRESO
3348,1,1001,2,1002,2020-07-02 05:35:02,3214777.67,EGRESO
3349,1,1001,2,1002,2020-07-02 16:36:33,9476108.97,EGRESO
3350,1,1001,2,1002,2020-07-02 17:33:53,9696811.39,EGRESO
3351,1,1001,2,1002,2020-07-03 02:04:11,5064442.85,EGRESO
3352,1,1001,2,1002,2020-07-03 07:41:16,1239814.88,EGRESO
3353,1,1001,2,1002,2020-07-03 18:41:39,7972595.29,EGRESO
3354,1,1001,2,1002,2020-07-03 22:58:26,5106076.89,INGRESO
3355,1,1001,2,1002,2020-07-04 04:20:22,2163618.12,INGRESO
3356,1,1001,2,1002,2020-07-04 09:23:09,693244.31,EGRESO
3357,1,1001,2,1002,2020-07-04 10:25:17,9975803.31,EGRESO
3358,1,1001,2,1002,2020-07-04 17:23:01,5039235.42,EGRESO
3359,1,1001,2,1002,2020-07-04 20:23:12,4946198.04,INGRESO
3360,1,1001,2,1002,2020-07-05 07:20:26,3635081.71,EGRESO
3361,1,1001,2,1002,2020-07-05 08:41:23,1327241.81,EGRESO
3362,1,1001,2,1002,2020-07-05 09:31:18,2415890.12,INGRESO
3363,1,1001,2,1002,2020-07-05 13:15:46,4270259.85,INGRESO
3364,1,1001,2,1002,2020-07-05 15:43:50,9321984.66,INGRESO
3365,1,1001,2,1002,2020-07-06 03:33:08,2174690.81,INGRESO
3366,1,1001,2,1002,2020-07-06 08:40:14,8063316.02,INGRESO
3367,1,1001,2,1002,2020-07-06 10:32:15,9722845.77,INGRESO
3368,1,1001,2,1002,2020-07-06 14:12:17,5086040.11,EGRESO
3369,1,1001,2,1002,2020-07-07 02:05:34,7415697.43,EGRESO
3370,1,1001,2,1002,2020-07-07 05:54:19,2762630.08,INGRESO
3371,1,1001,2,1002,2020-07-07 10:41:12,5276738.20,EGRESO
3372,1,1001,2,1002,2020-07-07 15:07:58,2212066.32,INGRESO
3373,1,1001,2,1002,2020-07-08 00:35:00,7420049.90,EGRESO
3374,1,1001,2,1002,2020-07-08 05:15:20,4348883.11,INGRESO
3375,1,1001,2,1002,2020-07-08 16:05:48,8275107.20,EGRESO
3376,1,1001,2,1002,2020-07-08 23:17:41,8080867.29,INGRESO
3377,1,1001,2,1002,2020-07-09 05:06:08,2019914.88,EGRESO
3378,1,1001,2,1002,2020-07-09 12:24:43,9352497.51,INGRESO
3379,1,1001,2,1002,2020-07-09 16:07:45,8578048.83,INGRESO
3380,1,1001,2,1002,2020-07-09 18:29:17,7499527.34,EGRESO
3381,1,1001,2,1002,2020-07-09 18:35:49,3387765.89,EGRESO
3382,1,1001,2,1002,2020-07-10 00:04:12,4328300.05,EGRESO
3383,1,1001,2,1002,2020-07-10 06:45:55,2985378.19,INGRESO
3384,1,1001,2,1002,2020-07-10 10:25:38,7963510.12,INGRESO
3385,1,1001,2,1002,2020-07-10 13:06:38,7659334.95,EGRESO
3386,1,1001,2,1002,2020-07-10 19:10:20,9855435.17,EGRESO
3387,1,1001,2,1002,2020-07-11 01:28:34,4414392.34,EGRESO
3388,1,1001,2,1002,2020-07-11 07:56:48,1369082.32,INGRESO
3389,1,1001,2,1002,2020-07-11 14:53:20,9652094.90,EGRESO
3390,1,1001,2,1002,2020-07-11 15:50:49,3949564.39,INGRESO
3391,1,1001,2,1002,2020-07-12 05:01:37,9432521.74,EGRESO
3392,1,1001,2,1002,2020-07-12 06:34:42,3837810.97,EGRESO
3393,1,1001,2,1002,2020-07-12 10:04:46,8966035.43,EGRESO
3394,1,1001,2,1002,2020-07-12 20:48:06,4277887.92,EGRESO
3395,1,1001,2,1002,2020-07-13 06:23:39,1541062.70,EGRESO
3396,1,1001,2,1002,2020-07-13 06:33:29,9349382.06,INGRESO
3397,1,1001,2,1002,2020-07-13 08:23:21,2772609.80,EGRESO
3398,1,1001,2,1002,2020-07-13 18:59:34,7589371.44,EGRESO
3399,1,1001,2,1002,2020-07-14 02:53:09,5959494.31,INGRESO
3400,1,1001,2,1002,2020-07-14 03:10:58,1315503.37,EGRESO
3401,1,1001,2,1002,2020-07-14 07:09:43,3545177.49,INGRESO
3402,1,1001,2,1002,2020-07-14 21:52:08,6245139.77,EGRESO
3403,1,1001,2,1002,2020-07-14 22:09:24,1215026.78,EGRESO
3404,1,1001,2,1002,2020-07-15 06:22:59,1524941.81,INGRESO
3405,1,1001,2,1002,2020-07-15 07:30:05,8367904.73,EGRESO
3406,1,1001,2,1002,2020-07-15 09:58:19,6530715.78,INGRESO
3407,1,1001,2,1002,2020-07-15 18:02:23,6338316.16,INGRESO
3408,1,1001,2,1002,2020-07-16 04:59:22,7636034.86,EGRESO
3409,1,1001,2,1002,2020-07-16 06:59:49,5971738.49,EGRESO
3410,1,1001,2,1002,2020-07-16 07:21:54,6522708.76,INGRESO
3411,1,1001,2,1002,2020-07-16 11:12:55,4644559.65,EGRESO
3412,1,1001,2,1002,2020-07-16 21:13:26,6904432.28,EGRESO
3413,1,1001,2,1002,2020-07-16 22:17:52,2314338.72,EGRESO
3414,1,1001,2,1002,2020-07-16 22:52:51,6846246.84,EGRESO
3415,1,1001,2,1002,2020-07-17 00:21:55,9881064.78,EGRESO
3416,1,1001,2,1002,2020-07-17 02:00:57,6053095.14,EGRESO
3417,1,1001,2,1002,2020-07-17 02:23:30,7210799.54,EGRESO
3418,1,1001,2,1002,2020-07-17 14:51:33,8786605.52,INGRESO
3419,1,1001,2,1002,2020-07-17 18:52:35,2252829.30,INGRESO
3420,1,1001,2,1002,2020-07-17 18:55:00,4620780.40,INGRESO
3421,1,1001,2,1002,2020-07-18 10:15:30,6404060.30,INGRESO
3422,1,1001,2,1002,2020-07-18 12:12:17,9903467.34,INGRESO
3423,1,1001,2,1002,2020-07-18 12:39:26,1732340.06,EGRESO
3424,1,1001,2,1002,2020-07-18 23:16:18,2595296.99,INGRESO
3425,1,1001,2,1002,2020-07-19 00:33:44,7828208.32,EGRESO
3426,1,1001,2,1002,2020-07-19 03:17:19,3282326.49,INGRESO
3427,1,1001,2,1002,2020-07-19 14:54:36,4484794.86,EGRESO
3428,1,1001,2,1002,2020-07-19 17:21:10,8068830.61,INGRESO
3429,1,1001,2,1002,2020-07-19 17:57:00,5920179.45,EGRESO
3430,1,1001,2,1002,2020-07-20 04:51:09,9142209.56,EGRESO
3431,1,1001,2,1002,2020-07-20 06:46:26,4241571.07,EGRESO
3432,1,1001,2,1002,2020-07-20 09:02:30,6692349.08,EGRESO
3433,1,1001,2,1002,2020-07-20 09:41:39,4845434.47,EGRESO
3434,1,1001,2,1002,2020-07-20 20:30:10,4045063.60,EGRESO
3435,1,1001,2,1002,2020-07-21 01:20:06,1162451.57,EGRESO
3436,1,1001,2,1002,2020-07-21 05:57:08,3959979.97,INGRESO
3437,1,1001,2,1002,2020-07-21 13:21:56,788322.98,EGRESO
3438,1,1001,2,1002,2020-07-21 13:30:49,4770149.79,EGRESO
3439,1,1001,2,1002,2020-07-21 20:55:55,7807498.57,INGRESO
3440,1,1001,2,1002,2020-07-22 00:10:08,2262636.82,EGRESO
3441,1,1001,2,1002,2020-07-22 12:58:02,3607959.00,EGRESO
3442,1,1001,2,1002,2020-07-22 16:13:47,3428384.15,INGRESO
3443,1,1001,2,1002,2020-07-22 18:55:34,654818.89,EGRESO
3444,1,1001,2,1002,2020-07-22 21:39:34,8632709.00,EGRESO
3445,1,1001,2,1002,2020-07-23 02:35:50,3999120.86,EGRESO
3446,1,1001,2,1002,2020-07-23 04:23:49,4596634.97,INGRESO
3447,1,1001,2,1002,2020-07-23 12:59:15,5368856.56,EGRESO
3448,1,1001,2,1002,2020-07-23 18:46:24,9906590.39,EGRESO
3449,1,1001,2,1002,2020-07-24 08:54:36,9033727.59,EGRESO
3450,1,1001,2,1002,2020-07-24 11:41:11,3438499.56,EGRESO
3451,1,1001,2,1002,2020-07-24 13:53:09,8100806.67,INGRESO
3452,1,1001,2,1002,2020-07-24 20:58:58,8037501.00,INGRESO
3453,1,1001,2,1002,2020-07-25 02:13:42,3932891.40,EGRESO
3454,1,1001,2,1002,2020-07-25 03:55:14,537980.88,INGRESO
3455,1,1001,2,1002,2020-07-25 10:36:52,981415.36,EGRESO
3456,1,1001,2,1002,2020-07-25 16:15:15,5154569.35,EGRESO
3457,1,1001,2,1002,2020-07-25 18:00:54,7441352.56,INGRESO
3458,1,1001,2,1002,2020-07-25 18:41:21,1385827.83,INGRESO
3459,1,1001,2,1002,2020-07-26 00:45:11,3854914.26,EGRESO
3460,1,1001,2,1002,2020-07-26 00:56:00,5207752.42,INGRESO
3461,1,1001,2,1002,2020-07-26 04:53:32,3684580.83,EGRESO
3462,1,1001,2,1002,2020-07-26 19:18:55,2727611.34,INGRESO
3463,1,1001,2,1002,2020-07-26 19:33:49,3041287.08,EGRESO
3464,1,1001,2,1002,2020-07-27 03:13:31,3789749.52,INGRESO
3465,1,1001,2,1002,2020-07-27 08:08:40,8112505.19,INGRESO
3466,1,1001,2,1002,2020-07-27 08:52:00,9572779.72,EGRESO
3467,1,1001,2,1002,2020-07-27 22:32:23,3295258.25,INGRESO
3468,1,1001,2,1002,2020-07-28 03:44:17,6418095.49,INGRESO
3469,1,1001,2,1002,2020-07-28 06:06:44,65275.26,INGRESO
3470,1,1001,2,1002,2020-07-28 06:38:26,5442889.84,INGRESO
3471,1,1001,2,1002,2020-07-28 11:21:23,8363034.30,EGRESO
3472,1,1001,2,1002,2020-07-29 00:42:29,3430272.35,INGRESO
3473,1,1001,2,1002,2020-07-29 01:05:41,8741896.11,INGRESO
3474,1,1001,2,1002,2020-07-29 03:30:44,878666.15,EGRESO
3475,1,1001,2,1002,2020-07-29 09:07:08,9898334.56,INGRESO
3476,1,1001,2,1002,2020-07-29 20:13:12,9894744.74,EGRESO
3477,1,1001,2,1002,2020-07-30 00:38:38,7875459.96,INGRESO
3478,1,1001,2,1002,2020-07-30 07:06:10,504040.72,EGRESO
3479,1,1001,2,1002,2020-07-30 09:31:04,184586.04,EGRESO
3480,1,1001,2,1002,2020-07-30 20:59:20,2336239.83,EGRESO
3481,1,1001,2,1002,2020-07-30 21:49:24,1383093.14,EGRESO
3482,1,1001,2,1002,2020-07-30 23:11:11,4510307.83,EGRESO
3483,1,1001,2,1002,2020-07-31 03:44:42,3850495.56,INGRESO
3484,1,1001,2,1002,2020-07-31 08:40:43,6615565.39,EGRESO
3485,1,1001,2,1002,2020-07-31 16:10:23,7283608.64,EGRESO
3486,1,1001,2,1002,2020-07-31 16:53:29,1405557.51,INGRESO
3487,1,1001,2,1002,2020-07-31 19:02:19,5004777.43,INGRESO
3488,1,1001,2,1002,2020-08-01 01:38:40,2851079.53,INGRESO
3489,1,1001,2,1002,2020-08-01 03:25:08,856760.48,INGRESO
3490,1,1001,2,1002,2020-08-01 06:30:58,8623509.72,EGRESO
3491,1,1001,2,1002,2020-08-01 12:46:06,6564585.56,EGRESO
3492,1,1001,2,1002,2020-08-02 04:28:48,8167564.94,EGRESO
3493,1,1001,2,1002,2020-08-02 09:56:24,3324714.84,EGRESO
3494,1,1001,2,1002,2020-08-02 16:55:28,1091367.14,INGRESO
3495,1,1001,2,1002,2020-08-02 17:58:16,8028872.13,INGRESO
3496,1,1001,2,1002,2020-08-03 04:00:23,3847071.51,EGRESO
3497,1,1001,2,1002,2020-08-03 04:25:30,1885853.66,EGRESO
3498,1,1001,2,1002,2020-08-03 04:26:35,51547.63,INGRESO
3499,1,1001,2,1002,2020-08-03 10:10:50,7792841.05,INGRESO
3500,1,1001,2,1002,2020-08-03 18:13:55,4553046.09,EGRESO
3501,1,1001,2,1002,2020-08-03 21:19:55,3514177.82,EGRESO
3502,1,1001,2,1002,2020-08-04 04:59:10,8838804.07,EGRESO
3503,1,1001,2,1002,2020-08-04 14:46:09,9731542.94,INGRESO
3504,1,1001,2,1002,2020-08-04 19:43:08,5164203.29,EGRESO
3505,1,1001,2,1002,2020-08-04 21:32:49,3228586.63,EGRESO
3506,1,1001,2,1002,2020-08-05 05:21:36,2655537.69,INGRESO
3507,1,1001,2,1002,2020-08-05 08:15:57,4961796.23,EGRESO
3508,1,1001,2,1002,2020-08-05 08:16:50,2411838.37,INGRESO
3509,1,1001,2,1002,2020-08-05 20:51:23,8532478.44,INGRESO
3510,1,1001,2,1002,2020-08-06 00:40:25,9077707.27,INGRESO
3511,1,1001,2,1002,2020-08-06 05:58:58,8788337.11,INGRESO
3512,1,1001,2,1002,2020-08-06 14:26:24,362757.26,INGRESO
3513,1,1001,2,1002,2020-08-06 16:49:22,3406745.11,EGRESO
3514,1,1001,2,1002,2020-08-06 23:07:09,6074196.39,EGRESO
3515,1,1001,2,1002,2020-08-07 14:09:13,6037830.97,INGRESO
3516,1,1001,2,1002,2020-08-07 15:18:33,9014512.29,EGRESO
3517,1,1001,2,1002,2020-08-07 21:44:15,7895327.32,INGRESO
3518,1,1001,2,1002,2020-08-07 21:56:48,1740716.43,INGRESO
3519,1,1001,2,1002,2020-08-08 01:19:05,5091923.35,INGRESO
3520,1,1001,2,1002,2020-08-08 01:53:31,561684.77,INGRESO
3521,1,1001,2,1002,2020-08-08 14:24:16,1021417.30,INGRESO
3522,1,1001,2,1002,2020-08-08 19:08:13,2670380.71,INGRESO
3523,1,1001,2,1002,2020-08-09 08:45:06,6725166.47,INGRESO
3524,1,1001,2,1002,2020-08-09 12:11:59,6202307.27,EGRESO
3525,1,1001,2,1002,2020-08-09 12:19:34,8725685.56,INGRESO
3526,1,1001,2,1002,2020-08-09 13:13:32,9462215.39,INGRESO
3527,1,1001,2,1002,2020-08-09 14:35:21,2189308.92,EGRESO
3528,1,1001,2,1002,2020-08-10 01:56:59,6793952.23,INGRESO
3529,1,1001,2,1002,2020-08-10 11:40:25,6632979.12,INGRESO
3530,1,1001,2,1002,2020-08-10 11:49:42,9172969.29,EGRESO
3531,1,1001,2,1002,2020-08-10 14:35:06,7553057.42,INGRESO
3532,1,1001,2,1002,2020-08-10 15:51:32,7339875.72,INGRESO
3533,1,1001,2,1002,2020-08-10 18:50:13,4685218.77,INGRESO
3534,1,1001,2,1002,2020-08-10 20:25:41,2267454.09,EGRESO
3535,1,1001,2,1002,2020-08-10 20:33:00,738867.41,INGRESO
3536,1,1001,2,1002,2020-08-11 05:20:18,8617926.70,INGRESO
3537,1,1001,2,1002,2020-08-11 09:04:34,1472631.89,EGRESO
3538,1,1001,2,1002,2020-08-11 12:52:03,9144293.35,EGRESO
3539,1,1001,2,1002,2020-08-11 15:22:10,2919039.70,EGRESO
3540,1,1001,2,1002,2020-08-12 00:25:14,5799875.77,INGRESO
3541,1,1001,2,1002,2020-08-12 03:58:10,2296855.82,EGRESO
3542,1,1001,2,1002,2020-08-12 13:16:06,2352411.78,EGRESO
3543,1,1001,2,1002,2020-08-12 23:02:07,8511742.03,INGRESO
3544,1,1001,2,1002,2020-08-13 02:31:18,2151860.29,INGRESO
3545,1,1001,2,1002,2020-08-13 06:49:35,6828077.48,EGRESO
3546,1,1001,2,1002,2020-08-13 11:48:33,2143369.15,INGRESO
3547,1,1001,2,1002,2020-08-13 19:19:32,950067.84,EGRESO
3548,1,1001,2,1002,2020-08-14 00:45:29,2946892.15,INGRESO
3549,1,1001,2,1002,2020-08-14 05:04:32,9847317.11,INGRESO
3550,1,1001,2,1002,2020-08-14 07:18:37,1196784.93,INGRESO
3551,1,1001,2,1002,2020-08-14 08:12:33,1381743.51,INGRESO
3552,1,1001,2,1002,2020-08-14 15:45:59,5846921.03,EGRESO
3553,1,1001,2,1002,2020-08-14 18:22:41,5754044.48,INGRESO
3554,1,1001,2,1002,2020-08-15 14:27:22,9657640.57,EGRESO
3555,1,1001,2,1002,2020-08-15 15:19:05,3702617.31,INGRESO
3556,1,1001,2,1002,2020-08-15 16:31:11,9565334.06,INGRESO
3557,1,1001,2,1002,2020-08-15 23:03:16,2734788.25,INGRESO
3558,1,1001,2,1002,2020-08-16 01:15:05,9799275.11,INGRESO
3559,1,1001,2,1002,2020-08-16 01:27:57,2925575.82,EGRESO
3560,1,1001,2,1002,2020-08-16 01:42:09,5344536.94,EGRESO
3561,1,1001,2,1002,2020-08-16 23:21:32,1335899.30,EGRESO
3562,1,1001,2,1002,2020-08-17 09:40:35,5997746.83,INGRESO
3563,1,1001,2,1002,2020-08-17 09:57:19,3359454.40,EGRESO
3564,1,1001,2,1002,2020-08-17 22:36:26,4589950.22,EGRESO
3565,1,1001,2,1002,2020-08-17 22:41:59,8314633.34,INGRESO
3566,1,1001,2,1002,2020-08-17 22:52:25,4895028.29,INGRESO
3567,1,1001,2,1002,2020-08-18 01:18:09,625329.64,EGRESO
3568,1,1001,2,1002,2020-08-18 03:39:33,4899538.99,EGRESO
3569,1,1001,2,1002,2020-08-18 19:44:34,3859910.25,INGRESO
3570,1,1001,2,1002,2020-08-18 22:37:09,157175.81,INGRESO
3571,1,1001,2,1002,2020-08-19 00:29:51,7973142.43,INGRESO
3572,1,1001,2,1002,2020-08-19 04:25:51,7008253.59,EGRESO
3573,1,1001,2,1002,2020-08-19 09:07:24,9955862.00,INGRESO
3574,1,1001,2,1002,2020-08-19 15:47:24,9981839.01,INGRESO
3575,1,1001,2,1002,2020-08-19 18:56:37,3629478.94,EGRESO
3576,1,1001,2,1002,2020-08-20 01:26:06,2750461.73,EGRESO
3577,1,1001,2,1002,2020-08-20 04:06:56,673271.03,INGRESO
3578,1,1001,2,1002,2020-08-20 08:36:58,4302069.18,INGRESO
3579,1,1001,2,1002,2020-08-20 10:28:06,5051606.80,INGRESO
3580,1,1001,2,1002,2020-08-20 11:07:10,3492157.77,EGRESO
3581,1,1001,2,1002,2020-08-21 04:22:58,1079498.11,EGRESO
3582,1,1001,2,1002,2020-08-21 06:04:46,5767172.59,INGRESO
3583,1,1001,2,1002,2020-08-21 12:39:14,842266.85,EGRESO
3584,1,1001,2,1002,2020-08-21 23:34:31,8406477.31,INGRESO
3585,1,1001,2,1002,2020-08-22 02:11:48,6023690.77,EGRESO
3586,1,1001,2,1002,2020-08-22 09:46:21,828053.68,INGRESO
3587,1,1001,2,1002,2020-08-22 18:42:22,9197779.53,EGRESO
3588,1,1001,2,1002,2020-08-22 21:38:14,5304384.96,INGRESO
3589,1,1001,2,1002,2020-08-23 03:04:32,3544813.39,INGRESO
3590,1,1001,2,1002,2020-08-23 05:24:12,9484224.21,INGRESO
3591,1,1001,2,1002,2020-08-23 16:58:54,1451999.82,INGRESO
3592,1,1001,2,1002,2020-08-23 19:26:10,8062366.58,EGRESO
3593,1,1001,2,1002,2020-08-23 21:29:25,2452766.65,INGRESO
3594,1,1001,2,1002,2020-08-24 04:30:42,3332254.15,EGRESO
3595,1,1001,2,1002,2020-08-24 04:46:58,6856410.87,INGRESO
3596,1,1001,2,1002,2020-08-24 16:01:08,878157.24,INGRESO
3597,1,1001,2,1002,2020-08-24 18:37:40,8895614.74,EGRESO
3598,1,1001,2,1002,2020-08-25 09:58:48,1834548.39,EGRESO
3599,1,1001,2,1002,2020-08-25 10:29:48,5219847.86,EGRESO
3600,1,1001,2,1002,2020-08-25 10:41:22,908349.92,INGRESO
3601,1,1001,2,1002,2020-08-25 14:48:06,4502832.91,EGRESO
3602,1,1001,2,1002,2020-08-25 21:01:13,5519835.13,EGRESO
3603,1,1001,2,1002,2020-08-26 03:11:54,7656587.31,INGRESO
3604,1,1001,2,1002,2020-08-26 08:51:43,9546467.72,EGRESO
3605,1,1001,2,1002,2020-08-26 10:27:19,8071196.92,INGRESO
3606,1,1001,2,1002,2020-08-26 19:53:26,1983883.53,EGRESO
3607,1,1001,2,1002,2020-08-27 08:04:07,9285105.25,INGRESO
3608,1,1001,2,1002,2020-08-27 16:32:05,6577103.37,INGRESO
3609,1,1001,2,1002,2020-08-27 20:45:34,5401072.40,EGRESO
3610,1,1001,2,1002,2020-08-27 22:12:27,7610896.95,INGRESO
3611,1,1001,2,1002,2020-08-27 23:40:43,6174656.92,INGRESO
3612,1,1001,2,1002,2020-08-28 07:19:30,6190008.30,INGRESO
3613,1,1001,2,1002,2020-08-28 13:21:19,7048150.82,EGRESO
3614,1,1001,2,1002,2020-08-28 14:04:39,6125310.74,INGRESO
3615,1,1001,2,1002,2020-08-28 19:58:22,7461213.26,INGRESO
3616,1,1001,2,1002,2020-08-29 11:03:26,399523.44,INGRESO
3617,1,1001,2,1002,2020-08-29 16:46:48,903848.18,EGRESO
3618,1,1001,2,1002,2020-08-29 17:23:53,410424.92,EGRESO
3619,1,1001,2,1002,2020-08-29 19:57:11,2316898.94,EGRESO
3620,1,1001,2,1002,2020-08-29 22:18:40,7554856.21,INGRESO
3621,1,1001,2,1002,2020-08-30 01:07:38,825049.25,INGRESO
3622,1,1001,2,1002,2020-08-30 08:49:12,4426866.04,EGRESO
3623,1,1001,2,1002,2020-08-30 11:18:18,2508409.99,INGRESO
3624,1,1001,2,1002,2020-08-30 12:08:54,4116209.02,INGRESO
3625,1,1001,2,1002,2020-08-30 17:04:28,5871004.91,EGRESO
3626,1,1001,2,1002,2020-08-31 06:52:26,1398356.85,INGRESO
3627,1,1001,2,1002,2020-08-31 08:04:03,5562021.98,INGRESO
3628,1,1001,2,1002,2020-08-31 18:39:27,3786483.91,INGRESO
3629,1,1001,2,1002,2020-08-31 19:52:34,8918363.13,EGRESO
3630,1,1001,2,1002,2020-09-01 00:25:56,4207164.85,INGRESO
3631,1,1001,2,1002,2020-09-01 12:50:22,8575542.15,INGRESO
3632,1,1001,2,1002,2020-09-01 13:57:03,5670788.93,INGRESO
3633,1,1001,2,1002,2020-09-01 14:26:04,6015086.71,INGRESO
3634,1,1001,2,1002,2020-09-01 21:19:26,7256514.99,INGRESO
3635,1,1001,2,1002,2020-09-02 05:54:32,7550713.73,EGRESO
3636,1,1001,2,1002,2020-09-02 08:41:06,1937723.88,EGRESO
3637,1,1001,2,1002,2020-09-02 11:47:41,4831006.33,EGRESO
3638,1,1001,2,1002,2020-09-02 20:16:01,9698922.66,INGRESO
3639,1,1001,2,1002,2020-09-03 07:52:10,1611651.86,EGRESO
3640,1,1001,2,1002,2020-09-03 09:49:39,6573345.00,INGRESO
3641,1,1001,2,1002,2020-09-03 10:22:11,2999586.13,EGRESO
3642,1,1001,2,1002,2020-09-03 11:51:01,8840285.44,INGRESO
3643,1,1001,2,1002,2020-09-03 17:53:29,8397224.48,INGRESO
3644,1,1001,2,1002,2020-09-04 00:47:35,7616246.62,EGRESO
3645,1,1001,2,1002,2020-09-04 02:04:18,9769195.66,EGRESO
3646,1,1001,2,1002,2020-09-04 05:46:23,420665.01,EGRESO
3647,1,1001,2,1002,2020-09-04 10:45:32,606513.61,INGRESO
3648,1,1001,2,1002,2020-09-05 02:25:55,4791750.07,EGRESO
3649,1,1001,2,1002,2020-09-05 12:40:12,1962058.88,EGRESO
3650,1,1001,2,1002,2020-09-05 16:01:09,7620469.57,EGRESO
3651,1,1001,2,1002,2020-09-05 20:03:57,1253408.30,EGRESO
3652,1,1001,2,1002,2020-09-05 22:03:39,2342079.73,EGRESO
3653,1,1001,2,1002,2020-09-05 23:56:48,670570.12,EGRESO
3654,1,1001,2,1002,2020-09-06 02:15:28,9355951.91,EGRESO
3655,1,1001,2,1002,2020-09-06 12:53:34,5517694.55,INGRESO
3656,1,1001,2,1002,2020-09-06 14:07:21,2345651.78,EGRESO
3657,1,1001,2,1002,2020-09-06 16:00:58,9142441.38,INGRESO
3658,1,1001,2,1002,2020-09-06 18:49:23,5151513.31,EGRESO
3659,1,1001,2,1002,2020-09-07 03:58:38,3808203.79,INGRESO
3660,1,1001,2,1002,2020-09-07 05:37:33,278315.39,INGRESO
3661,1,1001,2,1002,2020-09-07 08:11:53,3491532.80,INGRESO
3662,1,1001,2,1002,2020-09-07 18:57:59,8930211.45,EGRESO
3663,1,1001,2,1002,2020-09-08 05:06:32,595658.31,INGRESO
3664,1,1001,2,1002,2020-09-08 12:16:13,2836299.36,INGRESO
3665,1,1001,2,1002,2020-09-08 12:49:56,1345314.78,EGRESO
3666,1,1001,2,1002,2020-09-08 15:10:24,1640175.82,EGRESO
3667,1,1001,2,1002,2020-09-09 03:27:38,2791881.86,INGRESO
3668,1,1001,2,1002,2020-09-09 07:22:21,6435716.84,EGRESO
3669,1,1001,2,1002,2020-09-09 10:04:33,1398913.67,INGRESO
3670,1,1001,2,1002,2020-09-09 18:51:04,2537808.13,INGRESO
3671,1,1001,2,1002,2020-09-09 22:14:13,2559503.37,INGRESO
3672,1,1001,2,1002,2020-09-09 22:26:19,3171876.13,EGRESO
3673,1,1001,2,1002,2020-09-10 04:38:01,9153073.11,INGRESO
3674,1,1001,2,1002,2020-09-10 09:46:56,7239649.63,EGRESO
3675,1,1001,2,1002,2020-09-10 15:02:17,3075237.85,INGRESO
3676,1,1001,2,1002,2020-09-10 17:18:10,4133137.60,EGRESO
3677,1,1001,2,1002,2020-09-10 22:57:42,8095772.36,EGRESO
3678,1,1001,2,1002,2020-09-10 23:00:55,2106083.27,INGRESO
3679,1,1001,2,1002,2020-09-11 00:09:26,6408526.65,INGRESO
3680,1,1001,2,1002,2020-09-11 03:45:47,498325.95,INGRESO
3681,1,1001,2,1002,2020-09-11 04:16:34,3323058.25,INGRESO
3682,1,1001,2,1002,2020-09-11 14:56:34,278540.16,INGRESO
3683,1,1001,2,1002,2020-09-11 20:01:22,4087791.12,EGRESO
3684,1,1001,2,1002,2020-09-11 21:19:46,137521.04,INGRESO
3685,1,1001,2,1002,2020-09-12 05:26:52,6549520.47,INGRESO
3686,1,1001,2,1002,2020-09-12 14:28:20,5827386.64,INGRESO
3687,1,1001,2,1002,2020-09-12 18:07:38,5430972.64,EGRESO
3688,1,1001,2,1002,2020-09-12 20:49:27,566176.81,INGRESO
3689,1,1001,2,1002,2020-09-13 04:02:32,1917157.76,EGRESO
3690,1,1001,2,1002,2020-09-13 10:10:09,4808607.46,INGRESO
3691,1,1001,2,1002,2020-09-13 15:12:56,3324605.59,INGRESO
3692,1,1001,2,1002,2020-09-13 22:06:44,3361942.82,INGRESO
3693,1,1001,2,1002,2020-09-13 22:37:28,2560274.30,INGRESO
3694,1,1001,2,1002,2020-09-14 10:29:16,2834203.05,EGRESO
3695,1,1001,2,1002,2020-09-14 10:39:53,6048065.87,INGRESO
3696,1,1001,2,1002,2020-09-14 12:50:18,8281771.78,INGRESO
3697,1,1001,2,1002,2020-09-14 13:49:09,7053227.81,INGRESO
3698,1,1001,2,1002,2020-09-14 16:28:01,5761924.87,INGRESO
3699,1,1001,2,1002,2020-09-14 16:40:18,2338202.76,EGRESO
3700,1,1001,2,1002,2020-09-15 12:51:02,7432426.17,EGRESO
3701,1,1001,2,1002,2020-09-15 14:13:27,5662513.03,EGRESO
3702,1,1001,2,1002,2020-09-15 19:09:19,6742922.08,EGRESO
3703,1,1001,2,1002,2020-09-15 20:13:11,2123474.18,EGRESO
3704,1,1001,2,1002,2020-09-16 00:14:46,3014879.38,INGRESO
3705,1,1001,2,1002,2020-09-16 11:43:24,2217026.43,EGRESO
3706,1,1001,2,1002,2020-09-16 13:59:57,8026770.11,INGRESO
3707,1,1001,2,1002,2020-09-16 18:11:16,1406710.53,INGRESO
3708,1,1001,2,1002,2020-09-16 21:40:42,8225054.26,INGRESO
3709,1,1001,2,1002,2020-09-16 23:36:01,6656653.62,EGRESO
3710,1,1001,2,1002,2020-09-17 06:42:24,8381103.56,INGRESO
3711,1,1001,2,1002,2020-09-17 10:55:24,3243886.18,INGRESO
3712,1,1001,2,1002,2020-09-17 13:51:35,5578975.23,EGRESO
3713,1,1001,2,1002,2020-09-17 16:10:00,5683673.85,EGRESO
3714,1,1001,2,1002,2020-09-17 19:32:49,8282826.66,EGRESO
3715,1,1001,2,1002,2020-09-18 05:16:44,8174925.25,EGRESO
3716,1,1001,2,1002,2020-09-18 11:04:10,1920927.89,INGRESO
3717,1,1001,2,1002,2020-09-18 13:43:34,1974708.01,INGRESO
3718,1,1001,2,1002,2020-09-18 15:51:40,2757433.42,INGRESO
3719,1,1001,2,1002,2020-09-18 20:57:03,6515093.27,EGRESO
3720,1,1001,2,1002,2020-09-19 03:12:05,256000.96,EGRESO
3721,1,1001,2,1002,2020-09-19 08:26:40,8651710.87,INGRESO
3722,1,1001,2,1002,2020-09-19 12:01:04,606725.41,INGRESO
3723,1,1001,2,1002,2020-09-19 21:10:29,8574460.01,EGRESO
3724,1,1001,2,1002,2020-09-20 07:26:19,7593939.12,INGRESO
3725,1,1001,2,1002,2020-09-20 08:50:04,7006922.23,INGRESO
3726,1,1001,2,1002,2020-09-20 11:47:29,3293440.34,INGRESO
3727,1,1001,2,1002,2020-09-20 11:51:45,3104627.98,INGRESO
3728,1,1001,2,1002,2020-09-20 22:08:22,9055687.80,INGRESO
3729,1,1001,2,1002,2020-09-21 00:23:21,1784847.47,EGRESO
3730,1,1001,2,1002,2020-09-21 00:55:52,2664523.27,EGRESO
3731,1,1001,2,1002,2020-09-21 01:43:38,3260727.04,EGRESO
3732,1,1001,2,1002,2020-09-21 15:31:35,2638505.07,INGRESO
3733,1,1001,2,1002,2020-09-22 09:20:26,6947887.13,INGRESO
3734,1,1001,2,1002,2020-09-22 10:54:57,8110655.44,INGRESO
3735,1,1001,2,1002,2020-09-22 11:22:29,5472828.79,EGRESO
3736,1,1001,2,1002,2020-09-22 18:06:27,447200.74,EGRESO
3737,1,1001,2,1002,2020-09-22 19:31:52,7813982.25,EGRESO
3738,1,1001,2,1002,2020-09-22 20:34:07,2997794.84,EGRESO
3739,1,1001,2,1002,2020-09-23 15:39:28,5153281.31,EGRESO
3740,1,1001,2,1002,2020-09-23 15:54:59,6197537.16,INGRESO
3741,1,1001,2,1002,2020-09-23 18:49:59,8908569.66,EGRESO
3742,1,1001,2,1002,2020-09-23 18:50:22,4577779.50,EGRESO
3743,1,1001,2,1002,2020-09-23 19:36:22,1762467.70,INGRESO
3744,1,1001,2,1002,2020-09-23 22:34:23,7178987.78,EGRESO
3745,1,1001,2,1002,2020-09-24 01:28:56,5551936.20,EGRESO
3746,1,1001,2,1002,2020-09-24 13:01:26,4542173.17,INGRESO
3747,1,1001,2,1002,2020-09-24 14:10:54,2252955.74,INGRESO
3748,1,1001,2,1002,2020-09-24 16:54:09,4204085.94,EGRESO
3749,1,1001,2,1002,2020-09-24 21:39:11,1481070.31,INGRESO
3750,1,1001,2,1002,2020-09-25 00:22:40,4812565.06,EGRESO
3751,1,1001,2,1002,2020-09-25 02:29:08,5755181.58,EGRESO
3752,1,1001,2,1002,2020-09-25 12:47:00,8204500.72,EGRESO
3753,1,1001,2,1002,2020-09-25 16:29:44,4779332.14,EGRESO
3754,1,1001,2,1002,2020-09-25 19:07:25,9370295.12,INGRESO
3755,1,1001,2,1002,2020-09-26 03:36:11,7726048.95,EGRESO
3756,1,1001,2,1002,2020-09-26 08:20:51,2264466.96,EGRESO
3757,1,1001,2,1002,2020-09-26 13:37:55,1229143.88,INGRESO
3758,1,1001,2,1002,2020-09-26 14:54:36,7748615.68,INGRESO
3759,1,1001,2,1002,2020-09-27 14:35:45,6098763.13,INGRESO
3760,1,1001,2,1002,2020-09-27 18:14:15,2427531.90,INGRESO
3761,1,1001,2,1002,2020-09-27 20:26:15,8330665.35,INGRESO
3762,1,1001,2,1002,2020-09-27 20:54:02,4501565.50,INGRESO
3763,1,1001,2,1002,2020-09-27 23:36:44,8460532.87,INGRESO
3764,1,1001,2,1002,2020-09-28 05:36:53,2635471.83,INGRESO
3765,1,1001,2,1002,2020-09-28 06:51:09,3997358.90,EGRESO
3766,1,1001,2,1002,2020-09-28 14:37:23,8667350.27,INGRESO
3767,1,1001,2,1002,2020-09-28 15:20:10,2715604.16,INGRESO
3768,1,1001,2,1002,2020-09-28 17:43:14,6188397.57,EGRESO
3769,1,1001,2,1002,2020-09-29 12:29:54,3299344.49,INGRESO
3770,1,1001,2,1002,2020-09-29 16:01:33,138507.20,INGRESO
3771,1,1001,2,1002,2020-09-29 19:18:06,4910600.86,INGRESO
3772,1,1001,2,1002,2020-09-29 21:23:12,3629641.49,EGRESO
3773,1,1001,2,1002,2020-09-29 22:44:28,2449127.83,INGRESO
3774,1,1001,2,1002,2020-09-30 03:21:30,7166464.71,EGRESO
3775,1,1001,2,1002,2020-09-30 06:12:56,1370997.79,EGRESO
3776,1,1001,2,1002,2020-09-30 11:34:51,2842512.59,EGRESO
3777,1,1001,2,1002,2020-09-30 13:12:22,7150494.95,INGRESO
3778,1,1001,2,1002,2020-10-01 02:44:01,4686372.52,INGRESO
3779,1,1001,2,1002,2020-10-01 04:01:24,5153488.55,EGRESO
3780,1,1001,2,1002,2020-10-01 06:23:34,9253603.18,EGRESO
3781,1,1001,2,1002,2020-10-01 11:18:34,8831782.77,INGRESO
3782,1,1001,2,1002,2020-10-01 13:20:58,9466906.52,INGRESO
3783,1,1001,2,1002,2020-10-01 18:39:46,6342595.65,INGRESO
3784,1,1001,2,1002,2020-10-02 10:44:15,1965428.88,EGRESO
3785,1,1001,2,1002,2020-10-02 12:30:04,4312252.92,INGRESO
3786,1,1001,2,1002,2020-10-02 15:19:26,3769463.92,EGRESO
3787,1,1001,2,1002,2020-10-02 18:31:39,4429865.80,INGRESO
3788,1,1001,2,1002,2020-10-02 23:52:53,1243377.66,INGRESO
3789,1,1001,2,1002,2020-10-03 05:41:39,2717969.70,INGRESO
3790,1,1001,2,1002,2020-10-03 10:33:21,4652388.65,INGRESO
3791,1,1001,2,1002,2020-10-03 18:37:37,3963848.94,EGRESO
3792,1,1001,2,1002,2020-10-03 19:04:49,4074189.29,INGRESO
3793,1,1001,2,1002,2020-10-03 22:58:39,23291.65,EGRESO
3794,1,1001,2,1002,2020-10-04 06:50:55,9029971.44,EGRESO
3795,1,1001,2,1002,2020-10-04 07:33:56,7123668.50,INGRESO
3796,1,1001,2,1002,2020-10-04 15:00:35,8945020.08,INGRESO
3797,1,1001,2,1002,2020-10-04 18:22:56,7104690.17,INGRESO
3798,1,1001,2,1002,2020-10-05 02:11:26,7406981.37,INGRESO
3799,1,1001,2,1002,2020-10-05 06:38:28,3494356.02,EGRESO
3800,1,1001,2,1002,2020-10-05 20:34:09,4735177.53,EGRESO
3801,1,1001,2,1002,2020-10-05 22:56:28,8338966.91,INGRESO
3802,1,1001,2,1002,2020-10-06 03:52:54,4354998.16,EGRESO
3803,1,1001,2,1002,2020-10-06 12:51:32,7606639.58,INGRESO
3804,1,1001,2,1002,2020-10-06 20:44:53,1428508.81,INGRESO
3805,1,1001,2,1002,2020-10-06 21:57:33,1719046.64,EGRESO
3806,1,1001,2,1002,2020-10-07 01:32:26,4135460.50,EGRESO
3807,1,1001,2,1002,2020-10-07 14:58:45,8127882.11,INGRESO
3808,1,1001,2,1002,2020-10-07 22:59:08,8222638.42,EGRESO
3809,1,1001,2,1002,2020-10-07 23:10:28,5081516.26,INGRESO
3810,1,1001,2,1002,2020-10-08 00:06:04,4414651.62,EGRESO
3811,1,1001,2,1002,2020-10-08 00:08:32,6532467.80,EGRESO
3812,1,1001,2,1002,2020-10-08 00:23:26,4939076.48,INGRESO
3813,1,1001,2,1002,2020-10-08 11:10:05,9909451.69,EGRESO
3814,1,1001,2,1002,2020-10-08 20:07:53,8426596.51,EGRESO
3815,1,1001,2,1002,2020-10-09 03:35:10,2820929.57,EGRESO
3816,1,1001,2,1002,2020-10-09 11:05:05,7589975.37,EGRESO
3817,1,1001,2,1002,2020-10-09 14:28:29,4679758.69,INGRESO
3818,1,1001,2,1002,2020-10-09 21:20:34,6065945.17,INGRESO
3819,1,1001,2,1002,2020-10-10 00:33:43,5737030.91,INGRESO
3820,1,1001,2,1002,2020-10-10 01:04:30,9021632.14,INGRESO
3821,1,1001,2,1002,2020-10-10 06:22:43,4880823.99,EGRESO
3822,1,1001,2,1002,2020-10-10 07:09:35,8473254.77,EGRESO
3823,1,1001,2,1002,2020-10-11 09:41:07,8872188.35,EGRESO
3824,1,1001,2,1002,2020-10-11 18:07:35,4410830.66,INGRESO
3825,1,1001,2,1002,2020-10-11 20:08:35,7725723.35,INGRESO
3826,1,1001,2,1002,2020-10-11 20:38:41,1483100.47,INGRESO
3827,1,1001,2,1002,2020-10-12 05:13:57,5287900.97,EGRESO
3828,1,1001,2,1002,2020-10-12 18:43:35,954388.05,INGRESO
3829,1,1001,2,1002,2020-10-12 19:21:03,8210998.81,EGRESO
3830,1,1001,2,1002,2020-10-12 23:32:58,9801128.58,INGRESO
3831,1,1001,2,1002,2020-10-13 04:25:25,9542560.57,EGRESO
3832,1,1001,2,1002,2020-10-13 07:13:43,7936637.09,INGRESO
3833,1,1001,2,1002,2020-10-13 14:58:03,1477021.23,EGRESO
3834,1,1001,2,1002,2020-10-13 20:54:56,2039795.21,EGRESO
3835,1,1001,2,1002,2020-10-13 21:54:31,6399588.52,INGRESO
3836,1,1001,2,1002,2020-10-14 03:52:58,2493366.38,INGRESO
3837,1,1001,2,1002,2020-10-14 05:17:31,2080971.34,INGRESO
3838,1,1001,2,1002,2020-10-14 05:42:28,6915987.64,INGRESO
3839,1,1001,2,1002,2020-10-14 18:32:59,9574283.94,INGRESO
3840,1,1001,2,1002,2020-10-14 18:52:30,6340253.66,INGRESO
3841,1,1001,2,1002,2020-10-15 01:03:25,2255820.65,EGRESO
3842,1,1001,2,1002,2020-10-15 02:46:18,357154.55,EGRESO
3843,1,1001,2,1002,2020-10-15 03:38:40,6629525.62,INGRESO
3844,1,1001,2,1002,2020-10-15 06:12:32,4788113.48,EGRESO
3845,1,1001,2,1002,2020-10-15 17:51:21,4187321.52,INGRESO
3846,1,1001,2,1002,2020-10-15 19:01:24,3480543.11,EGRESO
3847,1,1001,2,1002,2020-10-16 02:15:41,904557.38,INGRESO
3848,1,1001,2,1002,2020-10-16 15:40:42,2123699.65,EGRESO
3849,1,1001,2,1002,2020-10-16 17:01:18,491544.31,EGRESO
3850,1,1001,2,1002,2020-10-16 22:19:07,1993775.04,EGRESO
3851,1,1001,2,1002,2020-10-16 23:40:09,7972936.12,EGRESO
3852,1,1001,2,1002,2020-10-17 00:27:17,5925173.89,INGRESO
3853,1,1001,2,1002,2020-10-17 05:14:24,3467408.34,INGRESO
3854,1,1001,2,1002,2020-10-17 11:45:12,1431033.09,INGRESO
3855,1,1001,2,1002,2020-10-17 21:04:30,4131002.89,EGRESO
3856,1,1001,2,1002,2020-10-18 06:10:05,1027018.13,INGRESO
3857,1,1001,2,1002,2020-10-18 08:40:29,1996740.98,EGRESO
3858,1,1001,2,1002,2020-10-18 10:01:43,6932232.30,EGRESO
3859,1,1001,2,1002,2020-10-18 12:52:59,6782522.80,EGRESO
3860,1,1001,2,1002,2020-10-19 01:11:51,4476370.12,INGRESO
3861,1,1001,2,1002,2020-10-19 03:37:15,2701709.03,INGRESO
3862,1,1001,2,1002,2020-10-19 09:42:25,6928519.42,EGRESO
3863,1,1001,2,1002,2020-10-19 22:53:24,7096883.45,EGRESO
3864,1,1001,2,1002,2020-10-20 02:17:40,836369.73,INGRESO
3865,1,1001,2,1002,2020-10-20 06:58:40,5985792.37,EGRESO
3866,1,1001,2,1002,2020-10-20 12:42:10,4720642.59,INGRESO
3867,1,1001,2,1002,2020-10-20 21:11:57,8443557.59,INGRESO
3868,1,1001,2,1002,2020-10-21 00:42:42,1775772.14,INGRESO
3869,1,1001,2,1002,2020-10-21 14:02:28,8867097.00,INGRESO
3870,1,1001,2,1002,2020-10-21 16:22:41,339234.59,EGRESO
3871,1,1001,2,1002,2020-10-21 22:43:09,2721257.22,INGRESO
3872,1,1001,2,1002,2020-10-22 01:35:57,9574947.13,EGRESO
3873,1,1001,2,1002,2020-10-22 01:59:26,2240288.86,INGRESO
3874,1,1001,2,1002,2020-10-22 08:00:42,3864770.77,INGRESO
3875,1,1001,2,1002,2020-10-22 14:25:03,9231051.47,INGRESO
3876,1,1001,2,1002,2020-10-22 21:12:50,9576296.31,INGRESO
3877,1,1001,2,1002,2020-10-23 01:59:14,6738733.97,EGRESO
3878,1,1001,2,1002,2020-10-23 08:06:55,2738155.17,INGRESO
3879,1,1001,2,1002,2020-10-23 08:40:33,5986576.20,INGRESO
3880,1,1001,2,1002,2020-10-23 09:04:40,9955197.11,EGRESO
3881,1,1001,2,1002,2020-10-23 16:00:24,8284372.45,EGRESO
3882,1,1001,2,1002,2020-10-23 22:34:47,8237145.66,EGRESO
3883,1,1001,2,1002,2020-10-24 01:36:04,8974991.51,EGRESO
3884,1,1001,2,1002,2020-10-24 05:48:13,7553104.28,INGRESO
3885,1,1001,2,1002,2020-10-24 06:19:05,6131464.66,INGRESO
3886,1,1001,2,1002,2020-10-24 11:27:40,7267075.27,INGRESO
3887,1,1001,2,1002,2020-10-24 21:22:18,9171320.00,EGRESO
3888,1,1001,2,1002,2020-10-25 00:13:27,7937795.23,EGRESO
3889,1,1001,2,1002,2020-10-25 11:03:23,4427014.90,EGRESO
3890,1,1001,2,1002,2020-10-25 15:13:57,6918436.26,EGRESO
3891,1,1001,2,1002,2020-10-25 16:34:55,5047054.08,EGRESO
3892,1,1001,2,1002,2020-10-26 02:27:30,9866929.16,EGRESO
3893,1,1001,2,1002,2020-10-26 08:50:41,7088829.25,INGRESO
3894,1,1001,2,1002,2020-10-26 09:10:25,3878446.79,EGRESO
3895,1,1001,2,1002,2020-10-26 14:11:31,2561832.31,EGRESO
3896,1,1001,2,1002,2020-10-26 18:02:32,7103155.66,INGRESO
3897,1,1001,2,1002,2020-10-26 21:17:33,2604619.79,INGRESO
3898,1,1001,2,1002,2020-10-26 21:56:17,8186604.76,EGRESO
3899,1,1001,2,1002,2020-10-27 08:03:39,7752075.64,EGRESO
3900,1,1001,2,1002,2020-10-27 11:15:21,2189417.97,EGRESO
3901,1,1001,2,1002,2020-10-27 14:30:45,5854800.86,INGRESO
3902,1,1001,2,1002,2020-10-27 15:03:17,4303484.27,EGRESO
3903,1,1001,2,1002,2020-10-28 00:48:59,8893441.25,EGRESO
3904,1,1001,2,1002,2020-10-28 03:11:04,2323818.73,EGRESO
3905,1,1001,2,1002,2020-10-28 08:51:41,3999395.87,INGRESO
3906,1,1001,2,1002,2020-10-28 17:38:09,2954883.70,INGRESO
3907,1,1001,2,1002,2020-10-29 06:11:12,8631445.79,INGRESO
3908,1,1001,2,1002,2020-10-29 06:18:56,7572546.49,EGRESO
3909,1,1001,2,1002,2020-10-29 13:02:55,991577.75,INGRESO
3910,1,1001,2,1002,2020-10-29 13:47:57,147688.96,EGRESO
3911,1,1001,2,1002,2020-10-30 00:16:40,5908292.98,INGRESO
3912,1,1001,2,1002,2020-10-30 06:47:31,9925627.52,INGRESO
3913,1,1001,2,1002,2020-10-30 10:35:02,9379384.45,INGRESO
3914,1,1001,2,1002,2020-10-30 14:25:08,5745702.20,INGRESO
3915,1,1001,2,1002,2020-10-31 04:10:58,6679661.85,EGRESO
3916,1,1001,2,1002,2020-10-31 12:11:51,3220851.87,EGRESO
3917,1,1001,2,1002,2020-10-31 13:12:50,1023937.30,EGRESO
3918,1,1001,2,1002,2020-10-31 19:25:59,150404.46,EGRESO
3919,1,1001,2,1002,2020-10-31 20:26:41,9562150.05,INGRESO
3920,1,1001,2,1002,2020-11-01 02:22:58,481093.78,INGRESO
3921,1,1001,2,1002,2020-11-01 12:13:44,7333846.72,INGRESO
3922,1,1001,2,1002,2020-11-01 14:02:21,1851995.73,EGRESO
3923,1,1001,2,1002,2020-11-01 14:40:47,5909226.40,EGRESO
3924,1,1001,2,1002,2020-11-01 23:42:44,2878821.53,EGRESO
3925,1,1001,2,1002,2020-11-02 04:29:19,9137393.37,EGRESO
3926,1,1001,2,1002,2020-11-02 12:47:18,7447325.05,INGRESO
3927,1,1001,2,1002,2020-11-02 15:22:28,7815632.12,EGRESO
3928,1,1001,2,1002,2020-11-02 20:09:53,2425983.39,INGRESO
3929,1,1001,2,1002,2020-11-03 06:57:40,2094668.64,INGRESO
3930,1,1001,2,1002,2020-11-03 08:55:04,5429040.75,INGRESO
3931,1,1001,2,1002,2020-11-03 10:19:30,9457907.75,EGRESO
3932,1,1001,2,1002,2020-11-03 12:32:31,234982.85,INGRESO
3933,1,1001,2,1002,2020-11-03 14:06:12,9818856.07,EGRESO
3934,1,1001,2,1002,2020-11-03 17:00:12,1981548.11,INGRESO
3935,1,1001,2,1002,2020-11-04 01:16:16,5226301.95,EGRESO
3936,1,1001,2,1002,2020-11-04 08:38:06,631826.99,EGRESO
3937,1,1001,2,1002,2020-11-04 10:09:46,3374477.04,EGRESO
3938,1,1001,2,1002,2020-11-04 15:51:31,8962822.50,EGRESO
3939,1,1001,2,1002,2020-11-05 00:55:14,5937606.31,INGRESO
3940,1,1001,2,1002,2020-11-05 05:40:33,3393881.85,INGRESO
3941,1,1001,2,1002,2020-11-05 08:48:13,901753.80,INGRESO
3942,1,1001,2,1002,2020-11-05 12:25:50,9511193.08,INGRESO
3943,1,1001,2,1002,2020-11-06 03:22:21,9328904.77,INGRESO
3944,1,1001,2,1002,2020-11-06 04:43:41,8339490.38,INGRESO
3945,1,1001,2,1002,2020-11-06 07:08:48,1746556.32,INGRESO
3946,1,1001,2,1002,2020-11-06 09:49:05,9364721.03,INGRESO
3947,1,1001,2,1002,2020-11-07 04:39:10,7125966.36,INGRESO
3948,1,1001,2,1002,2020-11-07 16:08:25,3011268.46,INGRESO
3949,1,1001,2,1002,2020-11-07 19:50:16,1785504.54,INGRESO
3950,1,1001,2,1002,2020-11-07 20:12:21,8461544.52,INGRESO
3951,1,1001,2,1002,2020-11-08 05:47:49,7904883.27,INGRESO
3952,1,1001,2,1002,2020-11-08 08:44:41,5513970.49,EGRESO
3953,1,1001,2,1002,2020-11-08 12:50:57,1709109.53,EGRESO
3954,1,1001,2,1002,2020-11-08 13:23:43,5150199.06,EGRESO
3955,1,1001,2,1002,2020-11-08 17:00:17,915957.34,EGRESO
3956,1,1001,2,1002,2020-11-09 07:52:53,3815481.06,EGRESO
3957,1,1001,2,1002,2020-11-09 13:43:20,8470624.96,INGRESO
3958,1,1001,2,1002,2020-11-09 14:45:04,2979162.47,INGRESO
3959,1,1001,2,1002,2020-11-09 21:08:39,4593221.53,INGRESO
3960,1,1001,2,1002,2020-11-09 22:54:49,1652973.96,EGRESO
3961,1,1001,2,1002,2020-11-10 07:26:37,4481797.32,INGRESO
3962,1,1001,2,1002,2020-11-10 07:34:30,7616382.16,EGRESO
3963,1,1001,2,1002,2020-11-10 10:49:21,9702410.73,INGRESO
3964,1,1001,2,1002,2020-11-10 17:19:44,7373694.43,INGRESO
3965,1,1001,2,1002,2020-11-10 18:22:49,3439767.62,INGRESO
3966,1,1001,2,1002,2020-11-11 04:46:03,357663.68,EGRESO
3967,1,1001,2,1002,2020-11-11 08:16:29,8509978.62,INGRESO
3968,1,1001,2,1002,2020-11-11 09:29:38,5216878.92,INGRESO
3969,1,1001,2,1002,2020-11-11 16:28:55,5008350.58,INGRESO
3970,1,1001,2,1002,2020-11-12 13:23:53,3189559.85,INGRESO
3971,1,1001,2,1002,2020-11-12 16:01:57,9900565.95,INGRESO
3972,1,1001,2,1002,2020-11-12 21:23:33,5768996.78,INGRESO
3973,1,1001,2,1002,2020-11-12 21:41:52,2020728.07,INGRESO
3974,1,1001,2,1002,2020-11-13 07:44:18,1003195.17,EGRESO
3975,1,1001,2,1002,2020-11-13 08:57:56,3401576.91,INGRESO
3976,1,1001,2,1002,2020-11-13 14:42:52,6992596.08,EGRESO
3977,1,1001,2,1002,2020-11-13 18:34:32,1922995.75,INGRESO
3978,1,1001,2,1002,2020-11-13 19:27:59,5063205.02,INGRESO
3979,1,1001,2,1002,2020-11-13 22:08:38,1182729.35,INGRESO
3980,1,1001,2,1002,2020-11-14 03:19:49,1114671.90,INGRESO
3981,1,1001,2,1002,2020-11-14 04:28:14,3619630.78,EGRESO
3982,1,1001,2,1002,2020-11-14 04:34:11,4780414.38,INGRESO
3983,1,1001,2,1002,2020-11-14 18:40:43,9377312.56,EGRESO
3984,1,1001,2,1002,2020-11-14 19:45:18,1455764.33,EGRESO
3985,1,1001,2,1002,2020-11-15 01:02:43,4108322.10,EGRESO
3986,1,1001,2,1002,2020-11-15 09:50:43,8123445.35,INGRESO
3987,1,1001,2,1002,2020-11-15 14:00:38,51234.79,EGRESO
3988,1,1001,2,1002,2020-11-15 20:40:07,7382774.59,EGRESO
3989,1,1001,2,1002,2020-11-15 23:56:22,7989461.53,INGRESO
3990,1,1001,2,1002,2020-11-16 00:32:46,4409893.42,EGRESO
3991,1,1001,2,1002,2020-11-16 03:07:57,7424557.93,INGRESO
3992,1,1001,2,1002,2020-11-16 05:16:54,5554442.55,EGRESO
3993,1,1001,2,1002,2020-11-16 11:18:55,3816612.13,INGRESO
3994,1,1001,2,1002,2020-11-16 14:11:49,4925886.19,EGRESO
3995,1,1001,2,1002,2020-11-17 06:26:45,9135154.45,INGRESO
3996,1,1001,2,1002,2020-11-17 06:51:22,4303339.81,EGRESO
3997,1,1001,2,1002,2020-11-17 08:25:51,2882038.24,EGRESO
3998,1,1001,2,1002,2020-11-17 11:41:18,3726909.28,INGRESO
3999,1,1001,2,1002,2020-11-18 02:28:43,4968431.76,INGRESO
4000,1,1001,2,1002,2020-11-18 03:58:01,5367144.92,EGRESO
4001,1,1001,2,1002,2020-11-18 13:09:40,8524760.38,INGRESO
4002,1,1001,2,1002,2020-11-18 20:27:41,1516969.99,EGRESO
4003,1,1001,2,1002,2020-11-19 02:23:59,7570029.78,EGRESO
4004,1,1001,2,1002,2020-11-19 07:01:13,400667.41,EGRESO
4005,1,1001,2,1002,2020-11-19 10:48:42,916962.44,INGRESO
4006,1,1001,2,1002,2020-11-19 11:19:59,1283524.06,INGRESO
4007,1,1001,2,1002,2020-11-19 18:13:03,2199774.66,EGRESO
4008,1,1001,2,1002,2020-11-20 03:12:06,7097934.33,INGRESO
4009,1,1001,2,1002,2020-11-20 04:35:32,8166107.23,EGRESO
4010,1,1001,2,1002,2020-11-20 08:14:37,6371024.53,EGRESO
4011,1,1001,2,1002,2020-11-20 10:30:23,6903431.79,INGRESO
4012,1,1001,2,1002,2020-11-21 10:16:50,6626380.27,INGRESO
4013,1,1001,2,1002,2020-11-21 12:57:28,6191481.94,EGRESO
4014,1,1001,2,1002,2020-11-21 14:31:34,7558360.14,EGRESO
4015,1,1001,2,1002,2020-11-21 14:41:11,8122433.08,INGRESO
4016,1,1001,2,1002,2020-11-21 16:54:38,8082859.63,INGRESO
4017,1,1001,2,1002,2020-11-22 04:48:43,3573955.10,INGRESO
4018,1,1001,2,1002,2020-11-22 10:04:04,8810409.61,INGRESO
4019,1,1001,2,1002,2020-11-22 22:51:57,151854.59,INGRESO
4020,1,1001,2,1002,2020-11-22 22:53:14,917406.54,INGRESO
4021,1,1001,2,1002,2020-11-23 01:04:36,4506765.07,INGRESO
4022,1,1001,2,1002,2020-11-23 06:25:20,8881193.43,EGRESO
4023,1,1001,2,1002,2020-11-23 12:47:42,2721349.54,EGRESO
4024,1,1001,2,1002,2020-11-23 13:20:48,1232153.85,EGRESO
4025,1,1001,2,1002,2020-11-23 15:01:16,5733974.10,EGRESO
4026,1,1001,2,1002,2020-11-24 00:55:11,5165724.94,INGRESO
4027,1,1001,2,1002,2020-11-24 09:02:41,6135953.17,INGRESO
4028,1,1001,2,1002,2020-11-24 16:50:31,6673936.02,INGRESO
4029,1,1001,2,1002,2020-11-24 23:59:44,8474544.51,INGRESO
4030,1,1001,2,1002,2020-11-25 03:33:25,3223653.22,EGRESO
4031,1,1001,2,1002,2020-11-25 06:36:50,7996517.44,INGRESO
4032,1,1001,2,1002,2020-11-25 10:36:44,6473371.54,EGRESO
4033,1,1001,2,1002,2020-11-25 12:49:12,8987112.66,EGRESO
4034,1,1001,2,1002,2020-11-25 14:34:57,7891355.43,EGRESO
4035,1,1001,2,1002,2020-11-25 22:53:41,3158141.12,EGRESO
4036,1,1001,2,1002,2020-11-26 01:27:22,1579380.34,EGRESO
4037,1,1001,2,1002,2020-11-26 01:28:22,9421644.57,EGRESO
4038,1,1001,2,1002,2020-11-26 04:11:43,5083373.60,INGRESO
4039,1,1001,2,1002,2020-11-26 07:58:49,2481897.46,INGRESO
4040,1,1001,2,1002,2020-11-26 09:51:45,3636724.05,EGRESO
4041,1,1001,2,1002,2020-11-26 14:43:59,1164294.10,INGRESO
4042,1,1001,2,1002,2020-11-26 22:10:11,4253105.40,INGRESO
4043,1,1001,2,1002,2020-11-27 05:53:55,5431922.75,INGRESO
4044,1,1001,2,1002,2020-11-27 07:12:43,7676230.00,EGRESO
4045,1,1001,2,1002,2020-11-27 15:40:53,5739411.42,INGRESO
4046,1,1001,2,1002,2020-11-27 22:09:21,2633374.73,INGRESO
4047,1,1001,2,1002,2020-11-28 01:25:42,4036330.31,EGRESO
4048,1,1001,2,1002,2020-11-28 05:41:12,346865.06,INGRESO
4049,1,1001,2,1002,2020-11-28 11:02:04,2240437.56,EGRESO
4050,1,1001,2,1002,2020-11-28 13:51:44,9615370.06,EGRESO
4051,1,1001,2,1002,2020-11-28 20:06:36,1417927.56,INGRESO
4052,1,1001,2,1002,2020-11-29 06:32:29,9147093.20,EGRESO
4053,1,1001,2,1002,2020-11-29 11:19:12,2537689.08,EGRESO
4054,1,1001,2,1002,2020-11-29 20:33:16,1251446.91,EGRESO
4055,1,1001,2,1002,2020-11-29 22:55:04,9972084.87,EGRESO
4056,1,1001,2,1002,2020-11-29 23:14:25,7969045.50,INGRESO
4057,1,1001,2,1002,2020-11-30 08:17:19,9453525.25,EGRESO
4058,1,1001,2,1002,2020-11-30 18:07:39,2070714.84,INGRESO
4059,1,1001,2,1002,2020-11-30 18:57:39,7553220.56,EGRESO
4060,1,1001,2,1002,2020-11-30 20:45:32,9145009.07,EGRESO
4061,1,1001,2,1002,2020-12-01 00:02:07,8906636.52,INGRESO
4062,1,1001,2,1002,2020-12-01 09:16:25,4599948.14,INGRESO
4063,1,1001,2,1002,2020-12-01 12:42:29,5796818.39,EGRESO
4064,1,1001,2,1002,2020-12-01 15:50:07,8851516.12,EGRESO
4065,1,1001,2,1002,2020-12-01 20:56:42,2265694.08,INGRESO
4066,1,1001,2,1002,2020-12-02 01:33:50,9363954.57,INGRESO
4067,1,1001,2,1002,2020-12-02 04:04:23,6001289.79,INGRESO
4068,1,1001,2,1002,2020-12-02 10:25:30,3289734.42,EGRESO
4069,1,1001,2,1002,2020-12-02 21:18:13,7634346.93,EGRESO
4070,1,1001,2,1002,2020-12-02 23:51:47,7731641.17,EGRESO
4071,1,1001,2,1002,2020-12-03 01:43:25,5135919.86,INGRESO
4072,1,1001,2,1002,2020-12-03 04:02:53,45375.59,INGRESO
4073,1,1001,2,1002,2020-12-03 08:54:01,5770979.12,EGRESO
4074,1,1001,2,1002,2020-12-03 22:06:51,1602158.73,EGRESO
4075,1,1001,2,1002,2020-12-04 01:21:06,5092866.26,INGRESO
4076,1,1001,2,1002,2020-12-04 07:39:03,1523570.11,INGRESO
4077,1,1001,2,1002,2020-12-04 11:35:53,4477297.82,EGRESO
4078,1,1001,2,1002,2020-12-04 12:35:06,5831449.98,INGRESO
4079,1,1001,2,1002,2020-12-05 03:08:10,3834068.58,INGRESO
4080,1,1001,2,1002,2020-12-05 08:02:20,1360523.84,INGRESO
4081,1,1001,2,1002,2020-12-05 14:19:54,9400181.10,EGRESO
4082,1,1001,2,1002,2020-12-05 15:11:27,5613566.36,INGRESO
4083,1,1001,2,1002,2020-12-05 22:24:12,9942992.97,EGRESO
4084,1,1001,2,1002,2020-12-06 03:16:27,1135259.12,INGRESO
4085,1,1001,2,1002,2020-12-06 10:14:12,4741338.72,EGRESO
4086,1,1001,2,1002,2020-12-06 12:42:28,5722003.09,INGRESO
4087,1,1001,2,1002,2020-12-06 19:11:57,6487816.11,EGRESO
4088,1,1001,2,1002,2020-12-07 12:23:23,6052323.78,EGRESO
4089,1,1001,2,1002,2020-12-07 15:26:11,2292539.39,EGRESO
4090,1,1001,2,1002,2020-12-07 16:06:46,1718946.76,EGRESO
4091,1,1001,2,1002,2020-12-07 18:18:59,4006608.39,EGRESO
4092,1,1001,2,1002,2020-12-08 16:29:06,2284422.81,EGRESO
4093,1,1001,2,1002,2020-12-08 18:31:10,4793557.54,INGRESO
4094,1,1001,2,1002,2020-12-08 22:47:24,9223029.00,INGRESO
4095,1,1001,2,1002,2020-12-08 22:52:06,8030764.48,INGRESO
4096,1,1001,2,1002,2020-12-09 01:58:37,9423198.28,EGRESO
4097,1,1001,2,1002,2020-12-09 04:38:50,4667894.15,EGRESO
4098,1,1001,2,1002,2020-12-09 07:29:56,1120035.02,INGRESO
4099,1,1001,2,1002,2020-12-09 15:35:44,4188634.03,EGRESO
4100,1,1001,2,1002,2020-12-09 17:49:21,3836320.22,INGRESO
4101,1,1001,2,1002,2020-12-09 18:38:13,7105333.45,EGRESO
4102,1,1001,2,1002,2020-12-10 01:35:26,1525609.68,INGRESO
4103,1,1001,2,1002,2020-12-10 06:21:16,5075006.73,EGRESO
4104,1,1001,2,1002,2020-12-10 06:53:31,1295937.04,EGRESO
4105,1,1001,2,1002,2020-12-10 09:30:35,9274466.41,EGRESO
4106,1,1001,2,1002,2020-12-10 19:53:38,2850548.71,EGRESO
4107,1,1001,2,1002,2020-12-10 20:21:25,7662142.60,EGRESO
4108,1,1001,2,1002,2020-12-11 05:57:35,4497320.80,INGRESO
4109,1,1001,2,1002,2020-12-11 08:35:33,6013590.81,INGRESO
4110,1,1001,2,1002,2020-12-11 19:48:14,6026523.41,EGRESO
4111,1,1001,2,1002,2020-12-11 23:12:40,7303807.86,EGRESO
4112,1,1001,2,1002,2020-12-12 02:09:43,2224320.84,INGRESO
4113,1,1001,2,1002,2020-12-12 06:07:06,4378113.11,EGRESO
4114,1,1001,2,1002,2020-12-12 09:05:27,2991794.32,EGRESO
4115,1,1001,2,1002,2020-12-12 09:28:35,3222886.87,INGRESO
4116,1,1001,2,1002,2020-12-12 12:38:32,570405.79,INGRESO
4117,1,1001,2,1002,2020-12-12 13:01:40,1118077.82,EGRESO
4118,1,1001,2,1002,2020-12-13 03:22:09,1305776.85,EGRESO
4119,1,1001,2,1002,2020-12-13 04:59:41,3158831.54,EGRESO
4120,1,1001,2,1002,2020-12-13 07:19:59,695471.27,EGRESO
4121,1,1001,2,1002,2020-12-13 11:18:24,2603462.54,INGRESO
4122,1,1001,2,1002,2020-12-13 14:59:14,5335285.18,INGRESO
4123,1,1001,2,1002,2020-12-13 23:10:28,283534.12,INGRESO
4124,1,1001,2,1002,2020-12-14 00:12:50,5355170.78,INGRESO
4125,1,1001,2,1002,2020-12-14 04:58:18,2326654.73,EGRESO
4126,1,1001,2,1002,2020-12-14 08:39:38,207065.98,EGRESO
4127,1,1001,2,1002,2020-12-14 08:48:01,9465426.70,EGRESO
4128,1,1001,2,1002,2020-12-14 17:34:38,4975847.86,EGRESO
4129,1,1001,2,1002,2020-12-14 17:42:39,4620058.71,INGRESO
4130,1,1001,2,1002,2020-12-15 04:50:45,4120519.49,INGRESO
4131,1,1001,2,1002,2020-12-15 12:47:46,1876169.39,INGRESO
4132,1,1001,2,1002,2020-12-15 16:12:11,793839.85,EGRESO
4133,1,1001,2,1002,2020-12-15 18:45:52,3147411.78,INGRESO
4134,1,1001,2,1002,2020-12-15 23:20:05,1512954.31,INGRESO
4135,1,1001,2,1002,2020-12-16 04:51:24,817426.61,INGRESO
4136,1,1001,2,1002,2020-12-16 05:09:57,2113896.14,INGRESO
4137,1,1001,2,1002,2020-12-16 10:53:59,2822959.53,EGRESO
4138,1,1001,2,1002,2020-12-16 21:23:31,699421.72,INGRESO
4139,1,1001,2,1002,2020-12-17 04:17:42,369587.31,INGRESO
4140,1,1001,2,1002,2020-12-17 08:45:58,3991935.94,EGRESO
4141,1,1001,2,1002,2020-12-17 12:08:41,9794443.41,EGRESO
4142,1,1001,2,1002,2020-12-17 19:57:41,7890511.18,EGRESO
4143,1,1001,2,1002,2020-12-17 20:30:28,83313.37,INGRESO
4144,1,1001,2,1002,2020-12-17 22:54:56,105660.03,EGRESO
4145,1,1001,2,1002,2020-12-18 05:38:08,5174509.55,INGRESO
4146,1,1001,2,1002,2020-12-18 06:09:38,9194142.36,EGRESO
4147,1,1001,2,1002,2020-12-18 15:27:37,1274668.80,EGRESO
4148,1,1001,2,1002,2020-12-18 16:47:27,7444792.19,INGRESO
4149,1,1001,2,1002,2020-12-18 21:47:50,5586887.80,EGRESO
4150,1,1001,2,1002,2020-12-19 00:27:01,7493371.20,INGRESO
4151,1,1001,2,1002,2020-12-19 04:10:04,7006349.28,EGRESO
4152,1,1001,2,1002,2020-12-19 07:30:43,1862363.63,INGRESO
4153,1,1001,2,1002,2020-12-19 10:32:04,7144213.76,INGRESO
4154,1,1001,2,1002,2020-12-19 14:47:08,7555784.22,INGRESO
4155,1,1001,2,1002,2020-12-20 01:34:48,6977043.02,INGRESO
4156,1,1001,2,1002,2020-12-20 07:30:57,1384928.63,EGRESO
4157,1,1001,2,1002,2020-12-20 13:07:28,5602719.02,INGRESO
4158,1,1001,2,1002,2020-12-20 17:43:00,7639284.99,INGRESO
4159,1,1001,2,1002,2020-12-21 02:11:47,5240719.96,INGRESO
4160,1,1001,2,1002,2020-12-21 04:01:35,7266865.78,EGRESO
4161,1,1001,2,1002,2020-12-21 07:10:36,6545856.91,EGRESO
4162,1,1001,2,1002,2020-12-21 10:13:35,925099.53,EGRESO
4163,1,1001,2,1002,2020-12-21 11:03:53,9174110.04,INGRESO
4164,1,1001,2,1002,2020-12-22 04:06:49,4778419.28,EGRESO
4165,1,1001,2,1002,2020-12-22 05:52:24,7828032.15,INGRESO
4166,1,1001,2,1002,2020-12-22 11:14:50,3241232.58,EGRESO
4167,1,1001,2,1002,2020-12-22 16:18:42,5849663.36,EGRESO
4168,1,1001,2,1002,2020-12-23 11:48:49,2763031.56,EGRESO
4169,1,1001,2,1002,2020-12-23 16:12:16,2674644.55,EGRESO
4170,1,1001,2,1002,2020-12-23 17:03:48,9154589.30,INGRESO
4171,1,1001,2,1002,2020-12-23 20:43:24,2225959.30,EGRESO
4172,1,1001,2,1002,2020-12-24 06:07:12,7381871.24,EGRESO
4173,1,1001,2,1002,2020-12-24 10:32:26,2974238.48,INGRESO
4174,1,1001,2,1002,2020-12-24 13:12:55,4253108.62,EGRESO
4175,1,1001,2,1002,2020-12-24 20:17:56,660445.57,EGRESO
4176,1,1001,2,1002,2020-12-25 00:23:37,6114221.22,INGRESO
4177,1,1001,2,1002,2020-12-25 01:39:34,4502533.82,EGRESO
4178,1,1001,2,1002,2020-12-25 02:36:53,8911070.79,EGRESO
4179,1,1001,2,1002,2020-12-25 17:03:28,7497154.04,EGRESO
4180,1,1001,2,1002,2020-12-25 17:40:38,1209497.86,EGRESO
4181,1,1001,2,1002,2020-12-26 03:03:26,1786547.27,EGRESO
4182,1,1001,2,1002,2020-12-26 09:37:39,8758271.49,INGRESO
4183,1,1001,2,1002,2020-12-26 12:04:39,6552760.43,EGRESO
4184,1,1001,2,1002,2020-12-26 20:31:19,5941146.68,EGRESO
4185,1,1001,2,1002,2020-12-27 03:57:40,2794930.78,INGRESO
4186,1,1001,2,1002,2020-12-27 15:48:36,8780103.29,INGRESO
4187,1,1001,2,1002,2020-12-27 17:47:57,1222607.23,EGRESO
4188,1,1001,2,1002,2020-12-27 23:29:15,5314049.92,EGRESO
4189,1,1001,2,1002,2020-12-28 00:18:08,6812753.92,EGRESO
4190,1,1001,2,1002,2020-12-28 06:54:38,6290068.07,INGRESO
4191,1,1001,2,1002,2020-12-28 11:43:00,6295582.96,INGRESO
4192,1,1001,2,1002,2020-12-28 17:46:48,6531683.61,EGRESO
4193,1,1001,2,1002,2020-12-28 19:46:21,352427.42,INGRESO
4194,1,1001,2,1002,2020-12-29 03:18:43,5022464.36,EGRESO
4195,1,1001,2,1002,2020-12-29 10:24:43,4896021.85,EGRESO
4196,1,1001,2,1002,2020-12-29 13:04:53,4940854.79,EGRESO
4197,1,1001,2,1002,2020-12-29 23:27:56,5428359.63,INGRESO
4198,1,1001,2,1002,2020-12-30 09:09:13,7529142.38,EGRESO
4199,1,1001,2,1002,2020-12-30 22:19:53,5947907.77,INGRESO
4200,1,1001,2,1002,2020-12-30 22:51:19,2321220.30,EGRESO
4201,1,1001,2,1002,2020-12-30 23:45:38,5291128.19,EGRESO
4202,1,1001,2,1002,2020-12-30 23:46:39,4901528.00,INGRESO
4203,1,1001,2,1002,2020-12-31 01:00:26,3663566.76,INGRESO
4204,1,1001,2,1002,2020-12-31 02:50:42,4341745.05,INGRESO
4205,1,1001,2,1002,2020-12-31 05:02:53,7348511.69,EGRESO
4206,1,1001,2,1002,2020-12-31 08:57:22,1957442.31,INGRESO
4207,1,1001,2,1002,2021-01-01 00:55:15,8898927.25,INGRESO
4208,1,1001,2,1002,2021-01-01 05:17:03,3681115.16,INGRESO
4209,1,1001,2,1002,2021-01-01 10:47:18,9849435.05,EGRESO
4210,1,1001,2,1002,2021-01-01 13:23:39,7501454.04,EGRESO
4211,1,1001,2,1002,2021-01-01 14:23:29,83565.27,INGRESO
4212,1,1001,2,1002,2021-01-02 03:43:12,5427785.82,INGRESO
4213,1,1001,2,1002,2021-01-02 06:08:00,2382521.49,EGRESO
4214,1,1001,2,1002,2021-01-02 06:45:44,1329673.64,INGRESO
4215,1,1001,2,1002,2021-01-02 19:07:49,3602568.57,EGRESO
4216,1,1001,2,1002,2021-01-02 23:13:57,6683467.01,INGRESO
4217,1,1001,2,1002,2021-01-03 11:17:58,245251.54,INGRESO
4218,1,1001,2,1002,2021-01-03 11:53:37,3170924.86,INGRESO
4219,1,1001,2,1002,2021-01-03 13:48:45,2383601.35,INGRESO
4220,1,1001,2,1002,2021-01-03 22:27:24,3259342.37,INGRESO
4221,1,1001,2,1002,2021-01-04 06:43:08,4781985.04,INGRESO
4222,1,1001,2,1002,2021-01-04 08:22:56,1694610.49,INGRESO
4223,1,1001,2,1002,2021-01-04 11:39:23,3121109.52,INGRESO
4224,1,1001,2,1002,2021-01-04 12:58:13,1637008.07,INGRESO
4225,1,1001,2,1002,2021-01-04 23:34:03,5635064.24,EGRESO
4226,1,1001,2,1002,2021-01-05 04:57:50,5478165.60,EGRESO
4227,1,1001,2,1002,2021-01-05 09:13:53,7032688.44,INGRESO
4228,1,1001,2,1002,2021-01-05 13:25:03,739264.33,INGRESO
4229,1,1001,2,1002,2021-01-05 13:26:41,1171676.50,EGRESO
4230,1,1001,2,1002,2021-01-05 20:03:58,4586057.55,INGRESO
4231,1,1001,2,1002,2021-01-06 01:30:07,8743015.04,EGRESO
4232,1,1001,2,1002,2021-01-06 02:06:05,9775012.95,EGRESO
4233,1,1001,2,1002,2021-01-06 03:54:15,4852509.69,EGRESO
4234,1,1001,2,1002,2021-01-06 08:42:55,4617456.78,INGRESO
4235,1,1001,2,1002,2021-01-06 20:38:20,5894678.67,EGRESO
4236,1,1001,2,1002,2021-01-06 22:52:20,3391698.13,EGRESO
4237,1,1001,2,1002,2021-01-07 01:50:25,6757925.83,INGRESO
4238,1,1001,2,1002,2021-01-07 07:52:49,908734.46,EGRESO
4239,1,1001,2,1002,2021-01-07 14:40:51,2666533.56,INGRESO
4240,1,1001,2,1002,2021-01-07 15:24:00,331324.34,INGRESO
4241,1,1001,2,1002,2021-01-07 17:59:59,9690029.07,EGRESO
4242,1,1001,2,1002,2021-01-07 18:11:14,8432910.31,INGRESO
4243,1,1001,2,1002,2021-01-08 02:55:16,149294.78,INGRESO
4244,1,1001,2,1002,2021-01-08 05:44:01,1999973.04,INGRESO
4245,1,1001,2,1002,2021-01-08 10:54:25,1428352.97,INGRESO
4246,1,1001,2,1002,2021-01-08 21:09:28,2416219.04,EGRESO
4247,1,1001,2,1002,2021-01-08 21:56:27,6719066.39,EGRESO
4248,1,1001,2,1002,2021-01-08 22:48:35,5130157.35,INGRESO
4249,1,1001,2,1002,2021-01-09 05:02:07,5560302.71,EGRESO
4250,1,1001,2,1002,2021-01-09 05:09:57,1235514.63,EGRESO
4251,1,1001,2,1002,2021-01-09 05:57:28,915694.49,INGRESO
4252,1,1001,2,1002,2021-01-09 08:16:58,2329187.90,EGRESO
4253,1,1001,2,1002,2021-01-10 01:27:15,1536968.97,EGRESO
4254,1,1001,2,1002,2021-01-10 03:15:52,9039294.14,EGRESO
4255,1,1001,2,1002,2021-01-10 14:36:50,5116865.94,EGRESO
4256,1,1001,2,1002,2021-01-10 16:08:09,5351145.10,INGRESO
4257,1,1001,2,1002,2021-01-10 23:11:00,5476833.36,EGRESO
4258,1,1001,2,1002,2021-01-11 06:56:50,9634176.79,EGRESO
4259,1,1001,2,1002,2021-01-11 07:56:49,8520099.95,EGRESO
4260,1,1001,2,1002,2021-01-11 13:33:42,4154785.57,EGRESO
4261,1,1001,2,1002,2021-01-11 16:00:06,2226589.49,EGRESO
4262,1,1001,2,1002,2021-01-11 17:27:16,6280081.63,INGRESO
4263,1,1001,2,1002,2021-01-12 00:06:07,7339729.38,EGRESO
4264,1,1001,2,1002,2021-01-12 01:09:57,2987235.63,INGRESO
4265,1,1001,2,1002,2021-01-12 15:29:23,4951296.32,INGRESO
4266,1,1001,2,1002,2021-01-12 18:36:55,3298677.93,EGRESO
4267,1,1001,2,1002,2021-01-12 22:14:10,9056314.69,EGRESO
4268,1,1001,2,1002,2021-01-13 02:00:48,4420184.25,INGRESO
4269,1,1001,2,1002,2021-01-13 02:37:16,9869061.95,INGRESO
4270,1,1001,2,1002,2021-01-13 05:12:44,8466543.17,EGRESO
4271,1,1001,2,1002,2021-01-13 10:18:47,2147272.13,INGRESO
4272,1,1001,2,1002,2021-01-14 02:17:00,29443.90,INGRESO
4273,1,1001,2,1002,2021-01-14 12:19:49,9868848.20,INGRESO
4274,1,1001,2,1002,2021-01-14 15:20:08,6898672.63,EGRESO
4275,1,1001,2,1002,2021-01-14 15:58:20,4851516.03,EGRESO
4276,1,1001,2,1002,2021-01-14 18:44:12,1613623.68,EGRESO
4277,1,1001,2,1002,2021-01-15 00:19:13,582224.84,EGRESO
4278,1,1001,2,1002,2021-01-15 05:59:16,4985525.49,EGRESO
4279,1,1001,2,1002,2021-01-15 06:25:05,8803930.41,EGRESO
4280,1,1001,2,1002,2021-01-15 13:47:33,4954671.14,EGRESO
4281,1,1001,2,1002,2021-01-16 00:09:09,9933751.26,INGRESO
4282,1,1001,2,1002,2021-01-16 10:46:03,170090.93,INGRESO
4283,1,1001,2,1002,2021-01-16 16:08:05,6567454.16,INGRESO
4284,1,1001,2,1002,2021-01-16 20:30:42,9309536.26,INGRESO
4285,1,1001,2,1002,2021-01-17 07:06:53,2057245.66,EGRESO
4286,1,1001,2,1002,2021-01-17 12:40:26,526640.20,INGRESO
4287,1,1001,2,1002,2021-01-17 17:04:11,5768908.57,EGRESO
4288,1,1001,2,1002,2021-01-17 20:39:45,633698.19,EGRESO
4289,1,1001,2,1002,2021-01-18 03:05:46,9711578.84,EGRESO
4290,1,1001,2,1002,2021-01-18 11:47:07,9880883.59,INGRESO
4291,1,1001,2,1002,2021-01-18 16:45:55,1441658.83,INGRESO
4292,1,1001,2,1002,2021-01-18 18:48:55,8920034.75,INGRESO
4293,1,1001,2,1002,2021-01-18 19:45:35,1227030.21,EGRESO
4294,1,1001,2,1002,2021-01-19 05:37:12,148687.25,EGRESO
4295,1,1001,2,1002,2021-01-19 15:35:47,648018.00,EGRESO
4296,1,1001,2,1002,2021-01-19 19:28:03,1919387.99,EGRESO
4297,1,1001,2,1002,2021-01-19 22:46:54,1523210.27,INGRESO
4298,1,1001,2,1002,2021-01-20 02:11:05,4300656.44,INGRESO
4299,1,1001,2,1002,2021-01-20 02:57:54,4052327.01,INGRESO
4300,1,1001,2,1002,2021-01-20 12:04:15,1761332.51,INGRESO
4301,1,1001,2,1002,2021-01-20 14:36:47,5423765.12,INGRESO
4302,1,1001,2,1002,2021-01-20 22:10:32,4752501.81,INGRESO
4303,1,1001,2,1002,2021-01-20 22:34:07,6305468.14,INGRESO
4304,1,1001,2,1002,2021-01-21 10:48:53,7383960.13,EGRESO
4305,1,1001,2,1002,2021-01-21 20:34:18,1487800.44,EGRESO
4306,1,1001,2,1002,2021-01-21 22:10:42,1678513.16,INGRESO
4307,1,1001,2,1002,2021-01-21 23:58:22,4222283.41,EGRESO
4308,1,1001,2,1002,2021-01-22 13:25:18,1474189.94,EGRESO
4309,1,1001,2,1002,2021-01-22 15:19:59,525136.07,INGRESO
4310,1,1001,2,1002,2021-01-22 17:30:10,4976371.58,EGRESO
4311,1,1001,2,1002,2021-01-22 20:47:38,8089570.78,EGRESO
4312,1,1001,2,1002,2021-01-23 04:58:57,544673.03,EGRESO
4313,1,1001,2,1002,2021-01-23 10:53:51,7205075.81,EGRESO
4314,1,1001,2,1002,2021-01-23 23:34:10,7139038.82,EGRESO
4315,1,1001,2,1002,2021-01-23 23:54:08,8787223.63,EGRESO
4316,1,1001,2,1002,2021-01-24 01:00:49,9894388.95,INGRESO
4317,1,1001,2,1002,2021-01-24 12:30:11,7487539.98,INGRESO
4318,1,1001,2,1002,2021-01-24 19:18:41,1024084.60,INGRESO
4319,1,1001,2,1002,2021-01-24 23:04:26,7147607.63,INGRESO
4320,1,1001,2,1002,2021-01-25 03:06:08,5405526.03,INGRESO
4321,1,1001,2,1002,2021-01-25 06:52:32,1014886.08,INGRESO
4322,1,1001,2,1002,2021-01-25 08:06:01,3417696.85,EGRESO
4323,1,1001,2,1002,2021-01-25 16:17:14,6948340.72,EGRESO
4324,1,1001,2,1002,2021-01-26 05:20:56,2485780.72,INGRESO
4325,1,1001,2,1002,2021-01-26 13:32:40,4842894.01,INGRESO
4326,1,1001,2,1002,2021-01-26 20:12:08,4409901.07,EGRESO
4327,1,1001,2,1002,2021-01-26 21:05:00,6088651.12,INGRESO
4328,1,1001,2,1002,2021-01-27 08:44:48,8345911.41,EGRESO
4329,1,1001,2,1002,2021-01-27 13:06:26,7145487.92,EGRESO
4330,1,1001,2,1002,2021-01-27 15:09:35,3150142.40,INGRESO
4331,1,1001,2,1002,2021-01-27 19:17:45,1526373.65,EGRESO
4332,1,1001,2,1002,2021-01-27 21:08:42,8124991.83,INGRESO
4333,1,1001,2,1002,2021-01-28 09:30:20,8204185.04,EGRESO
4334,1,1001,2,1002,2021-01-28 14:25:49,8075433.41,INGRESO
4335,1,1001,2,1002,2021-01-28 16:04:10,4262016.00,INGRESO
4336,1,1001,2,1002,2021-01-28 20:33:51,3713870.79,INGRESO
4337,1,1001,2,1002,2021-01-29 04:09:35,3014974.06,EGRESO
4338,1,1001,2,1002,2021-01-29 06:34:18,8231763.78,INGRESO
4339,1,1001,2,1002,2021-01-29 07:23:04,3234222.32,EGRESO
4340,1,1001,2,1002,2021-01-29 08:16:25,5931116.48,INGRESO
4341,1,1001,2,1002,2021-01-29 19:57:22,8817636.53,EGRESO
4342,1,1001,2,1002,2021-01-30 04:05:15,8670793.18,EGRESO
4343,1,1001,2,1002,2021-01-30 08:03:20,6390861.64,INGRESO
4344,1,1001,2,1002,2021-01-30 09:13:45,5553926.85,INGRESO
4345,1,1001,2,1002,2021-01-30 23:39:14,4674220.23,EGRESO
4346,1,1001,2,1002,2021-01-31 03:27:27,4886122.24,EGRESO
4347,1,1001,2,1002,2021-01-31 06:49:41,6554295.20,INGRESO
4348,1,1001,2,1002,2021-01-31 09:09:30,9518348.22,INGRESO
4349,1,1001,2,1002,2021-01-31 19:19:29,3291086.67,EGRESO
4350,1,1001,2,1002,2021-02-01 08:15:52,4340522.75,INGRESO
4351,1,1001,2,1002,2021-02-01 16:40:51,6319989.84,INGRESO
4352,1,1001,2,1002,2021-02-01 17:48:50,9358451.63,INGRESO
4353,1,1001,2,1002,2021-02-01 20:10:16,750903.39,INGRESO
4354,1,1001,2,1002,2021-02-02 04:06:53,2097787.67,INGRESO
4355,1,1001,2,1002,2021-02-02 08:14:54,5295635.20,EGRESO
4356,1,1001,2,1002,2021-02-02 19:42:19,9434703.31,EGRESO
4357,1,1001,2,1002,2021-02-02 20:51:05,4358850.18,INGRESO
4358,1,1001,2,1002,2021-02-03 02:55:15,803575.13,EGRESO
4359,1,1001,2,1002,2021-02-03 14:51:20,6486132.04,INGRESO
4360,1,1001,2,1002,2021-02-03 18:41:04,9221329.25,INGRESO
4361,1,1001,2,1002,2021-02-03 20:38:19,1867446.86,EGRESO
4362,1,1001,2,1002,2021-02-03 21:25:30,1286578.38,EGRESO
4363,1,1001,2,1002,2021-02-04 02:40:30,8186850.26,EGRESO
4364,1,1001,2,1002,2021-02-04 04:53:20,4676841.22,INGRESO
4365,1,1001,2,1002,2021-02-04 16:00:09,4011978.21,EGRESO
4366,1,1001,2,1002,2021-02-04 18:19:06,2678302.07,EGRESO
4367,1,1001,2,1002,2021-02-04 20:02:43,6765434.36,EGRESO
4368,1,1001,2,1002,2021-02-05 04:10:22,327638.56,EGRESO
4369,1,1001,2,1002,2021-02-05 18:28:04,6199855.53,INGRESO
4370,1,1001,2,1002,2021-02-05 18:45:22,354623.69,EGRESO
4371,1,1001,2,1002,2021-02-05 22:48:49,5183187.63,EGRESO
4372,1,1001,2,1002,2021-02-06 03:43:01,213438.71,EGRESO
4373,1,1001,2,1002,2021-02-06 14:16:15,1618317.01,EGRESO
4374,1,1001,2,1002,2021-02-06 16:44:51,1247214.77,EGRESO
4375,1,1001,2,1002,2021-02-06 19:49:02,7459706.05,EGRESO
4376,1,1001,2,1002,2021-02-07 06:14:06,4717091.61,EGRESO
4377,1,1001,2,1002,2021-02-07 06:58:39,5829681.94,EGRESO
4378,1,1001,2,1002,2021-02-07 17:17:53,5931403.38,INGRESO
4379,1,1001,2,1002,2021-02-07 20:29:57,8471842.52,INGRESO
4380,1,1001,2,1002,2021-02-08 03:23:24,8228826.26,EGRESO
4381,1,1001,2,1002,2021-02-08 04:58:50,2454690.73,EGRESO
4382,1,1001,2,1002,2021-02-08 13:35:37,9882690.09,EGRESO
4383,1,1001,2,1002,2021-02-08 22:31:45,4284319.37,INGRESO
4384,1,1001,2,1002,2021-02-09 01:43:09,178216.54,INGRESO
4385,1,1001,2,1002,2021-02-09 02:05:43,780089.91,INGRESO
4386,1,1001,2,1002,2021-02-09 08:37:31,7960632.40,INGRESO
4387,1,1001,2,1002,2021-02-09 14:43:19,3625694.94,EGRESO
4388,1,1001,2,1002,2021-02-10 00:33:08,9865820.47,INGRESO
4389,1,1001,2,1002,2021-02-10 01:31:10,2470452.85,EGRESO
4390,1,1001,2,1002,2021-02-10 13:33:24,8719945.61,INGRESO
4391,1,1001,2,1002,2021-02-10 21:38:17,7763788.53,INGRESO
4392,1,1001,2,1002,2021-02-11 04:23:19,7106258.56,EGRESO
4393,1,1001,2,1002,2021-02-11 04:56:12,9963811.53,EGRESO
4394,1,1001,2,1002,2021-02-11 07:45:35,5553178.59,INGRESO
4395,1,1001,2,1002,2021-02-11 10:55:12,656756.59,INGRESO
4396,1,1001,2,1002,2021-02-11 15:30:33,7738561.37,EGRESO
4397,1,1001,2,1002,2021-02-11 16:44:14,1893126.56,EGRESO
4398,1,1001,2,1002,2021-02-12 03:11:35,3471645.23,EGRESO
4399,1,1001,2,1002,2021-02-12 07:20:24,1615994.20,EGRESO
4400,1,1001,2,1002,2021-02-12 20:29:48,333660.69,INGRESO
4401,1,1001,2,1002,2021-02-12 22:36:58,1856508.08,INGRESO
4402,1,1001,2,1002,2021-02-13 04:10:35,2480268.78,INGRESO
4403,1,1001,2,1002,2021-02-13 06:07:00,2454509.27,INGRESO
4404,1,1001,2,1002,2021-02-13 12:54:46,530527.15,INGRESO
4405,1,1001,2,1002,2021-02-13 13:21:41,7280250.15,INGRESO
4406,1,1001,2,1002,2021-02-14 00:25:26,1427425.23,INGRESO
4407,1,1001,2,1002,2021-02-14 04:28:05,6261809.02,INGRESO
4408,1,1001,2,1002,2021-02-14 09:18:24,5825530.61,INGRESO
4409,1,1001,2,1002,2021-02-14 12:25:47,129680.32,INGRESO
4410,1,1001,2,1002,2021-02-15 08:42:45,787756.70,EGRESO
4411,1,1001,2,1002,2021-02-15 12:59:47,521630.57,INGRESO
4412,1,1001,2,1002,2021-02-15 13:34:51,1744669.74,INGRESO
4413,1,1001,2,1002,2021-02-15 18:41:03,407363.36,EGRESO
4414,1,1001,2,1002,2021-02-15 19:06:14,1435669.30,INGRESO
4415,1,1001,2,1002,2021-02-16 01:35:02,1293378.06,INGRESO
4416,1,1001,2,1002,2021-02-16 12:52:06,7143784.23,EGRESO
4417,1,1001,2,1002,2021-02-16 17:48:12,9953623.23,INGRESO
4418,1,1001,2,1002,2021-02-16 21:59:00,6607748.83,INGRESO
4419,1,1001,2,1002,2021-02-17 03:37:40,7816291.79,EGRESO
4420,1,1001,2,1002,2021-02-17 11:55:08,5842851.89,EGRESO
4421,1,1001,2,1002,2021-02-17 12:57:07,3989026.69,INGRESO
4422,1,1001,2,1002,2021-02-17 19:58:56,2972415.46,EGRESO
4423,1,1001,2,1002,2021-02-18 01:14:35,9179933.43,INGRESO
4424,1,1001,2,1002,2021-02-18 04:06:47,215231.89,EGRESO
4425,1,1001,2,1002,2021-02-18 08:49:38,3801243.12,INGRESO
4426,1,1001,2,1002,2021-02-18 21:57:23,6988053.40,EGRESO
4427,1,1001,2,1002,2021-02-19 00:46:29,4543857.41,INGRESO
4428,1,1001,2,1002,2021-02-19 07:01:56,9833886.80,INGRESO
4429,1,1001,2,1002,2021-02-19 09:16:11,6833081.78,INGRESO
4430,1,1001,2,1002,2021-02-19 12:54:05,1398205.36,INGRESO
4431,1,1001,2,1002,2021-02-19 16:15:58,9448284.96,EGRESO
4432,1,1001,2,1002,2021-02-19 21:10:01,1060440.14,INGRESO
4433,1,1001,2,1002,2021-02-20 00:45:46,8068292.17,INGRESO
4434,1,1001,2,1002,2021-02-20 04:01:12,5127129.91,INGRESO
4435,1,1001,2,1002,2021-02-20 04:08:06,4113604.75,INGRESO
4436,1,1001,2,1002,2021-02-20 16:00:55,8897171.10,EGRESO
4437,1,1001,2,1002,2021-02-20 17:46:09,9134754.46,INGRESO
4438,1,1001,2,1002,2021-02-21 02:41:07,1503164.99,INGRESO
4439,1,1001,2,1002,2021-02-21 05:28:12,4256348.37,INGRESO
4440,1,1001,2,1002,2021-02-21 06:44:43,5763915.11,EGRESO
4441,1,1001,2,1002,2021-02-21 09:24:31,9617024.44,INGRESO
4442,1,1001,2,1002,2021-02-22 05:15:06,8944757.18,INGRESO
4443,1,1001,2,1002,2021-02-22 09:06:42,5849671.91,EGRESO
4444,1,1001,2,1002,2021-02-22 10:33:35,8721300.45,EGRESO
4445,1,1001,2,1002,2021-02-22 13:51:54,3711637.20,INGRESO
4446,1,1001,2,1002,2021-02-22 20:10:46,2155274.38,INGRESO
4447,1,1001,2,1002,2021-02-22 21:25:11,2012099.84,EGRESO
4448,1,1001,2,1002,2021-02-23 00:30:08,1885631.05,EGRESO
4449,1,1001,2,1002,2021-02-23 00:54:05,4419699.06,INGRESO
4450,1,1001,2,1002,2021-02-23 09:47:00,3005239.96,EGRESO
4451,1,1001,2,1002,2021-02-23 12:27:54,9477197.06,EGRESO
4452,1,1001,2,1002,2021-02-23 16:10:07,6366071.38,EGRESO
4453,1,1001,2,1002,2021-02-23 19:36:13,5462159.68,EGRESO
4454,1,1001,2,1002,2021-02-24 01:09:07,6172258.51,EGRESO
4455,1,1001,2,1002,2021-02-24 05:29:43,7750542.60,INGRESO
4456,1,1001,2,1002,2021-02-24 17:37:14,4497908.73,INGRESO
4457,1,1001,2,1002,2021-02-24 17:44:14,5844474.35,EGRESO
4458,1,1001,2,1002,2021-02-24 18:16:08,7972413.55,INGRESO
4459,1,1001,2,1002,2021-02-25 01:17:27,3016735.80,INGRESO
4460,1,1001,2,1002,2021-02-25 02:42:58,6269924.09,EGRESO
4461,1,1001,2,1002,2021-02-25 06:38:12,3354617.70,EGRESO
4462,1,1001,2,1002,2021-02-25 22:35:19,623759.34,INGRESO
4463,1,1001,2,1002,2021-02-26 05:45:46,387281.30,EGRESO
4464,1,1001,2,1002,2021-02-26 14:17:34,3321252.16,EGRESO
4465,1,1001,2,1002,2021-02-26 17:19:18,5751875.13,EGRESO
4466,1,1001,2,1002,2021-02-26 21:50:38,4675725.61,INGRESO
4467,1,1001,2,1002,2021-02-26 23:28:20,4656199.56,EGRESO
4468,1,1001,2,1002,2021-02-27 08:20:42,7172956.36,EGRESO
4469,1,1001,2,1002,2021-02-27 14:19:25,8507409.11,INGRESO
4470,1,1001,2,1002,2021-02-27 16:19:57,8106441.74,INGRESO
4471,1,1001,2,1002,2021-02-27 22:14:24,2987784.53,EGRESO
4472,1,1001,2,1002,2021-02-28 02:45:46,8751279.52,EGRESO
4473,1,1001,2,1002,2021-02-28 11:59:18,5246211.01,EGRESO
4474,1,1001,2,1002,2021-02-28 13:08:28,4862743.34,INGRESO
4475,1,1001,2,1002,2021-02-28 18:49:23,1316802.36,INGRESO
4476,1,1001,2,1002,2021-02-28 19:14:00,337958.59,EGRESO
4477,1,1001,2,1002,2021-03-01 04:46:00,4859171.45,EGRESO
4478,1,1001,2,1002,2021-03-01 07:52:32,6768264.79,EGRESO
4479,1,1001,2,1002,2021-03-01 11:19:57,2024654.97,INGRESO
4480,1,1001,2,1002,2021-03-01 21:27:10,1374780.34,EGRESO
4481,1,1001,2,1002,2021-03-02 01:35:22,5270407.77,INGRESO
4482,1,1001,2,1002,2021-03-02 06:10:46,8358345.35,INGRESO
4483,1,1001,2,1002,2021-03-02 07:41:46,4290542.70,INGRESO
4484,1,1001,2,1002,2021-03-02 22:44:30,4754370.86,EGRESO
4485,1,1001,2,1002,2021-03-03 12:03:53,2688512.31,INGRESO
4486,1,1001,2,1002,2021-03-03 13:08:35,5968119.48,EGRESO
4487,1,1001,2,1002,2021-03-03 17:01:50,1136948.67,INGRESO
4488,1,1001,2,1002,2021-03-03 21:00:34,5034015.43,INGRESO
4489,1,1001,2,1002,2021-03-04 00:13:04,2664160.88,EGRESO
4490,1,1001,2,1002,2021-03-04 11:26:43,3050765.55,EGRESO
4491,1,1001,2,1002,2021-03-04 12:52:37,1327329.19,EGRESO
4492,1,1001,2,1002,2021-03-04 14:07:20,2960809.47,INGRESO
4493,1,1001,2,1002,2021-03-04 17:03:14,7547234.03,EGRESO
4494,1,1001,2,1002,2021-03-05 00:44:48,8378938.93,INGRESO
4495,1,1001,2,1002,2021-03-05 08:15:03,6557835.88,EGRESO
4496,1,1001,2,1002,2021-03-05 09:03:22,6060556.64,INGRESO
4497,1,1001,2,1002,2021-03-05 12:09:09,5972307.01,EGRESO
4498,1,1001,2,1002,2021-03-05 12:12:55,3067265.04,INGRESO
4499,1,1001,2,1002,2021-03-05 17:36:05,6822750.78,EGRESO
4500,1,1001,2,1002,2021-03-05 21:05:11,2689850.66,INGRESO
4501,1,1001,2,1002,2021-03-06 01:39:08,6130420.62,INGRESO
4502,1,1001,2,1002,2021-03-06 05:18:34,7829227.92,INGRESO
4503,1,1001,2,1002,2021-03-06 16:43:35,9824786.45,EGRESO
4504,1,1001,2,1002,2021-03-06 22:09:38,6149252.04,INGRESO
4505,1,1001,2,1002,2021-03-06 22:58:09,4556561.53,INGRESO
4506,1,1001,2,1002,2021-03-07 02:18:40,7050477.55,EGRESO
4507,1,1001,2,1002,2021-03-07 05:13:48,2014810.10,EGRESO
4508,1,1001,2,1002,2021-03-07 09:55:38,3003784.96,INGRESO
4509,1,1001,2,1002,2021-03-07 09:57:06,1560733.45,INGRESO
4510,1,1001,2,1002,2021-03-07 13:59:48,458104.86,EGRESO
4511,1,1001,2,1002,2021-03-08 09:32:29,1671865.44,INGRESO
4512,1,1001,2,1002,2021-03-08 12:59:30,1979476.41,INGRESO
4513,1,1001,2,1002,2021-03-08 18:12:16,5800990.16,EGRESO
4514,1,1001,2,1002,2021-03-08 20:42:54,5994039.37,INGRESO
4515,1,1001,2,1002,2021-03-09 01:14:31,8067317.61,INGRESO
4516,1,1001,2,1002,2021-03-09 05:03:51,345604.08,INGRESO
4517,1,1001,2,1002,2021-03-09 19:13:45,2721178.53,INGRESO
4518,1,1001,2,1002,2021-03-09 20:52:53,1162033.00,EGRESO
4519,1,1001,2,1002,2021-03-09 21:16:40,5117728.81,INGRESO
4520,1,1001,2,1002,2021-03-10 03:28:04,167759.36,INGRESO
4521,1,1001,2,1002,2021-03-10 07:15:15,965372.04,EGRESO
4522,1,1001,2,1002,2021-03-10 15:31:09,8360454.68,INGRESO
4523,1,1001,2,1002,2021-03-10 20:24:42,3012023.96,INGRESO
4524,1,1001,2,1002,2021-03-10 23:03:01,8571805.31,INGRESO
4525,1,1001,2,1002,2021-03-11 03:36:15,6010313.83,INGRESO
4526,1,1001,2,1002,2021-03-11 08:40:00,7946542.86,INGRESO
4527,1,1001,2,1002,2021-03-11 10:15:07,3127942.92,EGRESO
4528,1,1001,2,1002,2021-03-11 13:12:47,8989320.81,EGRESO
4529,1,1001,2,1002,2021-03-11 20:49:03,7010404.17,EGRESO
4530,1,1001,2,1002,2021-03-11 23:06:21,6347991.27,INGRESO
4531,1,1001,2,1002,2021-03-12 02:37:21,8943632.72,INGRESO
4532,1,1001,2,1002,2021-03-12 05:08:19,9186265.38,EGRESO
4533,1,1001,2,1002,2021-03-12 11:04:05,8318789.90,EGRESO
4534,1,1001,2,1002,2021-03-12 12:26:01,7192634.01,INGRESO
4535,1,1001,2,1002,2021-03-12 13:12:13,2711135.63,INGRESO
4536,1,1001,2,1002,2021-03-13 08:55:39,4448574.29,EGRESO
4537,1,1001,2,1002,2021-03-13 12:45:31,7549672.35,INGRESO
4538,1,1001,2,1002,2021-03-13 18:31:43,5853168.91,INGRESO
4539,1,1001,2,1002,2021-03-13 23:07:38,7994003.51,EGRESO
4540,1,1001,2,1002,2021-03-14 02:12:03,4831035.18,EGRESO
4541,1,1001,2,1002,2021-03-14 12:10:34,9162083.35,INGRESO
4542,1,1001,2,1002,2021-03-14 12:16:39,6360945.16,INGRESO
4543,1,1001,2,1002,2021-03-14 14:46:50,134631.51,INGRESO
4544,1,1001,2,1002,2021-03-14 20:03:06,5816336.11,EGRESO
4545,1,1001,2,1002,2021-03-15 08:51:45,2893177.44,EGRESO
4546,1,1001,2,1002,2021-03-15 11:46:02,3342072.19,EGRESO
4547,1,1001,2,1002,2021-03-15 13:22:20,6287082.15,EGRESO
4548,1,1001,2,1002,2021-03-15 17:31:46,4138858.60,INGRESO
4549,1,1001,2,1002,2021-03-15 18:20:25,1943721.83,INGRESO
4550,1,1001,2,1002,2021-03-16 04:56:15,4421295.69,EGRESO
4551,1,1001,2,1002,2021-03-16 05:29:26,5696156.60,INGRESO
4552,1,1001,2,1002,2021-03-16 08:32:57,2865890.24,INGRESO
4553,1,1001,2,1002,2021-03-16 12:42:55,4279634.76,EGRESO
4554,1,1001,2,1002,2021-03-17 00:15:47,3783077.55,EGRESO
4555,1,1001,2,1002,2021-03-17 07:28:37,6666905.74,EGRESO
4556,1,1001,2,1002,2021-03-17 14:44:41,8844667.61,EGRESO
4557,1,1001,2,1002,2021-03-17 16:29:52,6812616.12,EGRESO
4558,1,1001,2,1002,2021-03-18 11:00:37,8860700.93,EGRESO
4559,1,1001,2,1002,2021-03-18 14:25:14,475955.71,INGRESO
4560,1,1001,2,1002,2021-03-18 16:13:14,2191271.85,INGRESO
4561,1,1001,2,1002,2021-03-18 20:42:24,9139972.01,EGRESO
4562,1,1001,2,1002,2021-03-19 02:24:53,3653526.37,INGRESO
4563,1,1001,2,1002,2021-03-19 05:14:10,7506663.21,INGRESO
4564,1,1001,2,1002,2021-03-19 06:09:00,9275567.13,INGRESO
4565,1,1001,2,1002,2021-03-19 21:21:52,9926273.67,INGRESO
4566,1,1001,2,1002,2021-03-20 09:10:45,9848859.99,INGRESO
4567,1,1001,2,1002,2021-03-20 10:58:36,6686704.21,EGRESO
4568,1,1001,2,1002,2021-03-20 11:13:55,5720809.85,INGRESO
4569,1,1001,2,1002,2021-03-20 20:49:19,1596496.68,EGRESO
4570,1,1001,2,1002,2021-03-21 02:40:33,2352728.38,EGRESO
4571,1,1001,2,1002,2021-03-21 06:55:34,7725567.66,INGRESO
4572,1,1001,2,1002,2021-03-21 12:23:45,3218145.21,EGRESO
4573,1,1001,2,1002,2021-03-21 20:04:16,6380956.38,EGRESO
4574,1,1001,2,1002,2021-03-21 23:59:18,6562963.47,INGRESO
4575,1,1001,2,1002,2021-03-22 02:54:49,8961906.70,EGRESO
4576,1,1001,2,1002,2021-03-22 06:30:28,3041271.02,INGRESO
4577,1,1001,2,1002,2021-03-22 11:04:36,9453053.19,INGRESO
4578,1,1001,2,1002,2021-03-22 12:52:12,8453851.71,EGRESO
4579,1,1001,2,1002,2021-03-22 17:02:04,9324713.35,EGRESO
4580,1,1001,2,1002,2021-03-22 21:08:04,2349198.77,INGRESO
4581,1,1001,2,1002,2021-03-22 21:14:20,510950.82,EGRESO
4582,1,1001,2,1002,2021-03-22 21:17:47,1346525.61,EGRESO
4583,1,1001,2,1002,2021-03-23 02:27:59,9346217.51,EGRESO
4584,1,1001,2,1002,2021-03-23 12:59:49,9442391.59,EGRESO
4585,1,1001,2,1002,2021-03-23 15:35:34,2417483.84,INGRESO
4586,1,1001,2,1002,2021-03-23 17:38:26,8508935.69,INGRESO
4587,1,1001,2,1002,2021-03-24 00:50:24,5941598.20,EGRESO
4588,1,1001,2,1002,2021-03-24 06:22:48,302291.40,INGRESO
4589,1,1001,2,1002,2021-03-24 09:22:36,7953504.46,INGRESO
4590,1,1001,2,1002,2021-03-24 10:02:39,1837041.52,EGRESO
4591,1,1001,2,1002,2021-03-24 11:37:25,6350659.56,INGRESO
4592,1,1001,2,1002,2021-03-24 19:53:48,2918681.62,EGRESO
4593,1,1001,2,1002,2021-03-25 05:59:29,7051875.44,INGRESO
4594,1,1001,2,1002,2021-03-25 08:37:31,7994140.07,EGRESO
4595,1,1001,2,1002,2021-03-25 09:45:33,5745660.47,EGRESO
4596,1,1001,2,1002,2021-03-25 22:48:29,586059.84,INGRESO
4597,1,1001,2,1002,2021-03-26 00:43:50,8680369.57,INGRESO
4598,1,1001,2,1002,2021-03-26 01:44:11,6206211.73,INGRESO
4599,1,1001,2,1002,2021-03-26 07:56:54,9535582.05,EGRESO
4600,1,1001,2,1002,2021-03-26 14:32:52,7433509.68,INGRESO
4601,1,1001,2,1002,2021-03-26 16:18:29,558392.41,EGRESO
4602,1,1001,2,1002,2021-03-27 07:17:39,595447.27,EGRESO
4603,1,1001,2,1002,2021-03-27 10:17:25,7395817.71,INGRESO
4604,1,1001,2,1002,2021-03-27 18:16:27,9831308.12,INGRESO
4605,1,1001,2,1002,2021-03-27 21:57:03,544903.66,EGRESO
4606,1,1001,2,1002,2021-03-28 03:37:30,2375989.17,INGRESO
4607,1,1001,2,1002,2021-03-28 07:09:43,241846.56,EGRESO
4608,1,1001,2,1002,2021-03-28 08:48:04,6575333.36,EGRESO
4609,1,1001,2,1002,2021-03-28 23:35:46,6997597.38,INGRESO
4610,1,1001,2,1002,2021-03-29 01:46:10,8691846.16,INGRESO
4611,1,1001,2,1002,2021-03-29 02:04:04,325681.00,EGRESO
4612,1,1001,2,1002,2021-03-29 04:41:50,5476459.16,INGRESO
4613,1,1001,2,1002,2021-03-29 21:52:57,2027400.64,INGRESO
4614,1,1001,2,1002,2021-03-30 02:40:26,6090008.99,EGRESO
4615,1,1001,2,1002,2021-03-30 02:53:15,9481132.27,INGRESO
4616,1,1001,2,1002,2021-03-30 12:25:16,2975198.54,EGRESO
4617,1,1001,2,1002,2021-03-30 20:57:09,3222399.39,INGRESO
4618,1,1001,2,1002,2021-03-31 00:11:01,5959429.30,EGRESO
4619,1,1001,2,1002,2021-03-31 04:58:33,8833948.86,EGRESO
4620,1,1001,2,1002,2021-03-31 06:51:04,1878911.03,INGRESO
4621,1,1001,2,1002,2021-03-31 09:51:12,4795984.98,EGRESO
4622,1,1001,2,1002,2021-04-01 00:32:46,6781838.75,INGRESO
4623,1,1001,2,1002,2021-04-01 19:32:57,6406921.54,EGRESO
4624,1,1001,2,1002,2021-04-01 23:17:51,5276335.11,INGRESO
4625,1,1001,2,1002,2021-04-01 23:23:31,7098116.21,EGRESO
4626,1,1001,2,1002,2021-04-02 01:00:14,466954.98,INGRESO
4627,1,1001,2,1002,2021-04-02 07:43:36,194964.38,EGRESO
4628,1,1001,2,1002,2021-04-02 11:42:25,5944996.35,EGRESO
4629,1,1001,2,1002,2021-04-02 11:45:22,3528610.95,INGRESO
4630,1,1001,2,1002,2021-04-03 00:59:10,3970007.67,INGRESO
4631,1,1001,2,1002,2021-04-03 11:53:47,9079955.32,EGRESO
4632,1,1001,2,1002,2021-04-03 14:45:25,2283218.47,INGRESO
4633,1,1001,2,1002,2021-04-03 17:42:23,5279724.27,EGRESO
4634,1,1001,2,1002,2021-04-03 23:37:36,6971210.70,INGRESO
4635,1,1001,2,1002,2021-04-04 02:05:29,3091688.31,EGRESO
4636,1,1001,2,1002,2021-04-04 06:21:12,4593479.21,EGRESO
4637,1,1001,2,1002,2021-04-04 12:17:52,7943879.74,EGRESO
4638,1,1001,2,1002,2021-04-04 15:04:59,3071823.09,INGRESO
4639,1,1001,2,1002,2021-04-04 22:12:05,6002526.20,INGRESO
4640,1,1001,2,1002,2021-04-05 01:39:19,2764709.52,EGRESO
4641,1,1001,2,1002,2021-04-05 03:10:29,1052147.56,INGRESO
4642,1,1001,2,1002,2021-04-05 22:18:39,9848607.31,EGRESO
4643,1,1001,2,1002,2021-04-05 22:48:11,3279862.26,INGRESO
4644,1,1001,2,1002,2021-04-06 09:21:27,5365365.68,INGRESO
4645,1,1001,2,1002,2021-04-06 12:10:46,1913711.60,EGRESO
4646,1,1001,2,1002,2021-04-06 14:32:50,2311856.85,EGRESO
4647,1,1001,2,1002,2021-04-06 17:59:56,8340400.28,EGRESO
4648,1,1001,2,1002,2021-04-06 21:46:00,6891447.41,EGRESO
4649,1,1001,2,1002,2021-04-07 00:29:42,2370172.19,EGRESO
4650,1,1001,2,1002,2021-04-07 00:56:13,9004915.01,INGRESO
4651,1,1001,2,1002,2021-04-07 11:32:15,4454202.04,INGRESO
4652,1,1001,2,1002,2021-04-07 16:52:15,3584926.38,INGRESO
4653,1,1001,2,1002,2021-04-07 20:32:22,4843736.50,EGRESO
4654,1,1001,2,1002,2021-04-08 02:02:22,3739347.98,EGRESO
4655,1,1001,2,1002,2021-04-08 11:24:42,7246878.57,INGRESO
4656,1,1001,2,1002,2021-04-08 15:06:52,2426864.18,INGRESO
4657,1,1001,2,1002,2021-04-08 22:21:13,6706877.40,EGRESO
4658,1,1001,2,1002,2021-04-08 23:48:53,1222455.77,EGRESO
4659,1,1001,2,1002,2021-04-09 00:40:38,2248230.72,INGRESO
4660,1,1001,2,1002,2021-04-09 03:24:08,9810658.33,EGRESO
4661,1,1001,2,1002,2021-04-09 05:42:16,5153952.22,EGRESO
4662,1,1001,2,1002,2021-04-09 11:59:04,5236959.22,EGRESO
4663,1,1001,2,1002,2021-04-10 03:16:19,4072663.01,INGRESO
4664,1,1001,2,1002,2021-04-10 05:11:38,4742830.34,EGRESO
4665,1,1001,2,1002,2021-04-10 05:41:12,2989723.25,INGRESO
4666,1,1001,2,1002,2021-04-10 07:39:48,1549784.66,INGRESO
4667,1,1001,2,1002,2021-04-10 19:16:40,5904945.74,INGRESO
4668,1,1001,2,1002,2021-04-11 12:31:42,6847231.72,INGRESO
4669,1,1001,2,1002,2021-04-11 13:01:43,5832407.72,EGRESO
4670,1,1001,2,1002,2021-04-11 13:10:12,9032900.24,INGRESO
4671,1,1001,2,1002,2021-04-11 15:24:33,8210573.36,INGRESO
4672,1,1001,2,1002,2021-04-12 05:35:07,9830732.28,INGRESO
4673,1,1001,2,1002,2021-04-12 19:36:43,9532451.26,EGRESO
4674,1,1001,2,1002,2021-04-12 20:12:24,1560469.12,EGRESO
4675,1,1001,2,1002,2021-04-12 21:25:34,8203615.45,EGRESO
4676,1,1001,2,1002,2021-04-13 12:02:43,7514834.64,EGRESO
4677,1,1001,2,1002,2021-04-13 20:56:02,7909923.97,EGRESO
4678,1,1001,2,1002,2021-04-13 21:54:08,7599570.30,EGRESO
4679,1,1001,2,1002,2021-04-13 23:56:01,1457852.71,INGRESO
4680,1,1001,2,1002,2021-04-14 08:22:26,9178560.48,INGRESO
4681,1,1001,2,1002,2021-04-14 09:23:14,6287931.18,EGRESO
4682,1,1001,2,1002,2021-04-14 17:23:14,1199935.23,INGRESO
4683,1,1001,2,1002,2021-04-14 22:31:31,5952480.34,INGRESO
4684,1,1001,2,1002,2021-04-15 01:09:06,7181153.94,INGRESO
4685,1,1001,2,1002,2021-04-15 11:15:34,3979231.65,INGRESO
4686,1,1001,2,1002,2021-04-15 23:34:03,8576511.23,EGRESO
4687,1,1001,2,1002,2021-04-15 23:43:31,1301197.64,EGRESO
4688,1,1001,2,1002,2021-04-16 10:07:52,9979558.83,EGRESO
4689,1,1001,2,1002,2021-04-16 13:09:23,272386.99,INGRESO
4690,1,1001,2,1002,2021-04-16 16:29:56,8614925.62,EGRESO
4691,1,1001,2,1002,2021-04-16 20:00:23,1892332.84,EGRESO
4692,1,1001,2,1002,2021-04-16 20:21:48,9623042.63,EGRESO
4693,1,1001,2,1002,2021-04-17 04:48:03,3699930.56,INGRESO
4694,1,1001,2,1002,2021-04-17 09:12:30,9459726.79,EGRESO
4695,1,1001,2,1002,2021-04-17 09:58:24,3630168.45,INGRESO
4696,1,1001,2,1002,2021-04-17 19:03:12,7667692.91,EGRESO
4697,1,1001,2,1002,2021-04-17 19:17:00,3099860.68,INGRESO
4698,1,1001,2,1002,2021-04-18 00:19:44,52979.33,EGRESO
4699,1,1001,2,1002,2021-04-18 03:37:59,7955280.60,EGRESO
4700,1,1001,2,1002,2021-04-18 17:19:19,6169249.48,EGRESO
4701,1,1001,2,1002,2021-04-18 20:19:15,6166855.46,EGRESO
4702,1,1001,2,1002,2021-04-19 05:28:58,2854531.32,INGRESO
4703,1,1001,2,1002,2021-04-19 13:11:53,8839975.76,EGRESO
4704,1,1001,2,1002,2021-04-19 22:53:51,9153141.93,EGRESO
4705,1,1001,2,1002,2021-04-19 23:51:39,6695643.81,EGRESO
4706,1,1001,2,1002,2021-04-20 01:01:03,8905507.04,EGRESO
4707,1,1001,2,1002,2021-04-20 03:16:24,264090.41,EGRESO
4708,1,1001,2,1002,2021-04-20 08:18:26,5998263.08,INGRESO
4709,1,1001,2,1002,2021-04-20 14:35:39,9231430.24,EGRESO
4710,1,1001,2,1002,2021-04-21 02:11:26,6038063.20,EGRESO
4711,1,1001,2,1002,2021-04-21 04:26:59,6010127.13,INGRESO
4712,1,1001,2,1002,2021-04-21 04:53:02,330381.24,EGRESO
4713,1,1001,2,1002,2021-04-21 22:44:31,2227394.70,EGRESO
4714,1,1001,2,1002,2021-04-22 07:27:41,8046325.27,EGRESO
4715,1,1001,2,1002,2021-04-22 18:16:18,7620270.65,INGRESO
4716,1,1001,2,1002,2021-04-22 19:46:47,2897123.57,EGRESO
4717,1,1001,2,1002,2021-04-22 20:12:57,7177270.02,INGRESO
4718,1,1001,2,1002,2021-04-23 06:37:11,2427494.89,INGRESO
4719,1,1001,2,1002,2021-04-23 09:26:02,58399.51,EGRESO
4720,1,1001,2,1002,2021-04-23 13:18:41,131318.13,EGRESO
4721,1,1001,2,1002,2021-04-23 22:03:59,7740085.48,INGRESO
4722,1,1001,2,1002,2021-04-24 01:03:26,3389436.55,EGRESO
4723,1,1001,2,1002,2021-04-24 05:26:11,5411044.74,INGRESO
4724,1,1001,2,1002,2021-04-24 05:54:04,6796973.76,EGRESO
4725,1,1001,2,1002,2021-04-24 06:27:36,6104693.76,INGRESO
4726,1,1001,2,1002,2021-04-24 19:14:31,9264702.43,INGRESO
4727,1,1001,2,1002,2021-04-25 08:49:56,5949464.17,INGRESO
4728,1,1001,2,1002,2021-04-25 12:46:23,1113599.46,INGRESO
4729,1,1001,2,1002,2021-04-25 16:04:35,4111482.37,INGRESO
4730,1,1001,2,1002,2021-04-25 18:09:56,9151172.00,INGRESO
4731,1,1001,2,1002,2021-04-26 07:45:36,6504189.25,INGRESO
4732,1,1001,2,1002,2021-04-26 12:31:58,652697.57,EGRESO
4733,1,1001,2,1002,2021-04-26 14:09:50,2855627.01,EGRESO
4734,1,1001,2,1002,2021-04-26 23:09:38,6574354.21,INGRESO
4735,1,1001,2,1002,2021-04-27 00:33:43,6211332.62,EGRESO
4736,1,1001,2,1002,2021-04-27 00:57:49,3698810.92,EGRESO
4737,1,1001,2,1002,2021-04-27 03:55:30,1397845.61,EGRESO
4738,1,1001,2,1002,2021-04-27 07:43:19,4149328.98,INGRESO
4739,1,1001,2,1002,2021-04-27 11:47:25,1345969.21,EGRESO
4740,1,1001,2,1002,2021-04-27 16:45:06,8527237.29,EGRESO
4741,1,1001,2,1002,2021-04-28 02:11:02,1091462.97,INGRESO
4742,1,1001,2,1002,2021-04-28 02:22:57,551909.95,INGRESO
4743,1,1001,2,1002,2021-04-28 12:46:04,3506553.64,EGRESO
4744,1,1001,2,1002,2021-04-28 14:37:51,1571302.34,EGRESO
4745,1,1001,2,1002,2021-04-28 23:30:01,7191438.59,INGRESO
4746,1,1001,2,1002,2021-04-29 08:18:19,758168.14,EGRESO
4747,1,1001,2,1002,2021-04-29 13:41:22,8221733.74,INGRESO
4748,1,1001,2,1002,2021-04-29 14:55:30,1772534.53,INGRESO
4749,1,1001,2,1002,2021-04-29 20:32:30,6482391.01,EGRESO
4750,1,1001,2,1002,2021-04-30 01:07:04,2213804.22,EGRESO
4751,1,1001,2,1002,2021-04-30 08:09:30,4672213.14,INGRESO
4752,1,1001,2,1002,2021-04-30 13:40:26,9446333.14,INGRESO
4753,1,1001,2,1002,2021-04-30 22:49:58,3568931.82,EGRESO
4754,1,1001,2,1002,2021-04-30 23:55:20,1407267.68,EGRESO
4755,1,1001,2,1002,2021-05-01 00:45:21,5386971.03,INGRESO
4756,1,1001,2,1002,2021-05-01 09:10:20,920129.34,EGRESO
4757,1,1001,2,1002,2021-05-01 09:33:02,4274651.33,EGRESO
4758,1,1001,2,1002,2021-05-01 15:47:38,9488744.31,EGRESO
4759,1,1001,2,1002,2021-05-02 07:23:54,4935142.65,EGRESO
4760,1,1001,2,1002,2021-05-02 08:25:27,5295730.20,EGRESO
4761,1,1001,2,1002,2021-05-02 08:48:17,2995374.11,INGRESO
4762,1,1001,2,1002,2021-05-02 12:53:59,9100156.91,INGRESO
4763,1,1001,2,1002,2021-05-03 10:08:47,2957416.07,INGRESO
4764,1,1001,2,1002,2021-05-03 10:51:59,833363.50,INGRESO
4765,1,1001,2,1002,2021-05-03 11:52:15,9356596.36,INGRESO
4766,1,1001,2,1002,2021-05-03 15:29:45,2542195.13,EGRESO
4767,1,1001,2,1002,2021-05-03 23:24:01,3692902.49,INGRESO
4768,1,1001,2,1002,2021-05-04 05:42:22,464938.58,EGRESO
4769,1,1001,2,1002,2021-05-04 07:53:11,9580970.55,EGRESO
4770,1,1001,2,1002,2021-05-04 18:09:12,1774036.92,INGRESO
4771,1,1001,2,1002,2021-05-04 20:44:08,7408452.63,EGRESO
4772,1,1001,2,1002,2021-05-05 04:58:14,2354803.09,INGRESO
4773,1,1001,2,1002,2021-05-05 09:43:52,7774665.54,EGRESO
4774,1,1001,2,1002,2021-05-05 10:17:16,1461260.06,EGRESO
4775,1,1001,2,1002,2021-05-05 10:55:32,6161646.55,EGRESO
4776,1,1001,2,1002,2021-05-05 17:22:49,8248389.29,EGRESO
4777,1,1001,2,1002,2021-05-06 00:08:35,817939.41,INGRESO
4778,1,1001,2,1002,2021-05-06 03:13:11,8407104.20,INGRESO
4779,1,1001,2,1002,2021-05-06 05:53:00,9799480.24,INGRESO
4780,1,1001,2,1002,2021-05-06 09:05:32,8993946.82,EGRESO
4781,1,1001,2,1002,2021-05-06 12:04:14,4049230.33,INGRESO
4782,1,1001,2,1002,2021-05-06 17:40:42,5937270.40,EGRESO
4783,1,1001,2,1002,2021-05-07 07:43:16,292310.04,EGRESO
4784,1,1001,2,1002,2021-05-07 11:38:32,4500190.85,EGRESO
4785,1,1001,2,1002,2021-05-07 16:29:41,7220685.73,EGRESO
4786,1,1001,2,1002,2021-05-07 21:45:27,5150623.00,INGRESO
4787,1,1001,2,1002,2021-05-07 22:13:07,7719419.24,INGRESO
4788,1,1001,2,1002,2021-05-08 01:53:52,8775776.30,INGRESO
4789,1,1001,2,1002,2021-05-08 07:38:21,8131726.65,EGRESO
4790,1,1001,2,1002,2021-05-08 13:07:13,7497713.40,INGRESO
4791,1,1001,2,1002,2021-05-08 21:05:20,628197.67,EGRESO
4792,1,1001,2,1002,2021-05-09 01:40:54,6401895.36,EGRESO
4793,1,1001,2,1002,2021-05-09 06:38:14,5560129.03,INGRESO
4794,1,1001,2,1002,2021-05-09 15:49:51,3269184.02,EGRESO
4795,1,1001,2,1002,2021-05-09 15:59:10,5530875.96,INGRESO
4796,1,1001,2,1002,2021-05-10 00:53:21,3859347.07,INGRESO
4797,1,1001,2,1002,2021-05-10 04:03:42,973726.88,INGRESO
4798,1,1001,2,1002,2021-05-10 05:05:23,5573560.14,EGRESO
4799,1,1001,2,1002,2021-05-10 05:31:53,2329915.10,EGRESO
4800,1,1001,2,1002,2021-05-10 10:50:07,5930571.54,INGRESO
4801,1,1001,2,1002,2021-05-11 00:20:35,7427655.67,EGRESO
4802,1,1001,2,1002,2021-05-11 04:51:22,2412556.20,EGRESO
4803,1,1001,2,1002,2021-05-11 05:29:25,2778899.47,EGRESO
4804,1,1001,2,1002,2021-05-11 11:01:16,3347973.08,EGRESO
4805,1,1001,2,1002,2021-05-11 18:18:00,2616432.56,INGRESO
4806,1,1001,2,1002,2021-05-12 03:33:05,4051950.93,EGRESO
4807,1,1001,2,1002,2021-05-12 06:08:37,3915474.56,EGRESO
4808,1,1001,2,1002,2021-05-12 12:48:14,3702726.36,EGRESO
4809,1,1001,2,1002,2021-05-12 16:54:40,3315663.86,EGRESO
4810,1,1001,2,1002,2021-05-13 03:17:06,992385.61,INGRESO
4811,1,1001,2,1002,2021-05-13 12:21:44,7336435.70,INGRESO
4812,1,1001,2,1002,2021-05-13 14:26:33,6246115.74,EGRESO
4813,1,1001,2,1002,2021-05-13 14:27:38,9365758.62,INGRESO
4814,1,1001,2,1002,2021-05-13 15:04:50,4086768.39,EGRESO
4815,1,1001,2,1002,2021-05-13 23:22:49,325380.35,EGRESO
4816,1,1001,2,1002,2021-05-14 01:11:54,271066.48,EGRESO
4817,1,1001,2,1002,2021-05-14 08:32:30,6014958.61,INGRESO
4818,1,1001,2,1002,2021-05-14 12:13:16,2177333.30,EGRESO
4819,1,1001,2,1002,2021-05-14 21:18:33,4060297.71,EGRESO
4820,1,1001,2,1002,2021-05-15 00:33:32,2074482.82,EGRESO
4821,1,1001,2,1002,2021-05-15 01:22:44,865369.40,EGRESO
4822,1,1001,2,1002,2021-05-15 07:19:55,4256535.88,EGRESO
4823,1,1001,2,1002,2021-05-15 22:50:27,1735400.33,INGRESO
4824,1,1001,2,1002,2021-05-16 04:54:32,2944106.93,EGRESO
4825,1,1001,2,1002,2021-05-16 08:26:00,4241476.37,INGRESO
4826,1,1001,2,1002,2021-05-16 18:22:42,3745261.95,EGRESO
4827,1,1001,2,1002,2021-05-16 20:55:46,2586436.88,INGRESO
4828,1,1001,2,1002,2021-05-16 21:40:11,9898297.58,EGRESO
4829,1,1001,2,1002,2021-05-17 00:43:32,4715687.26,EGRESO
4830,1,1001,2,1002,2021-05-17 01:45:33,6698635.57,EGRESO
4831,1,1001,2,1002,2021-05-17 03:49:05,9801021.40,EGRESO
4832,1,1001,2,1002,2021-05-17 15:40:26,5812452.47,INGRESO
4833,1,1001,2,1002,2021-05-18 02:21:01,764338.98,INGRESO
4834,1,1001,2,1002,2021-05-18 04:01:03,5902114.90,EGRESO
4835,1,1001,2,1002,2021-05-18 04:23:09,3393611.00,INGRESO
4836,1,1001,2,1002,2021-05-18 11:31:23,4497637.06,INGRESO
4837,1,1001,2,1002,2021-05-18 17:44:38,114778.04,INGRESO
4838,1,1001,2,1002,2021-05-19 00:05:36,3524790.86,EGRESO
4839,1,1001,2,1002,2021-05-19 04:56:40,1625816.46,EGRESO
4840,1,1001,2,1002,2021-05-19 06:30:59,6052701.72,INGRESO
4841,1,1001,2,1002,2021-05-19 08:09:08,513890.89,EGRESO
4842,1,1001,2,1002,2021-05-19 15:36:01,329424.61,INGRESO
4843,1,1001,2,1002,2021-05-19 19:07:47,3938333.81,INGRESO
4844,1,1001,2,1002,2021-05-20 05:23:10,2360784.48,INGRESO
4845,1,1001,2,1002,2021-05-20 19:40:36,1394375.58,EGRESO
4846,1,1001,2,1002,2021-05-20 19:51:42,6964654.27,INGRESO
4847,1,1001,2,1002,2021-05-20 23:03:14,2823966.93,EGRESO
4848,1,1001,2,1002,2021-05-21 04:05:27,5466720.64,INGRESO
4849,1,1001,2,1002,2021-05-21 12:52:23,3513917.13,EGRESO
4850,1,1001,2,1002,2021-05-21 18:04:06,9780949.40,EGRESO
4851,1,1001,2,1002,2021-05-21 18:13:51,3104567.78,INGRESO
4852,1,1001,2,1002,2021-05-21 19:17:39,93019.91,INGRESO
4853,1,1001,2,1002,2021-05-22 02:38:08,229637.57,EGRESO
4854,1,1001,2,1002,2021-05-22 02:48:55,1670286.75,INGRESO
4855,1,1001,2,1002,2021-05-22 07:49:58,3187993.34,EGRESO
4856,1,1001,2,1002,2021-05-22 08:09:14,2622235.85,INGRESO
4857,1,1001,2,1002,2021-05-22 12:43:22,8941782.02,INGRESO
4858,1,1001,2,1002,2021-05-23 00:33:13,8873971.20,EGRESO
4859,1,1001,2,1002,2021-05-23 06:27:08,3718030.78,INGRESO
4860,1,1001,2,1002,2021-05-23 09:38:07,3276341.31,INGRESO
4861,1,1001,2,1002,2021-05-23 09:56:19,1891126.73,INGRESO
4862,1,1001,2,1002,2021-05-24 01:34:21,9262065.60,INGRESO
4863,1,1001,2,1002,2021-05-24 02:30:33,5229107.24,INGRESO
4864,1,1001,2,1002,2021-05-24 07:09:08,2136457.76,INGRESO
4865,1,1001,2,1002,2021-05-24 09:47:38,2931167.11,EGRESO
4866,1,1001,2,1002,2021-05-25 01:44:32,8170788.66,EGRESO
4867,1,1001,2,1002,2021-05-25 14:51:33,6708335.36,INGRESO
4868,1,1001,2,1002,2021-05-25 18:31:23,3923990.37,INGRESO
4869,1,1001,2,1002,2021-05-25 20:15:57,8428525.92,INGRESO
4870,1,1001,2,1002,2021-05-26 00:23:08,1533965.10,EGRESO
4871,1,1001,2,1002,2021-05-26 09:43:43,3801579.75,INGRESO
4872,1,1001,2,1002,2021-05-26 11:51:31,4123671.45,INGRESO
4873,1,1001,2,1002,2021-05-26 13:12:08,9173913.76,INGRESO
4874,1,1001,2,1002,2021-05-27 01:30:27,5337469.64,EGRESO
4875,1,1001,2,1002,2021-05-27 16:31:12,7117295.77,INGRESO
4876,1,1001,2,1002,2021-05-27 19:48:19,6644078.37,INGRESO
4877,1,1001,2,1002,2021-05-27 23:46:45,9601727.37,INGRESO
4878,1,1001,2,1002,2021-05-28 10:16:20,893561.49,EGRESO
4879,1,1001,2,1002,2021-05-28 12:02:32,4218183.90,EGRESO
4880,1,1001,2,1002,2021-05-28 14:56:28,923180.63,INGRESO
4881,1,1001,2,1002,2021-05-28 19:58:53,1334482.14,EGRESO
4882,1,1001,2,1002,2021-05-29 09:46:44,4060387.97,EGRESO
4883,1,1001,2,1002,2021-05-29 11:35:15,3977824.13,INGRESO
4884,1,1001,2,1002,2021-05-29 14:32:14,4150516.27,INGRESO
4885,1,1001,2,1002,2021-05-29 15:15:38,8124454.27,EGRESO
4886,1,1001,2,1002,2021-05-29 15:21:47,406804.63,INGRESO
4887,1,1001,2,1002,2021-05-29 19:39:38,4271517.39,INGRESO
4888,1,1001,2,1002,2021-05-30 05:30:22,5942859.51,EGRESO
4889,1,1001,2,1002,2021-05-30 13:56:37,998219.70,INGRESO
4890,1,1001,2,1002,2021-05-30 14:01:57,6866305.06,INGRESO
4891,1,1001,2,1002,2021-05-30 14:05:35,1456961.87,EGRESO
4892,1,1001,2,1002,2021-05-30 14:55:35,3085356.03,INGRESO
4893,1,1001,2,1002,2021-05-31 00:11:28,2023297.22,INGRESO
4894,1,1001,2,1002,2021-05-31 05:12:30,6180707.89,INGRESO
4895,1,1001,2,1002,2021-05-31 08:42:18,2027484.93,INGRESO
4896,1,1001,2,1002,2021-05-31 23:07:08,9540953.17,INGRESO
4897,1,1001,2,1002,2021-06-01 09:16:19,596840.53,EGRESO
4898,1,1001,2,1002,2021-06-01 18:14:33,417466.67,EGRESO
4899,1,1001,2,1002,2021-06-01 22:07:49,327375.18,EGRESO
4900,1,1001,2,1002,2021-06-01 22:14:32,4517706.96,EGRESO
4901,1,1001,2,1002,2021-06-02 03:09:38,2508837.86,EGRESO
4902,1,1001,2,1002,2021-06-02 04:13:46,6507594.71,INGRESO
4903,1,1001,2,1002,2021-06-02 07:13:27,9213895.57,EGRESO
4904,1,1001,2,1002,2021-06-02 08:45:57,7346047.70,EGRESO
4905,1,1001,2,1002,2021-06-02 13:43:29,9601687.38,INGRESO
4906,1,1001,2,1002,2021-06-03 01:13:30,3739620.27,EGRESO
4907,1,1001,2,1002,2021-06-03 01:48:09,8891776.64,EGRESO
4908,1,1001,2,1002,2021-06-03 14:46:31,356805.59,INGRESO
4909,1,1001,2,1002,2021-06-03 22:36:13,710731.10,INGRESO
4910,1,1001,2,1002,2021-06-04 11:48:36,311992.54,INGRESO
4911,1,1001,2,1002,2021-06-04 16:06:29,2282891.92,INGRESO
4912,1,1001,2,1002,2021-06-04 19:59:11,738590.67,INGRESO
4913,1,1001,2,1002,2021-06-04 20:20:06,8699019.13,EGRESO
4914,1,1001,2,1002,2021-06-04 23:31:41,9439358.68,INGRESO
4915,1,1001,2,1002,2021-06-05 00:02:02,7525781.51,EGRESO
4916,1,1001,2,1002,2021-06-05 11:29:28,4689467.07,INGRESO
4917,1,1001,2,1002,2021-06-05 16:35:02,4467487.06,INGRESO
4918,1,1001,2,1002,2021-06-05 17:14:18,7508699.43,EGRESO
4919,1,1001,2,1002,2021-06-05 21:02:01,5723145.30,EGRESO
4920,1,1001,2,1002,2021-06-05 23:34:06,2835221.81,EGRESO
4921,1,1001,2,1002,2021-06-06 12:27:53,1179742.33,INGRESO
4922,1,1001,2,1002,2021-06-06 17:08:03,7761282.56,INGRESO
4923,1,1001,2,1002,2021-06-06 18:34:23,3569319.16,EGRESO
4924,1,1001,2,1002,2021-06-06 21:33:53,5946712.45,INGRESO
4925,1,1001,2,1002,2021-06-07 08:32:07,4572660.08,EGRESO
4926,1,1001,2,1002,2021-06-07 13:49:53,4608335.18,EGRESO
4927,1,1001,2,1002,2021-06-07 19:53:08,790534.25,EGRESO
4928,1,1001,2,1002,2021-06-07 22:55:11,6401999.62,EGRESO
4929,1,1001,2,1002,2021-06-08 02:20:04,8772358.49,INGRESO
4930,1,1001,2,1002,2021-06-08 12:55:57,4864930.10,INGRESO
4931,1,1001,2,1002,2021-06-08 13:47:34,5636031.57,INGRESO
4932,1,1001,2,1002,2021-06-08 14:19:39,805634.80,EGRESO
4933,1,1001,2,1002,2021-06-08 19:09:37,4103910.51,INGRESO
4934,1,1001,2,1002,2021-06-09 02:37:16,8196671.41,INGRESO
4935,1,1001,2,1002,2021-06-09 09:41:58,5899345.90,EGRESO
4936,1,1001,2,1002,2021-06-09 11:43:43,881810.86,EGRESO
4937,1,1001,2,1002,2021-06-09 22:18:42,4606800.36,EGRESO
4938,1,1001,2,1002,2021-06-10 08:07:43,6926241.62,EGRESO
4939,1,1001,2,1002,2021-06-10 09:38:44,8290473.13,EGRESO
4940,1,1001,2,1002,2021-06-10 19:46:20,958423.09,EGRESO
4941,1,1001,2,1002,2021-06-10 22:18:03,9944098.39,EGRESO
4942,1,1001,2,1002,2021-06-10 22:53:51,2444560.26,EGRESO
4943,1,1001,2,1002,2021-06-11 09:32:57,2862634.61,INGRESO
4944,1,1001,2,1002,2021-06-11 12:39:43,656642.61,INGRESO
4945,1,1001,2,1002,2021-06-11 17:13:53,1262347.15,INGRESO
4946,1,1001,2,1002,2021-06-11 19:00:25,583271.44,EGRESO
4947,1,1001,2,1002,2021-06-12 08:03:16,3207626.45,INGRESO
4948,1,1001,2,1002,2021-06-12 17:21:11,313500.31,EGRESO
4949,1,1001,2,1002,2021-06-12 20:46:43,1556979.26,INGRESO
4950,1,1001,2,1002,2021-06-12 21:27:45,6933456.66,INGRESO
4951,1,1001,2,1002,2021-06-13 02:23:51,2323261.85,EGRESO
4952,1,1001,2,1002,2021-06-13 05:10:23,3850751.40,INGRESO
4953,1,1001,2,1002,2021-06-13 07:27:28,1112027.62,EGRESO
4954,1,1001,2,1002,2021-06-13 13:15:22,4057242.48,EGRESO
4955,1,1001,2,1002,2021-06-13 19:04:32,80715.43,INGRESO
4956,1,1001,2,1002,2021-06-13 19:15:04,7457679.60,INGRESO
4957,1,1001,2,1002,2021-06-14 06:09:28,164756.94,EGRESO
4958,1,1001,2,1002,2021-06-14 06:16:30,7926358.47,INGRESO
4959,1,1001,2,1002,2021-06-14 08:41:19,2949671.05,INGRESO
4960,1,1001,2,1002,2021-06-14 13:19:05,7304989.30,INGRESO
4961,1,1001,2,1002,2021-06-14 19:12:17,6361765.20,INGRESO
4962,1,1001,2,1002,2021-06-15 05:33:02,8202639.23,INGRESO
4963,1,1001,2,1002,2021-06-15 06:28:13,2232347.97,EGRESO
4964,1,1001,2,1002,2021-06-15 16:45:32,5046078.82,EGRESO
4965,1,1001,2,1002,2021-06-15 23:19:15,5621315.03,INGRESO
4966,1,1001,2,1002,2021-06-15 23:44:30,6958025.33,EGRESO
4967,1,1001,2,1002,2021-06-16 01:34:30,5978096.51,EGRESO
4968,1,1001,2,1002,2021-06-16 11:43:20,1005364.62,INGRESO
4969,1,1001,2,1002,2021-06-16 13:10:16,1021552.26,EGRESO
4970,1,1001,2,1002,2021-06-16 13:52:52,4185087.98,INGRESO
4971,1,1001,2,1002,2021-06-16 15:35:06,9816472.94,EGRESO
4972,1,1001,2,1002,2021-06-17 04:28:46,3516263.60,EGRESO
4973,1,1001,2,1002,2021-06-17 05:36:04,7764642.95,INGRESO
4974,1,1001,2,1002,2021-06-17 09:09:22,8995717.37,INGRESO
4975,1,1001,2,1002,2021-06-17 13:39:31,2956957.30,INGRESO
4976,1,1001,2,1002,2021-06-17 14:55:42,4524412.04,EGRESO
4977,1,1001,2,1002,2021-06-18 03:44:34,8854393.84,EGRESO
4978,1,1001,2,1002,2021-06-18 12:59:06,911268.25,INGRESO
4979,1,1001,2,1002,2021-06-18 13:16:51,8681733.77,INGRESO
4980,1,1001,2,1002,2021-06-18 19:01:36,7681361.82,INGRESO
4981,1,1001,2,1002,2021-06-19 03:12:14,6464557.81,EGRESO
4982,1,1001,2,1002,2021-06-19 10:00:46,813331.71,INGRESO
4983,1,1001,2,1002,2021-06-19 11:00:36,4858459.34,INGRESO
4984,1,1001,2,1002,2021-06-19 16:29:10,3203927.08,INGRESO
4985,1,1001,2,1002,2021-06-19 18:58:54,4128771.27,INGRESO
4986,1,1001,2,1002,2021-06-20 04:04:13,3286835.41,EGRESO
4987,1,1001,2,1002,2021-06-20 10:34:36,12933.05,INGRESO
4988,1,1001,2,1002,2021-06-20 14:24:05,182249.00,EGRESO
4989,1,1001,2,1002,2021-06-20 16:14:44,4566969.80,EGRESO
4990,1,1001,2,1002,2021-06-20 16:21:32,4856953.84,INGRESO
4991,1,1001,2,1002,2021-06-20 23:06:22,2907908.53,EGRESO
4992,1,1001,2,1002,2021-06-21 05:27:25,7493526.19,INGRESO
4993,1,1001,2,1002,2021-06-21 06:21:13,4843862.90,EGRESO
4994,1,1001,2,1002,2021-06-21 17:24:56,7127068.51,EGRESO
4995,1,1001,2,1002,2021-06-21 18:50:08,2825260.09,INGRESO
4996,1,1001,2,1002,2021-06-22 00:12:55,9930977.90,EGRESO
4997,1,1001,2,1002,2021-06-22 04:45:07,8801115.32,INGRESO
4998,1,1001,2,1002,2021-06-22 13:21:33,3800765.31,INGRESO
4999,1,1001,2,1002,2021-06-22 17:47:44,5447203.61,INGRESO
5000,1,1001,2,1002,2021-06-23 08:39:06,969485.97,INGRESO
5001,1,1001,2,1002,2021-06-23 13:29:58,7977653.19,INGRESO
5002,1,1001,2,1002,2021-06-23 18:57:28,2337782.08,EGRESO
5003,1,1001,2,1002,2021-06-23 19:03:21,8899753.02,INGRESO
5004,1,1001,2,1002,2021-06-23 22:40:24,1207768.04,EGRESO
5005,1,1001,2,1002,2021-06-24 00:38:48,6396807.42,EGRESO
5006,1,1001,2,1002,2021-06-24 09:12:23,7230606.59,INGRESO
5007,1,1001,2,1002,2021-06-24 12:22:56,7811555.55,EGRESO
5008,1,1001,2,1002,2021-06-24 13:52:35,5590771.67,INGRESO
5009,1,1001,2,1002,2021-06-24 20:15:02,2767052.44,INGRESO
5010,1,1001,2,1002,2021-06-25 00:01:45,4213237.78,EGRESO
5011,1,1001,2,1002,2021-06-25 07:18:46,9672672.68,INGRESO
5012,1,1001,2,1002,2021-06-25 09:27:15,5126676.01,EGRESO
5013,1,1001,2,1002,2021-06-25 20:46:23,6023903.82,EGRESO
5014,1,1001,2,1002,2021-06-26 02:06:07,4016698.54,INGRESO
5015,1,1001,2,1002,2021-06-26 06:29:47,9293211.20,INGRESO
5016,1,1001,2,1002,2021-06-26 11:09:38,4883049.72,EGRESO
5017,1,1001,2,1002,2021-06-26 21:30:09,2752114.26,EGRESO
5018,1,1001,2,1002,2021-06-27 08:48:17,467181.67,EGRESO
5019,1,1001,2,1002,2021-06-27 09:18:24,2894568.91,EGRESO
5020,1,1001,2,1002,2021-06-27 09:39:47,910278.71,INGRESO
5021,1,1001,2,1002,2021-06-27 09:59:51,3821851.30,EGRESO
5022,1,1001,2,1002,2021-06-27 11:47:49,6088265.22,INGRESO
5023,1,1001,2,1002,2021-06-27 19:49:49,2286465.65,EGRESO
5024,1,1001,2,1002,2021-06-28 03:19:30,9357735.12,INGRESO
5025,1,1001,2,1002,2021-06-28 15:56:58,759210.12,INGRESO
5026,1,1001,2,1002,2021-06-28 17:57:49,4204886.04,INGRESO
5027,1,1001,2,1002,2021-06-28 19:07:15,2485709.95,EGRESO
5028,1,1001,2,1002,2021-06-28 23:09:40,5102039.32,INGRESO
5029,1,1001,2,1002,2021-06-29 03:14:03,6833360.57,EGRESO
5030,1,1001,2,1002,2021-06-29 04:40:16,4017905.22,EGRESO
5031,1,1001,2,1002,2021-06-29 07:20:34,6010080.60,INGRESO
5032,1,1001,2,1002,2021-06-29 10:34:30,758559.61,EGRESO
5033,1,1001,2,1002,2021-06-29 15:24:22,4609439.48,INGRESO
5034,1,1001,2,1002,2021-06-29 22:29:44,2506730.77,EGRESO
5035,1,1001,2,1002,2021-06-30 01:35:54,2161902.10,INGRESO
5036,1,1001,2,1002,2021-06-30 13:22:06,595210.37,INGRESO
5037,1,1001,2,1002,2021-06-30 13:31:48,8297751.98,INGRESO
5038,1,1001,2,1002,2021-06-30 13:40:47,9127967.46,EGRESO
5039,1,1001,2,1002,2021-06-30 16:06:43,2882766.27,INGRESO
5040,1,1001,2,1002,2021-07-01 01:31:12,4504380.74,EGRESO
5041,1,1001,2,1002,2021-07-01 10:44:58,3630609.65,EGRESO
5042,1,1001,2,1002,2021-07-01 14:51:07,7078224.39,EGRESO
5043,1,1001,2,1002,2021-07-01 15:41:27,6106458.85,EGRESO
5044,1,1001,2,1002,2021-07-01 23:35:59,4923053.65,EGRESO
5045,1,1001,2,1002,2021-07-02 08:41:17,3874807.41,INGRESO
5046,1,1001,2,1002,2021-07-02 09:20:58,2018241.20,EGRESO
5047,1,1001,2,1002,2021-07-02 12:49:43,2979463.15,EGRESO
5048,1,1001,2,1002,2021-07-02 22:06:58,2343482.71,INGRESO
5049,1,1001,2,1002,2021-07-03 04:42:50,1145221.66,EGRESO
5050,1,1001,2,1002,2021-07-03 14:01:49,5411427.71,EGRESO
5051,1,1001,2,1002,2021-07-03 21:04:11,5399994.29,INGRESO
5052,1,1001,2,1002,2021-07-03 22:31:15,4570635.34,EGRESO
5053,1,1001,2,1002,2021-07-04 02:18:24,180855.25,EGRESO
5054,1,1001,2,1002,2021-07-04 06:58:34,7493273.42,INGRESO
5055,1,1001,2,1002,2021-07-04 13:33:25,3287252.51,INGRESO
5056,1,1001,2,1002,2021-07-04 21:07:29,3390982.49,EGRESO
5057,1,1001,2,1002,2021-07-05 02:34:37,2435154.90,EGRESO
5058,1,1001,2,1002,2021-07-05 02:54:37,4777449.60,EGRESO
5059,1,1001,2,1002,2021-07-05 07:23:44,904305.71,INGRESO
5060,1,1001,2,1002,2021-07-05 11:59:41,9747403.68,INGRESO
5061,1,1001,2,1002,2021-07-05 16:13:14,9529498.88,INGRESO
5062,1,1001,2,1002,2021-07-06 13:48:49,354898.58,EGRESO
5063,1,1001,2,1002,2021-07-06 14:19:05,3744625.66,INGRESO
5064,1,1001,2,1002,2021-07-06 15:05:57,5511617.98,INGRESO
5065,1,1001,2,1002,2021-07-06 19:08:39,6137325.16,EGRESO
5066,1,1001,2,1002,2021-07-07 00:55:54,9374097.56,EGRESO
5067,1,1001,2,1002,2021-07-07 03:55:30,1414459.36,EGRESO
5068,1,1001,2,1002,2021-07-07 18:04:50,8354898.93,EGRESO
5069,1,1001,2,1002,2021-07-07 23:24:38,9098446.42,EGRESO
5070,1,1001,2,1002,2021-07-08 16:49:38,4076960.18,EGRESO
5071,1,1001,2,1002,2021-07-08 16:50:26,5619784.72,INGRESO
5072,1,1001,2,1002,2021-07-08 20:30:57,9013628.58,EGRESO
5073,1,1001,2,1002,2021-07-08 21:34:56,6859531.74,EGRESO
5074,1,1001,2,1002,2021-07-09 06:24:58,8192078.35,EGRESO
5075,1,1001,2,1002,2021-07-09 15:06:20,908664.06,INGRESO
5076,1,1001,2,1002,2021-07-09 15:52:43,2610947.44,EGRESO
5077,1,1001,2,1002,2021-07-09 17:14:36,9252150.39,EGRESO
5078,1,1001,2,1002,2021-07-10 02:22:12,6479421.15,EGRESO
5079,1,1001,2,1002,2021-07-10 14:28:36,8968507.89,EGRESO
5080,1,1001,2,1002,2021-07-10 16:00:50,7857873.53,INGRESO
5081,1,1001,2,1002,2021-07-10 17:53:11,8050114.32,INGRESO
5082,1,1001,2,1002,2021-07-11 00:20:46,9167038.26,INGRESO
5083,1,1001,2,1002,2021-07-11 04:55:31,6899347.56,INGRESO
5084,1,1001,2,1002,2021-07-11 07:17:26,6687977.22,EGRESO
5085,1,1001,2,1002,2021-07-11 08:27:43,4546285.86,EGRESO
5086,1,1001,2,1002,2021-07-11 18:38:01,2685553.80,EGRESO
5087,1,1001,2,1002,2021-07-12 01:28:39,1520636.36,EGRESO
5088,1,1001,2,1002,2021-07-12 10:42:12,1010436.12,EGRESO
5089,1,1001,2,1002,2021-07-12 14:37:28,4170391.21,EGRESO
5090,1,1001,2,1002,2021-07-12 19:43:17,2999196.47,EGRESO
5091,1,1001,2,1002,2021-07-13 12:01:13,9456695.34,INGRESO
5092,1,1001,2,1002,2021-07-13 14:06:29,7151028.76,EGRESO
5093,1,1001,2,1002,2021-07-13 16:44:39,1355131.96,EGRESO
5094,1,1001,2,1002,2021-07-13 20:09:54,5728106.73,EGRESO
5095,1,1001,2,1002,2021-07-14 02:48:30,7650923.10,INGRESO
5096,1,1001,2,1002,2021-07-14 03:16:43,4050645.63,INGRESO
5097,1,1001,2,1002,2021-07-14 04:18:02,5361262.64,INGRESO
5098,1,1001,2,1002,2021-07-14 08:02:08,1639726.37,EGRESO
5099,1,1001,2,1002,2021-07-14 20:47:25,190727.96,INGRESO
5100,1,1001,2,1002,2021-07-15 00:33:48,4824579.68,EGRESO
5101,1,1001,2,1002,2021-07-15 03:12:47,8568994.67,INGRESO
5102,1,1001,2,1002,2021-07-15 03:42:10,6208543.37,EGRESO
5103,1,1001,2,1002,2021-07-15 07:51:03,1226783.94,EGRESO
5104,1,1001,2,1002,2021-07-15 18:05:35,8243367.02,INGRESO
5105,1,1001,2,1002,2021-07-16 02:00:09,5464544.08,INGRESO
5106,1,1001,2,1002,2021-07-16 07:16:32,8190758.17,EGRESO
5107,1,1001,2,1002,2021-07-16 12:13:06,4538679.95,EGRESO
5108,1,1001,2,1002,2021-07-16 16:32:23,8850862.68,EGRESO
5109,1,1001,2,1002,2021-07-16 20:32:58,3121385.28,EGRESO
5110,1,1001,2,1002,2021-07-17 01:59:39,395594.62,EGRESO
5111,1,1001,2,1002,2021-07-17 15:12:58,4285115.88,EGRESO
5112,1,1001,2,1002,2021-07-17 17:34:40,8984199.23,EGRESO
5113,1,1001,2,1002,2021-07-17 20:02:19,7930856.04,INGRESO
5114,1,1001,2,1002,2021-07-18 01:49:26,7176388.60,INGRESO
5115,1,1001,2,1002,2021-07-18 05:06:18,1367260.10,EGRESO
5116,1,1001,2,1002,2021-07-18 14:48:59,4019849.67,INGRESO
5117,1,1001,2,1002,2021-07-18 21:15:38,4947495.79,INGRESO
5118,1,1001,2,1002,2021-07-19 05:17:54,3489890.77,EGRESO
5119,1,1001,2,1002,2021-07-19 11:40:07,7560874.41,INGRESO
5120,1,1001,2,1002,2021-07-19 12:10:22,275862.11,INGRESO
5121,1,1001,2,1002,2021-07-19 22:48:38,6410500.64,EGRESO
5122,1,1001,2,1002,2021-07-20 00:13:09,1800284.20,INGRESO
5123,1,1001,2,1002,2021-07-20 06:46:38,958059.56,EGRESO
5124,1,1001,2,1002,2021-07-20 06:55:36,5516977.47,EGRESO
5125,1,1001,2,1002,2021-07-20 18:52:04,7904301.15,INGRESO
5126,1,1001,2,1002,2021-07-21 03:09:12,216447.11,INGRESO
5127,1,1001,2,1002,2021-07-21 09:33:05,8694740.23,EGRESO
5128,1,1001,2,1002,2021-07-21 10:00:01,4052428.70,EGRESO
5129,1,1001,2,1002,2021-07-21 18:55:58,3074695.31,EGRESO
5130,1,1001,2,1002,2021-07-21 19:37:12,5272188.06,EGRESO
5131,1,1001,2,1002,2021-07-22 09:17:06,5539198.59,EGRESO
5132,1,1001,2,1002,2021-07-22 10:52:41,4020517.36,EGRESO
5133,1,1001,2,1002,2021-07-22 11:23:50,5070535.67,EGRESO
5134,1,1001,2,1002,2021-07-22 13:58:15,5526869.73,INGRESO
5135,1,1001,2,1002,2021-07-23 14:22:24,153859.96,EGRESO
5136,1,1001,2,1002,2021-07-23 15:17:59,5071910.50,EGRESO
5137,1,1001,2,1002,2021-07-23 18:36:15,385064.16,INGRESO
5138,1,1001,2,1002,2021-07-23 20:13:55,3799419.69,INGRESO
5139,1,1001,2,1002,2021-07-24 01:51:44,907865.84,INGRESO
5140,1,1001,2,1002,2021-07-24 09:02:54,7856322.24,EGRESO
5141,1,1001,2,1002,2021-07-24 11:05:10,4236666.15,INGRESO
5142,1,1001,2,1002,2021-07-24 11:10:19,6545091.34,INGRESO
5143,1,1001,2,1002,2021-07-24 13:50:37,580327.54,INGRESO
5144,1,1001,2,1002,2021-07-24 15:52:41,6490063.30,EGRESO
5145,1,1001,2,1002,2021-07-25 04:47:48,6756409.16,INGRESO
5146,1,1001,2,1002,2021-07-25 07:21:17,7792992.20,EGRESO
5147,1,1001,2,1002,2021-07-25 09:21:36,5249765.97,INGRESO
5148,1,1001,2,1002,2021-07-25 11:06:12,1660500.72,EGRESO
5149,1,1001,2,1002,2021-07-25 19:38:46,2904335.38,EGRESO
5150,1,1001,2,1002,2021-07-26 01:53:49,4361822.23,INGRESO
5151,1,1001,2,1002,2021-07-26 07:33:18,7787783.38,EGRESO
5152,1,1001,2,1002,2021-07-26 13:36:35,3837952.87,EGRESO
5153,1,1001,2,1002,2021-07-26 19:32:45,1961649.14,INGRESO
5154,1,1001,2,1002,2021-07-26 23:44:52,5209868.31,INGRESO
5155,1,1001,2,1002,2021-07-27 16:54:06,8604494.02,INGRESO
5156,1,1001,2,1002,2021-07-27 17:48:12,7042189.50,INGRESO
5157,1,1001,2,1002,2021-07-27 21:15:16,7094075.58,INGRESO
5158,1,1001,2,1002,2021-07-27 23:53:45,2434793.01,EGRESO
5159,1,1001,2,1002,2021-07-28 05:08:38,5417221.09,EGRESO
5160,1,1001,2,1002,2021-07-28 07:17:29,65868.48,EGRESO
5161,1,1001,2,1002,2021-07-28 12:26:34,8369540.78,INGRESO
5162,1,1001,2,1002,2021-07-28 13:18:56,9074457.06,EGRESO
5163,1,1001,2,1002,2021-07-29 01:51:45,6010380.42,EGRESO
5164,1,1001,2,1002,2021-07-29 11:26:31,138817.31,EGRESO
5165,1,1001,2,1002,2021-07-29 16:37:05,4588580.60,INGRESO
5166,1,1001,2,1002,2021-07-29 20:14:52,1954667.14,INGRESO
5167,1,1001,2,1002,2021-07-30 00:18:35,1367986.64,INGRESO
5168,1,1001,2,1002,2021-07-30 02:27:45,2093641.40,EGRESO
5169,1,1001,2,1002,2021-07-30 14:53:19,674277.48,INGRESO
5170,1,1001,2,1002,2021-07-30 19:24:31,3753505.29,EGRESO
5171,1,1001,2,1002,2021-07-30 20:34:06,2384963.95,EGRESO
5172,1,1001,2,1002,2021-07-31 01:17:08,7465574.15,INGRESO
5173,1,1001,2,1002,2021-07-31 07:59:55,3610898.43,EGRESO
5174,1,1001,2,1002,2021-07-31 09:57:35,4001164.28,INGRESO
5175,1,1001,2,1002,2021-07-31 11:46:48,9412025.60,EGRESO
5176,1,1001,2,1002,2021-08-01 07:18:06,5322634.67,EGRESO
5177,1,1001,2,1002,2021-08-01 07:37:21,9831386.02,INGRESO
5178,1,1001,2,1002,2021-08-01 10:36:51,5883728.56,INGRESO
5179,1,1001,2,1002,2021-08-01 15:59:14,2347666.73,INGRESO
5180,1,1001,2,1002,2021-08-02 07:25:20,4180877.07,INGRESO
5181,1,1001,2,1002,2021-08-02 14:46:55,3834836.95,INGRESO
5182,1,1001,2,1002,2021-08-02 16:11:51,5828595.20,INGRESO
5183,1,1001,2,1002,2021-08-02 16:33:07,4721603.14,INGRESO
5184,1,1001,2,1002,2021-08-02 21:33:26,8750647.41,INGRESO
5185,1,1001,2,1002,2021-08-02 22:14:09,377957.21,INGRESO
5186,1,1001,2,1002,2021-08-03 02:06:05,322702.40,EGRESO
5187,1,1001,2,1002,2021-08-03 04:31:53,727672.56,EGRESO
5188,1,1001,2,1002,2021-08-03 06:33:30,4327156.91,INGRESO
5189,1,1001,2,1002,2021-08-03 07:23:55,6236260.23,EGRESO
5190,1,1001,2,1002,2021-08-03 15:47:28,2474612.99,EGRESO
5191,1,1001,2,1002,2021-08-03 23:16:30,6689630.97,EGRESO
5192,1,1001,2,1002,2021-08-04 01:46:57,8037186.67,INGRESO
5193,1,1001,2,1002,2021-08-04 02:37:07,3544737.49,INGRESO
5194,1,1001,2,1002,2021-08-04 04:59:16,3375771.44,EGRESO
5195,1,1001,2,1002,2021-08-04 18:06:02,1103625.96,EGRESO
5196,1,1001,2,1002,2021-08-04 21:42:36,7766611.52,INGRESO
5197,1,1001,2,1002,2021-08-05 00:31:00,6431273.81,INGRESO
5198,1,1001,2,1002,2021-08-05 05:58:32,9729229.18,EGRESO
5199,1,1001,2,1002,2021-08-05 06:33:34,857910.13,INGRESO
5200,1,1001,2,1002,2021-08-05 18:08:22,6095323.75,EGRESO
5201,1,1001,2,1002,2021-08-05 20:25:39,5338725.72,INGRESO
5202,1,1001,2,1002,2021-08-06 05:47:14,8838097.20,INGRESO
5203,1,1001,2,1002,2021-08-06 07:40:59,7334467.10,INGRESO
5204,1,1001,2,1002,2021-08-06 08:02:21,5530838.61,INGRESO
5205,1,1001,2,1002,2021-08-06 10:44:12,704956.03,INGRESO
5206,1,1001,2,1002,2021-08-06 19:27:31,5483035.08,INGRESO
5207,1,1001,2,1002,2021-08-07 03:40:20,3635158.49,INGRESO
5208,1,1001,2,1002,2021-08-07 05:18:27,9610187.35,EGRESO
5209,1,1001,2,1002,2021-08-07 07:31:59,1810040.18,INGRESO
5210,1,1001,2,1002,2021-08-07 18:47:43,1606167.23,INGRESO
5211,1,1001,2,1002,2021-08-08 01:49:54,8093619.56,EGRESO
5212,1,1001,2,1002,2021-08-08 03:19:57,2240665.49,EGRESO
5213,1,1001,2,1002,2021-08-08 03:28:02,4428964.26,EGRESO
5214,1,1001,2,1002,2021-08-08 07:20:27,2796812.95,INGRESO
5215,1,1001,2,1002,2021-08-08 16:57:15,9351463.28,EGRESO
5216,1,1001,2,1002,2021-08-09 08:08:49,5260617.70,EGRESO
5217,1,1001,2,1002,2021-08-09 09:22:42,4090541.14,INGRESO
5218,1,1001,2,1002,2021-08-09 15:05:54,5135962.22,EGRESO
5219,1,1001,2,1002,2021-08-09 23:59:20,6999048.09,EGRESO
5220,1,1001,2,1002,2021-08-10 02:03:47,7605715.09,INGRESO
5221,1,1001,2,1002,2021-08-10 05:38:14,7194192.69,INGRESO
5222,1,1001,2,1002,2021-08-10 15:27:30,843883.38,INGRESO
5223,1,1001,2,1002,2021-08-10 16:06:27,4709298.28,EGRESO
5224,1,1001,2,1002,2021-08-11 01:31:13,7472432.57,INGRESO
5225,1,1001,2,1002,2021-08-11 04:51:24,603633.47,INGRESO
5226,1,1001,2,1002,2021-08-11 05:49:50,58576.45,INGRESO
5227,1,1001,2,1002,2021-08-11 10:41:27,1297862.10,EGRESO
5228,1,1001,2,1002,2021-08-11 16:14:59,6706537.19,EGRESO
5229,1,1001,2,1002,2021-08-12 05:36:23,919233.08,INGRESO
5230,1,1001,2,1002,2021-08-12 08:28:16,5947497.28,INGRESO
5231,1,1001,2,1002,2021-08-12 11:36:16,2931261.48,EGRESO
5232,1,1001,2,1002,2021-08-12 20:24:35,6362019.39,EGRESO
5233,1,1001,2,1002,2021-08-12 21:11:31,9323882.96,INGRESO
5234,1,1001,2,1002,2021-08-13 05:31:49,7611375.11,EGRESO
5235,1,1001,2,1002,2021-08-13 07:48:45,9942690.81,EGRESO
5236,1,1001,2,1002,2021-08-13 09:23:41,3219394.93,EGRESO
5237,1,1001,2,1002,2021-08-13 11:16:15,863355.63,INGRESO
5238,1,1001,2,1002,2021-08-13 11:48:38,6383306.51,EGRESO
5239,1,1001,2,1002,2021-08-13 19:58:43,1042859.26,INGRESO
5240,1,1001,2,1002,2021-08-14 01:11:57,3844011.28,EGRESO
5241,1,1001,2,1002,2021-08-14 08:24:13,1273397.84,EGRESO
5242,1,1001,2,1002,2021-08-14 11:55:41,5745406.29,INGRESO
5243,1,1001,2,1002,2021-08-14 14:15:14,1449804.32,INGRESO
5244,1,1001,2,1002,2021-08-15 05:40:45,5093102.56,EGRESO
5245,1,1001,2,1002,2021-08-15 08:07:56,2980454.99,INGRESO
5246,1,1001,2,1002,2021-08-15 10:35:49,7730969.84,INGRESO
5247,1,1001,2,1002,2021-08-15 13:50:04,8243165.43,EGRESO
5248,1,1001,2,1002,2021-08-15 19:52:08,7232466.32,EGRESO
5249,1,1001,2,1002,2021-08-15 23:19:48,236518.45,EGRESO
5250,1,1001,2,1002,2021-08-15 23:50:29,365782.88,INGRESO
5251,1,1001,2,1002,2021-08-16 03:24:27,9916642.75,EGRESO
5252,1,1001,2,1002,2021-08-16 05:25:19,199241.96,EGRESO
5253,1,1001,2,1002,2021-08-16 07:12:52,2228752.94,INGRESO
5254,1,1001,2,1002,2021-08-16 16:54:36,4745031.64,EGRESO
5255,1,1001,2,1002,2021-08-17 06:41:50,8492379.12,EGRESO
5256,1,1001,2,1002,2021-08-17 12:07:50,9646987.80,EGRESO
5257,1,1001,2,1002,2021-08-17 14:36:48,2949434.45,INGRESO
5258,1,1001,2,1002,2021-08-17 15:39:02,6570320.42,EGRESO
5259,1,1001,2,1002,2021-08-18 01:24:47,3672820.72,INGRESO
5260,1,1001,2,1002,2021-08-18 04:09:51,665706.01,INGRESO
5261,1,1001,2,1002,2021-08-18 04:26:47,9883763.59,INGRESO
5262,1,1001,2,1002,2021-08-18 12:48:33,4488236.31,EGRESO
5263,1,1001,2,1002,2021-08-19 07:39:47,8560523.03,INGRESO
5264,1,1001,2,1002,2021-08-19 19:05:20,3234077.36,INGRESO
5265,1,1001,2,1002,2021-08-19 19:09:47,1593045.53,EGRESO
5266,1,1001,2,1002,2021-08-19 23:53:19,4712167.83,EGRESO
5267,1,1001,2,1002,2021-08-19 23:56:19,1228098.15,EGRESO
5268,1,1001,2,1002,2021-08-20 00:38:49,7460974.80,EGRESO
5269,1,1001,2,1002,2021-08-20 02:39:19,9719224.40,INGRESO
5270,1,1001,2,1002,2021-08-20 10:35:10,5743860.11,EGRESO
5271,1,1001,2,1002,2021-08-20 12:40:06,3273844.44,EGRESO
5272,1,1001,2,1002,2021-08-20 17:50:14,5742989.26,INGRESO
5273,1,1001,2,1002,2021-08-21 03:23:08,1214715.79,INGRESO
5274,1,1001,2,1002,2021-08-21 07:18:01,4834356.17,EGRESO
5275,1,1001,2,1002,2021-08-21 10:11:40,2371953.30,INGRESO
5276,1,1001,2,1002,2021-08-21 11:01:48,3962084.57,EGRESO
5277,1,1001,2,1002,2021-08-21 17:38:56,3301567.87,INGRESO
5278,1,1001,2,1002,2021-08-21 18:04:43,6296348.02,EGRESO
5279,1,1001,2,1002,2021-08-22 03:13:11,9045841.61,EGRESO
5280,1,1001,2,1002,2021-08-22 07:19:48,6479777.98,EGRESO
5281,1,1001,2,1002,2021-08-22 19:41:12,4557920.68,INGRESO
5282,1,1001,2,1002,2021-08-22 21:15:34,1104623.52,INGRESO
5283,1,1001,2,1002,2021-08-22 21:45:51,7231896.34,EGRESO
5284,1,1001,2,1002,2021-08-23 05:05:11,6789344.34,INGRESO
5285,1,1001,2,1002,2021-08-23 08:16:16,9723225.84,EGRESO
5286,1,1001,2,1002,2021-08-23 09:52:23,6096766.77,INGRESO
5287,1,1001,2,1002,2021-08-23 17:07:43,5734203.43,INGRESO
5288,1,1001,2,1002,2021-08-23 21:04:22,7851480.84,INGRESO
5289,1,1001,2,1002,2021-08-24 01:10:47,740360.03,EGRESO
5290,1,1001,2,1002,2021-08-24 10:55:03,7655532.33,INGRESO
5291,1,1001,2,1002,2021-08-24 21:07:16,3202536.61,EGRESO
5292,1,1001,2,1002,2021-08-24 21:48:05,5464093.60,EGRESO
5293,1,1001,2,1002,2021-08-25 00:02:52,7959591.02,EGRESO
5294,1,1001,2,1002,2021-08-25 03:39:54,1953502.25,INGRESO
5295,1,1001,2,1002,2021-08-25 07:04:37,2465560.08,EGRESO
5296,1,1001,2,1002,2021-08-25 12:32:07,6138734.46,INGRESO
5297,1,1001,2,1002,2021-08-26 01:49:20,6011964.55,INGRESO
5298,1,1001,2,1002,2021-08-26 05:32:31,9274812.22,INGRESO
5299,1,1001,2,1002,2021-08-26 06:15:41,1399617.84,EGRESO
5300,1,1001,2,1002,2021-08-26 10:55:24,8879306.08,EGRESO
5301,1,1001,2,1002,2021-08-26 23:54:12,7439491.18,EGRESO
5302,1,1001,2,1002,2021-08-27 12:07:44,5876237.90,EGRESO
5303,1,1001,2,1002,2021-08-27 12:45:05,4607113.74,INGRESO
5304,1,1001,2,1002,2021-08-27 16:22:13,8107699.20,INGRESO
5305,1,1001,2,1002,2021-08-27 17:30:50,4152294.13,EGRESO
5306,1,1001,2,1002,2021-08-28 06:30:43,2696256.35,INGRESO
5307,1,1001,2,1002,2021-08-28 09:00:26,8953289.66,INGRESO
5308,1,1001,2,1002,2021-08-28 11:59:55,7886800.58,INGRESO
5309,1,1001,2,1002,2021-08-28 13:15:16,4325888.61,INGRESO
5310,1,1001,2,1002,2021-08-29 02:31:39,2607585.94,EGRESO
5311,1,1001,2,1002,2021-08-29 03:59:31,3066634.60,EGRESO
5312,1,1001,2,1002,2021-08-29 10:51:29,5175753.86,EGRESO
5313,1,1001,2,1002,2021-08-29 20:21:32,4909757.54,INGRESO
5314,1,1001,2,1002,2021-08-30 03:28:59,6854017.94,INGRESO
5315,1,1001,2,1002,2021-08-30 04:06:44,4402129.66,INGRESO
5316,1,1001,2,1002,2021-08-30 16:33:55,493297.13,EGRESO
5317,1,1001,2,1002,2021-08-30 20:04:55,2660793.03,INGRESO
5318,1,1001,2,1002,2021-08-31 01:18:25,3416895.97,INGRESO
5319,1,1001,2,1002,2021-08-31 05:52:31,1547562.31,INGRESO
5320,1,1001,2,1002,2021-08-31 14:19:05,3241041.38,EGRESO
5321,1,1001,2,1002,2021-08-31 16:47:56,7314189.12,INGRESO
5322,1,1001,2,1002,2021-08-31 21:41:05,3184350.53,INGRESO
5323,1,1001,2,1002,2021-09-01 01:13:40,6282406.39,INGRESO
5324,1,1001,2,1002,2021-09-01 01:26:31,7184033.32,EGRESO
5325,1,1001,2,1002,2021-09-01 03:32:23,744537.10,INGRESO
5326,1,1001,2,1002,2021-09-01 18:41:27,5725087.25,INGRESO
5327,1,1001,2,1002,2021-09-01 21:05:21,9753948.86,INGRESO
5328,1,1001,2,1002,2021-09-02 04:48:17,6719727.20,INGRESO
5329,1,1001,2,1002,2021-09-02 15:02:13,4829858.41,INGRESO
5330,1,1001,2,1002,2021-09-02 15:07:17,186217.73,INGRESO
5331,1,1001,2,1002,2021-09-02 23:32:58,4167165.04,INGRESO
5332,1,1001,2,1002,2021-09-03 02:46:32,5781859.29,INGRESO
5333,1,1001,2,1002,2021-09-03 05:58:00,1539868.71,INGRESO
5334,1,1001,2,1002,2021-09-03 06:10:42,1949027.29,INGRESO
5335,1,1001,2,1002,2021-09-03 12:50:51,7245348.86,EGRESO
5336,1,1001,2,1002,2021-09-03 13:05:12,3574363.45,INGRESO
5337,1,1001,2,1002,2021-09-03 13:38:34,6674696.22,EGRESO
5338,1,1001,2,1002,2021-09-03 21:02:38,3305331.15,EGRESO
5339,1,1001,2,1002,2021-09-04 00:10:49,7492801.46,EGRESO
5340,1,1001,2,1002,2021-09-04 03:16:41,2314411.21,EGRESO
5341,1,1001,2,1002,2021-09-04 11:02:45,1737592.36,EGRESO
5342,1,1001,2,1002,2021-09-04 12:04:27,3958659.67,INGRESO
5343,1,1001,2,1002,2021-09-04 17:29:06,7500300.83,INGRESO
5344,1,1001,2,1002,2021-09-04 23:28:30,1474560.53,INGRESO
5345,1,1001,2,1002,2021-09-05 03:25:22,9155397.78,EGRESO
5346,1,1001,2,1002,2021-09-05 03:52:43,631080.35,EGRESO
5347,1,1001,2,1002,2021-09-05 05:25:34,5588015.44,INGRESO
5348,1,1001,2,1002,2021-09-05 08:41:29,8338257.54,EGRESO
5349,1,1001,2,1002,2021-09-05 09:30:46,4364442.12,EGRESO
5350,1,1001,2,1002,2021-09-06 04:15:44,2835982.13,INGRESO
5351,1,1001,2,1002,2021-09-06 05:34:23,6889593.45,INGRESO
5352,1,1001,2,1002,2021-09-06 09:50:50,8986300.60,INGRESO
5353,1,1001,2,1002,2021-09-06 18:03:48,2293406.71,INGRESO
5354,1,1001,2,1002,2021-09-07 04:16:51,393389.80,INGRESO
5355,1,1001,2,1002,2021-09-07 11:48:22,3905307.57,INGRESO
5356,1,1001,2,1002,2021-09-07 19:30:52,3533770.65,INGRESO
5357,1,1001,2,1002,2021-09-07 19:41:55,3886576.30,INGRESO
5358,1,1001,2,1002,2021-09-08 05:58:19,2613666.23,INGRESO
5359,1,1001,2,1002,2021-09-08 08:57:19,7250236.56,EGRESO
5360,1,1001,2,1002,2021-09-08 17:01:57,1139949.75,INGRESO
5361,1,1001,2,1002,2021-09-08 20:41:37,4412996.90,EGRESO
5362,1,1001,2,1002,2021-09-09 01:31:53,2270622.45,INGRESO
5363,1,1001,2,1002,2021-09-09 09:19:44,9917214.79,INGRESO
5364,1,1001,2,1002,2021-09-09 13:21:30,1105345.52,INGRESO
5365,1,1001,2,1002,2021-09-09 18:27:05,3884465.67,EGRESO
5366,1,1001,2,1002,2021-09-09 19:29:44,2785083.05,INGRESO
5367,1,1001,2,1002,2021-09-10 07:11:54,7495694.20,INGRESO
5368,1,1001,2,1002,2021-09-10 07:24:27,428151.51,INGRESO
5369,1,1001,2,1002,2021-09-10 10:19:16,9992824.72,INGRESO
5370,1,1001,2,1002,2021-09-10 14:41:56,950675.54,INGRESO
5371,1,1001,2,1002,2021-09-10 20:13:03,3447122.45,INGRESO
5372,1,1001,2,1002,2021-09-11 00:33:00,3643551.61,INGRESO
5373,1,1001,2,1002,2021-09-11 03:27:31,9328732.17,INGRESO
5374,1,1001,2,1002,2021-09-11 03:51:01,6526268.11,EGRESO
5375,1,1001,2,1002,2021-09-11 04:37:41,3759182.97,EGRESO
5376,1,1001,2,1002,2021-09-11 08:43:30,679939.23,EGRESO
5377,1,1001,2,1002,2021-09-11 08:44:02,6339150.26,INGRESO
5378,1,1001,2,1002,2021-09-11 18:16:11,5000374.09,EGRESO
5379,1,1001,2,1002,2021-09-11 19:28:16,3204498.97,EGRESO
5380,1,1001,2,1002,2021-09-12 01:57:13,5196351.60,INGRESO
5381,1,1001,2,1002,2021-09-12 07:40:47,2623337.54,EGRESO
5382,1,1001,2,1002,2021-09-12 17:46:55,4983418.28,EGRESO
5383,1,1001,2,1002,2021-09-12 20:46:04,9267894.37,INGRESO
5384,1,1001,2,1002,2021-09-13 03:10:08,6900051.08,INGRESO
5385,1,1001,2,1002,2021-09-13 05:35:40,5002935.87,EGRESO
5386,1,1001,2,1002,2021-09-13 06:14:09,4077282.95,EGRESO
5387,1,1001,2,1002,2021-09-13 08:20:49,5192861.55,INGRESO
5388,1,1001,2,1002,2021-09-13 09:37:05,1709022.91,INGRESO
5389,1,1001,2,1002,2021-09-14 01:07:32,8351563.19,INGRESO
5390,1,1001,2,1002,2021-09-14 03:59:27,157668.40,EGRESO
5391,1,1001,2,1002,2021-09-14 14:19:06,8229781.05,INGRESO
5392,1,1001,2,1002,2021-09-14 15:26:14,3842127.97,EGRESO
5393,1,1001,2,1002,2021-09-14 18:51:50,8959241.04,EGRESO
5394,1,1001,2,1002,2021-09-14 22:43:40,7840825.73,EGRESO
5395,1,1001,2,1002,2021-09-15 03:04:12,19751.17,EGRESO
5396,1,1001,2,1002,2021-09-15 04:23:47,3108975.36,EGRESO
5397,1,1001,2,1002,2021-09-15 10:37:47,8071412.88,INGRESO
5398,1,1001,2,1002,2021-09-15 20:44:46,169736.73,EGRESO
5399,1,1001,2,1002,2021-09-16 07:55:24,412500.08,INGRESO
5400,1,1001,2,1002,2021-09-16 08:31:00,8195822.49,EGRESO
5401,1,1001,2,1002,2021-09-16 08:52:03,7161015.97,INGRESO
5402,1,1001,2,1002,2021-09-16 21:03:47,8690501.51,INGRESO
5403,1,1001,2,1002,2021-09-17 02:15:44,1011697.84,EGRESO
5404,1,1001,2,1002,2021-09-17 08:56:50,4447616.16,INGRESO
5405,1,1001,2,1002,2021-09-17 18:40:32,7724767.33,INGRESO
5406,1,1001,2,1002,2021-09-17 21:40:26,7169513.21,EGRESO
5407,1,1001,2,1002,2021-09-18 02:39:35,3763673.38,EGRESO
5408,1,1001,2,1002,2021-09-18 03:34:14,8212920.87,INGRESO
5409,1,1001,2,1002,2021-09-18 12:16:49,4179718.39,INGRESO
5410,1,1001,2,1002,2021-09-18 21:48:55,8934869.81,INGRESO
5411,1,1001,2,1002,2021-09-19 01:30:03,1055308.69,EGRESO
5412,1,1001,2,1002,2021-09-19 06:21:38,6232127.05,EGRESO
5413,1,1001,2,1002,2021-09-19 07:49:27,3986895.39,INGRESO
5414,1,1001,2,1002,2021-09-19 22:30:35,2600814.54,INGRESO
5415,1,1001,2,1002,2021-09-20 03:03:30,6745145.28,INGRESO
5416,1,1001,2,1002,2021-09-20 11:03:14,3927997.22,EGRESO
5417,1,1001,2,1002,2021-09-20 12:27:16,4414791.76,INGRESO
5418,1,1001,2,1002,2021-09-20 16:48:47,2884325.71,INGRESO
5419,1,1001,2,1002,2021-09-20 21:32:56,2177963.35,INGRESO
5420,1,1001,2,1002,2021-09-21 00:23:31,8926709.35,EGRESO
5421,1,1001,2,1002,2021-09-21 06:39:20,1640828.43,EGRESO
5422,1,1001,2,1002,2021-09-21 11:33:32,3946572.14,INGRESO
5423,1,1001,2,1002,2021-09-21 14:59:57,8692125.01,INGRESO
5424,1,1001,2,1002,2021-09-22 01:10:25,1926458.35,INGRESO
5425,1,1001,2,1002,2021-09-22 03:12:20,3477541.33,INGRESO
5426,1,1001,2,1002,2021-09-22 08:54:51,9496287.51,INGRESO
5427,1,1001,2,1002,2021-09-22 14:49:20,3713569.46,EGRESO
5428,1,1001,2,1002,2021-09-23 05:23:27,2280663.19,EGRESO
5429,1,1001,2,1002,2021-09-23 05:30:22,9881027.52,EGRESO
5430,1,1001,2,1002,2021-09-23 06:05:06,9463886.58,INGRESO
5431,1,1001,2,1002,2021-09-23 18:37:10,4197879.33,EGRESO
5432,1,1001,2,1002,2021-09-24 05:06:38,9873323.84,EGRESO
5433,1,1001,2,1002,2021-09-24 07:12:58,3614022.24,EGRESO
5434,1,1001,2,1002,2021-09-24 07:25:04,6931570.50,INGRESO
5435,1,1001,2,1002,2021-09-24 07:59:49,6060924.25,EGRESO
5436,1,1001,2,1002,2021-09-24 12:03:12,5913600.80,EGRESO
5437,1,1001,2,1002,2021-09-24 12:32:10,8200732.17,EGRESO
5438,1,1001,2,1002,2021-09-25 00:06:13,3216652.04,INGRESO
5439,1,1001,2,1002,2021-09-25 01:22:25,6841070.83,INGRESO
5440,1,1001,2,1002,2021-09-25 02:26:07,8669938.70,EGRESO
5441,1,1001,2,1002,2021-09-25 17:27:58,3311202.87,INGRESO
5442,1,1001,2,1002,2021-09-25 18:06:25,8832471.87,EGRESO
5443,1,1001,2,1002,2021-09-26 02:30:48,8832198.10,EGRESO
5444,1,1001,2,1002,2021-09-26 12:00:53,3012655.75,INGRESO
5445,1,1001,2,1002,2021-09-26 19:08:05,2224857.46,EGRESO
5446,1,1001,2,1002,2021-09-26 21:58:22,2832212.59,INGRESO
5447,1,1001,2,1002,2021-09-27 01:49:56,3956391.56,EGRESO
5448,1,1001,2,1002,2021-09-27 02:16:50,5660624.90,EGRESO
5449,1,1001,2,1002,2021-09-27 07:14:48,1842452.59,INGRESO
5450,1,1001,2,1002,2021-09-27 22:45:40,3254285.16,EGRESO
5451,1,1001,2,1002,2021-09-27 23:10:12,8767639.59,EGRESO
5452,1,1001,2,1002,2021-09-28 03:21:49,7392000.70,EGRESO
5453,1,1001,2,1002,2021-09-28 13:18:41,7937173.60,EGRESO
5454,1,1001,2,1002,2021-09-28 14:58:36,3919056.99,EGRESO
5455,1,1001,2,1002,2021-09-28 23:42:00,5225586.52,INGRESO
5456,1,1001,2,1002,2021-09-29 05:54:23,6593958.46,INGRESO
5457,1,1001,2,1002,2021-09-29 12:42:50,4748351.93,EGRESO
5458,1,1001,2,1002,2021-09-29 17:56:00,5343885.18,INGRESO
5459,1,1001,2,1002,2021-09-29 21:13:05,3659443.16,EGRESO
5460,1,1001,2,1002,2021-09-30 01:55:17,5128113.01,INGRESO
5461,1,1001,2,1002,2021-09-30 04:54:47,5687066.14,INGRESO
5462,1,1001,2,1002,2021-09-30 09:26:27,7506795.51,EGRESO
5463,1,1001,2,1002,2021-09-30 11:01:50,5624404.86,EGRESO
5464,1,1001,2,1002,2021-09-30 18:04:01,6587842.32,EGRESO
5465,1,1001,2,1002,2021-10-01 05:59:50,7349163.82,EGRESO
5466,1,1001,2,1002,2021-10-01 15:50:58,5089060.60,INGRESO
5467,1,1001,2,1002,2021-10-01 16:58:19,4508766.55,EGRESO
5468,1,1001,2,1002,2021-10-01 21:29:42,8243246.05,INGRESO
5469,1,1001,2,1002,2021-10-02 10:53:06,8440826.53,EGRESO
5470,1,1001,2,1002,2021-10-02 14:02:50,4830397.91,EGRESO
5471,1,1001,2,1002,2021-10-02 18:40:33,3071351.75,EGRESO
5472,1,1001,2,1002,2021-10-02 21:36:43,4770953.92,EGRESO
5473,1,1001,2,1002,2021-10-02 23:17:34,3211711.78,EGRESO
5474,1,1001,2,1002,2021-10-03 02:28:37,1056811.27,INGRESO
5475,1,1001,2,1002,2021-10-03 04:13:03,9857200.22,INGRESO
5476,1,1001,2,1002,2021-10-03 19:21:27,1103170.55,EGRESO
5477,1,1001,2,1002,2021-10-03 23:01:45,1937455.06,INGRESO
5478,1,1001,2,1002,2021-10-03 23:51:18,3249018.53,INGRESO
5479,1,1001,2,1002,2021-10-04 07:12:34,6723752.73,EGRESO
5480,1,1001,2,1002,2021-10-04 08:27:00,3311796.96,EGRESO
5481,1,1001,2,1002,2021-10-04 08:44:31,7048678.62,EGRESO
5482,1,1001,2,1002,2021-10-04 09:10:30,9555954.54,EGRESO
5483,1,1001,2,1002,2021-10-05 08:36:57,463638.19,EGRESO
5484,1,1001,2,1002,2021-10-05 16:40:18,1531182.75,INGRESO
5485,1,1001,2,1002,2021-10-05 20:26:50,5561150.93,EGRESO
5486,1,1001,2,1002,2021-10-05 21:23:41,2439519.73,INGRESO
5487,1,1001,2,1002,2021-10-06 01:49:40,9472099.59,EGRESO
5488,1,1001,2,1002,2021-10-06 14:16:21,1510660.19,EGRESO
5489,1,1001,2,1002,2021-10-06 17:56:08,6362043.81,EGRESO
5490,1,1001,2,1002,2021-10-06 20:56:06,3581064.12,EGRESO
5491,1,1001,2,1002,2021-10-07 12:28:31,7752219.71,EGRESO
5492,1,1001,2,1002,2021-10-07 13:47:58,5034742.67,EGRESO
5493,1,1001,2,1002,2021-10-07 14:22:29,3486213.87,INGRESO
5494,1,1001,2,1002,2021-10-07 14:47:26,6431196.12,EGRESO
5495,1,1001,2,1002,2021-10-07 22:49:10,8976289.72,INGRESO
5496,1,1001,2,1002,2021-10-08 03:10:16,9658886.46,INGRESO
5497,1,1001,2,1002,2021-10-08 08:18:49,2358506.32,EGRESO
5498,1,1001,2,1002,2021-10-08 12:21:50,6918257.57,INGRESO
5499,1,1001,2,1002,2021-10-08 23:45:21,1343276.68,INGRESO
5500,1,1001,2,1002,2021-10-09 00:09:49,8151330.14,EGRESO
5501,1,1001,2,1002,2021-10-09 11:05:45,5462678.07,EGRESO
5502,1,1001,2,1002,2021-10-09 15:31:54,8354799.09,EGRESO
5503,1,1001,2,1002,2021-10-09 21:39:30,1410625.53,EGRESO
5504,1,1001,2,1002,2021-10-10 00:35:43,4450154.96,EGRESO
5505,1,1001,2,1002,2021-10-10 10:56:23,7642623.94,EGRESO
5506,1,1001,2,1002,2021-10-10 17:48:21,5374871.82,EGRESO
5507,1,1001,2,1002,2021-10-10 21:59:05,2715739.56,EGRESO
5508,1,1001,2,1002,2021-10-11 04:01:36,471401.07,INGRESO
5509,1,1001,2,1002,2021-10-11 14:57:25,4566817.86,EGRESO
5510,1,1001,2,1002,2021-10-11 15:14:34,6002973.84,INGRESO
5511,1,1001,2,1002,2021-10-11 17:18:29,3794123.25,EGRESO
5512,1,1001,2,1002,2021-10-11 22:01:06,2140325.23,EGRESO
5513,1,1001,2,1002,2021-10-12 05:18:34,8817991.04,INGRESO
5514,1,1001,2,1002,2021-10-12 07:46:44,7464472.58,EGRESO
5515,1,1001,2,1002,2021-10-12 10:54:10,6070076.55,EGRESO
5516,1,1001,2,1002,2021-10-12 12:12:43,6896521.66,INGRESO
5517,1,1001,2,1002,2021-10-12 16:39:23,1165126.69,INGRESO
5518,1,1001,2,1002,2021-10-12 19:51:27,1268984.72,INGRESO
5519,1,1001,2,1002,2021-10-13 03:01:31,8151239.36,EGRESO
5520,1,1001,2,1002,2021-10-13 12:52:42,8902879.56,EGRESO
5521,1,1001,2,1002,2021-10-13 14:20:25,6723163.80,EGRESO
5522,1,1001,2,1002,2021-10-13 16:57:51,8830474.81,EGRESO
5523,1,1001,2,1002,2021-10-13 22:32:49,1163368.61,INGRESO
5524,1,1001,2,1002,2021-10-14 01:11:08,8065169.55,EGRESO
5525,1,1001,2,1002,2021-10-14 03:12:11,7015473.90,EGRESO
5526,1,1001,2,1002,2021-10-14 06:49:08,4143239.87,EGRESO
5527,1,1001,2,1002,2021-10-14 09:52:01,8608769.00,INGRESO
5528,1,1001,2,1002,2021-10-14 10:38:10,9796619.91,INGRESO
5529,1,1001,2,1002,2021-10-14 12:13:37,6098012.27,EGRESO
5530,1,1001,2,1002,2021-10-15 08:48:04,4131307.62,INGRESO
5531,1,1001,2,1002,2021-10-15 14:50:04,2079002.50,EGRESO
5532,1,1001,2,1002,2021-10-15 16:05:37,7523989.02,INGRESO
5533,1,1001,2,1002,2021-10-15 19:35:39,887998.65,INGRESO
5534,1,1001,2,1002,2021-10-16 01:30:42,548211.28,INGRESO
5535,1,1001,2,1002,2021-10-16 04:23:41,2222278.51,INGRESO
5536,1,1001,2,1002,2021-10-16 07:52:33,2491370.89,EGRESO
5537,1,1001,2,1002,2021-10-16 22:50:01,4156236.84,INGRESO
5538,1,1001,2,1002,2021-10-17 06:42:11,2324803.22,EGRESO
5539,1,1001,2,1002,2021-10-17 09:53:03,4935528.34,EGRESO
5540,1,1001,2,1002,2021-10-17 12:06:42,343135.09,INGRESO
5541,1,1001,2,1002,2021-10-17 13:40:36,5740072.94,EGRESO
5542,1,1001,2,1002,2021-10-17 14:11:14,4824124.11,INGRESO
5543,1,1001,2,1002,2021-10-18 05:29:39,2019247.98,EGRESO
5544,1,1001,2,1002,2021-10-18 06:05:43,8816997.26,EGRESO
5545,1,1001,2,1002,2021-10-18 08:09:46,4238166.30,EGRESO
5546,1,1001,2,1002,2021-10-18 12:47:58,6103268.64,INGRESO
5547,1,1001,2,1002,2021-10-18 13:11:37,9629827.16,INGRESO
5548,1,1001,2,1002,2021-10-19 11:14:04,1209873.29,EGRESO
5549,1,1001,2,1002,2021-10-19 14:21:28,845269.37,EGRESO
5550,1,1001,2,1002,2021-10-19 18:11:33,8933665.22,INGRESO
5551,1,1001,2,1002,2021-10-19 22:13:05,4989567.72,INGRESO
5552,1,1001,2,1002,2021-10-20 05:54:21,3374728.22,INGRESO
5553,1,1001,2,1002,2021-10-20 06:53:51,7214718.13,INGRESO
5554,1,1001,2,1002,2021-10-20 11:35:45,469422.62,INGRESO
5555,1,1001,2,1002,2021-10-20 18:27:01,7635361.99,INGRESO
5556,1,1001,2,1002,2021-10-20 22:05:06,5048789.17,INGRESO
5557,1,1001,2,1002,2021-10-21 00:00:46,2609975.04,EGRESO
5558,1,1001,2,1002,2021-10-21 00:19:47,6787452.54,EGRESO
5559,1,1001,2,1002,2021-10-21 14:14:00,433114.47,EGRESO
5560,1,1001,2,1002,2021-10-21 19:11:40,7597439.25,EGRESO
5561,1,1001,2,1002,2021-10-22 03:46:37,2732463.59,EGRESO
5562,1,1001,2,1002,2021-10-22 06:23:03,154867.60,INGRESO
5563,1,1001,2,1002,2021-10-22 08:57:07,5545764.61,INGRESO
5564,1,1001,2,1002,2021-10-22 16:33:01,4477105.58,INGRESO
5565,1,1001,2,1002,2021-10-22 20:34:49,686887.49,INGRESO
5566,1,1001,2,1002,2021-10-23 03:40:26,2808092.20,INGRESO
5567,1,1001,2,1002,2021-10-23 09:07:54,2396768.83,EGRESO
5568,1,1001,2,1002,2021-10-23 12:49:37,6748112.98,EGRESO
5569,1,1001,2,1002,2021-10-23 13:42:53,5592155.45,INGRESO
5570,1,1001,2,1002,2021-10-23 18:42:33,5349095.34,INGRESO
5571,1,1001,2,1002,2021-10-23 20:07:20,6895397.41,INGRESO
5572,1,1001,2,1002,2021-10-23 23:55:33,9248190.93,INGRESO
5573,1,1001,2,1002,2021-10-24 02:45:48,9811402.43,INGRESO
5574,1,1001,2,1002,2021-10-24 04:54:59,1592647.86,INGRESO
5575,1,1001,2,1002,2021-10-24 09:13:25,2953153.89,EGRESO
5576,1,1001,2,1002,2021-10-24 12:03:22,8962665.61,EGRESO
5577,1,1001,2,1002,2021-10-24 15:08:49,3152066.73,EGRESO
5578,1,1001,2,1002,2021-10-24 18:43:27,7970814.28,INGRESO
5579,1,1001,2,1002,2021-10-24 22:43:11,3038515.96,EGRESO
5580,1,1001,2,1002,2021-10-25 09:41:50,9192347.51,EGRESO
5581,1,1001,2,1002,2021-10-25 10:46:15,9301610.30,EGRESO
5582,1,1001,2,1002,2021-10-25 13:10:24,6535434.05,INGRESO
5583,1,1001,2,1002,2021-10-25 16:10:08,3057778.46,INGRESO
5584,1,1001,2,1002,2021-10-26 02:10:23,8461903.53,EGRESO
5585,1,1001,2,1002,2021-10-26 11:07:00,9761893.12,INGRESO
5586,1,1001,2,1002,2021-10-26 13:41:05,2248950.96,INGRESO
5587,1,1001,2,1002,2021-10-26 19:00:43,3363814.79,INGRESO
5588,1,1001,2,1002,2021-10-26 23:00:27,6572732.96,EGRESO
5589,1,1001,2,1002,2021-10-27 00:39:18,6135057.13,EGRESO
5590,1,1001,2,1002,2021-10-27 13:14:33,1294857.87,INGRESO
5591,1,1001,2,1002,2021-10-27 17:57:43,6271240.39,EGRESO
5592,1,1001,2,1002,2021-10-27 18:08:09,2455309.06,INGRESO
5593,1,1001,2,1002,2021-10-27 23:49:59,5432254.00,INGRESO
5594,1,1001,2,1002,2021-10-28 02:04:28,5545350.43,INGRESO
5595,1,1001,2,1002,2021-10-28 04:20:04,925146.50,INGRESO
5596,1,1001,2,1002,2021-10-28 13:43:56,7922688.76,EGRESO
5597,1,1001,2,1002,2021-10-28 16:18:05,4844492.25,INGRESO
5598,1,1001,2,1002,2021-10-28 20:17:41,6242005.73,INGRESO
5599,1,1001,2,1002,2021-10-29 05:32:41,9795933.87,EGRESO
5600,1,1001,2,1002,2021-10-29 11:19:42,4398252.86,INGRESO
5601,1,1001,2,1002,2021-10-29 18:39:32,6771852.58,INGRESO
5602,1,1001,2,1002,2021-10-29 22:06:10,5906791.25,EGRESO
5603,1,1001,2,1002,2021-10-30 01:16:41,6524176.07,INGRESO
5604,1,1001,2,1002,2021-10-30 04:59:15,596569.73,EGRESO
5605,1,1001,2,1002,2021-10-30 11:50:24,3081462.28,EGRESO
5606,1,1001,2,1002,2021-10-30 16:42:25,1812343.09,INGRESO
5607,1,1001,2,1002,2021-10-30 17:33:58,8327193.20,EGRESO
5608,1,1001,2,1002,2021-10-31 00:15:26,839278.24,INGRESO
5609,1,1001,2,1002,2021-10-31 05:15:43,9812514.40,INGRESO
5610,1,1001,2,1002,2021-10-31 06:49:56,1240926.42,EGRESO
5611,1,1001,2,1002,2021-10-31 09:53:00,3569581.35,INGRESO
5612,1,1001,2,1002,2021-11-01 01:41:57,5525440.37,INGRESO
5613,1,1001,2,1002,2021-11-01 14:16:48,265168.63,EGRESO
5614,1,1001,2,1002,2021-11-01 18:29:43,9123097.44,INGRESO
5615,1,1001,2,1002,2021-11-01 20:59:57,1603687.33,EGRESO
5616,1,1001,2,1002,2021-11-01 21:23:31,4399345.90,EGRESO
5617,1,1001,2,1002,2021-11-02 06:19:11,4445891.54,EGRESO
5618,1,1001,2,1002,2021-11-02 10:13:34,3056534.24,INGRESO
5619,1,1001,2,1002,2021-11-02 21:27:56,2606486.96,INGRESO
5620,1,1001,2,1002,2021-11-02 23:21:22,6434919.42,EGRESO
5621,1,1001,2,1002,2021-11-03 08:48:05,7076000.75,EGRESO
5622,1,1001,2,1002,2021-11-03 10:36:04,7954683.54,INGRESO
5623,1,1001,2,1002,2021-11-03 19:49:00,2813113.73,EGRESO
5624,1,1001,2,1002,2021-11-03 22:50:20,8676948.64,INGRESO
5625,1,1001,2,1002,2021-11-04 00:56:22,555314.25,EGRESO
5626,1,1001,2,1002,2021-11-04 14:50:20,1105504.41,INGRESO
5627,1,1001,2,1002,2021-11-04 15:19:02,3327445.32,EGRESO
5628,1,1001,2,1002,2021-11-04 19:57:34,4260219.63,EGRESO
5629,1,1001,2,1002,2021-11-05 03:04:11,8021790.15,EGRESO
5630,1,1001,2,1002,2021-11-05 13:51:11,8859848.40,EGRESO
5631,1,1001,2,1002,2021-11-05 23:16:52,3801555.10,EGRESO
5632,1,1001,2,1002,2021-11-05 23:37:19,3190866.63,EGRESO
5633,1,1001,2,1002,2021-11-06 05:53:37,5986065.71,INGRESO
5634,1,1001,2,1002,2021-11-06 10:06:09,5484091.92,EGRESO
5635,1,1001,2,1002,2021-11-06 11:48:13,10613.81,INGRESO
5636,1,1001,2,1002,2021-11-06 13:06:57,7407269.09,INGRESO
5637,1,1001,2,1002,2021-11-06 17:56:57,8244442.03,EGRESO
5638,1,1001,2,1002,2021-11-07 01:45:33,9094716.41,EGRESO
5639,1,1001,2,1002,2021-11-07 05:05:34,7856395.72,INGRESO
5640,1,1001,2,1002,2021-11-07 12:38:34,1970408.76,INGRESO
5641,1,1001,2,1002,2021-11-07 18:03:00,5784590.22,INGRESO
5642,1,1001,2,1002,2021-11-07 19:23:01,759379.23,INGRESO
5643,1,1001,2,1002,2021-11-07 20:56:27,9173240.93,EGRESO
5644,1,1001,2,1002,2021-11-08 02:14:40,9588621.65,INGRESO
5645,1,1001,2,1002,2021-11-08 05:54:13,6715320.89,INGRESO
5646,1,1001,2,1002,2021-11-08 07:18:37,8874249.38,EGRESO
5647,1,1001,2,1002,2021-11-08 18:47:12,5699777.27,INGRESO
5648,1,1001,2,1002,2021-11-09 01:56:51,4314516.25,EGRESO
5649,1,1001,2,1002,2021-11-09 06:12:51,467239.08,EGRESO
5650,1,1001,2,1002,2021-11-09 11:12:50,5546936.55,EGRESO
5651,1,1001,2,1002,2021-11-09 11:21:30,8267409.38,EGRESO
5652,1,1001,2,1002,2021-11-09 18:57:04,2291421.99,EGRESO
5653,1,1001,2,1002,2021-11-10 10:50:11,5114153.78,INGRESO
5654,1,1001,2,1002,2021-11-10 13:06:40,4164768.63,EGRESO
5655,1,1001,2,1002,2021-11-10 13:56:36,3434708.43,EGRESO
5656,1,1001,2,1002,2021-11-10 21:22:55,1631716.87,INGRESO
5657,1,1001,2,1002,2021-11-11 06:48:49,6207699.30,EGRESO
5658,1,1001,2,1002,2021-11-11 09:54:57,3900798.98,INGRESO
5659,1,1001,2,1002,2021-11-11 11:15:54,263478.77,INGRESO
5660,1,1001,2,1002,2021-11-11 17:17:04,2415880.11,INGRESO
5661,1,1001,2,1002,2021-11-12 07:11:07,8259740.44,INGRESO
5662,1,1001,2,1002,2021-11-12 11:41:00,5100728.85,INGRESO
5663,1,1001,2,1002,2021-11-12 14:40:32,3849902.74,INGRESO
5664,1,1001,2,1002,2021-11-12 15:57:28,4740105.48,INGRESO
5665,1,1001,2,1002,2021-11-12 22:35:58,9213902.26,EGRESO
5666,1,1001,2,1002,2021-11-13 03:56:51,9508647.73,EGRESO
5667,1,1001,2,1002,2021-11-13 09:28:26,622605.48,EGRESO
5668,1,1001,2,1002,2021-11-13 13:10:20,6234534.72,EGRESO
5669,1,1001,2,1002,2021-11-13 14:20:38,365373.05,EGRESO
5670,1,1001,2,1002,2021-11-14 09:42:56,4622721.79,INGRESO
5671,1,1001,2,1002,2021-11-14 11:38:14,3663457.23,EGRESO
5672,1,1001,2,1002,2021-11-14 14:02:10,1111444.59,INGRESO
5673,1,1001,2,1002,2021-11-14 17:12:18,8428479.48,EGRESO
5674,1,1001,2,1002,2021-11-15 04:05:41,3917722.75,EGRESO
5675,1,1001,2,1002,2021-11-15 07:25:35,6995609.07,EGRESO
5676,1,1001,2,1002,2021-11-15 16:23:33,2780006.79,EGRESO
5677,1,1001,2,1002,2021-11-15 18:15:00,4601619.60,INGRESO
5678,1,1001,2,1002,2021-11-15 22:40:22,396383.68,INGRESO
5679,1,1001,2,1002,2021-11-16 01:36:00,5198916.66,INGRESO
5680,1,1001,2,1002,2021-11-16 05:49:11,9227765.65,EGRESO
5681,1,1001,2,1002,2021-11-16 11:27:35,7472153.54,EGRESO
5682,1,1001,2,1002,2021-11-16 14:51:50,8149508.98,EGRESO
5683,1,1001,2,1002,2021-11-16 23:11:47,5188124.84,EGRESO
5684,1,1001,2,1002,2021-11-17 05:32:12,8398943.03,INGRESO
5685,1,1001,2,1002,2021-11-17 10:09:16,3773710.37,INGRESO
5686,1,1001,2,1002,2021-11-17 17:07:12,7938511.73,EGRESO
5687,1,1001,2,1002,2021-11-17 19:30:12,2037180.73,EGRESO
5688,1,1001,2,1002,2021-11-18 02:47:02,2899599.41,INGRESO
5689,1,1001,2,1002,2021-11-18 10:01:35,4629260.86,INGRESO
5690,1,1001,2,1002,2021-11-18 14:59:25,3907846.91,EGRESO
5691,1,1001,2,1002,2021-11-18 20:20:35,1906681.50,INGRESO
5692,1,1001,2,1002,2021-11-19 10:29:57,7129098.50,INGRESO
5693,1,1001,2,1002,2021-11-19 13:12:25,210138.90,INGRESO
5694,1,1001,2,1002,2021-11-19 14:15:33,2032469.48,EGRESO
5695,1,1001,2,1002,2021-11-19 14:24:04,5541814.40,EGRESO
5696,1,1001,2,1002,2021-11-19 19:16:22,9776237.81,INGRESO
5697,1,1001,2,1002,2021-11-20 04:24:32,448456.53,INGRESO
5698,1,1001,2,1002,2021-11-20 09:27:22,9446769.65,INGRESO
5699,1,1001,2,1002,2021-11-20 16:22:17,6281022.17,EGRESO
5700,1,1001,2,1002,2021-11-20 22:56:40,7863686.73,INGRESO
5701,1,1001,2,1002,2021-11-21 00:25:39,6278359.81,EGRESO
5702,1,1001,2,1002,2021-11-21 01:30:17,6440881.74,EGRESO
5703,1,1001,2,1002,2021-11-21 19:22:36,208517.65,EGRESO
5704,1,1001,2,1002,2021-11-21 20:37:28,1090827.28,EGRESO
5705,1,1001,2,1002,2021-11-22 09:40:02,8455345.11,INGRESO
5706,1,1001,2,1002,2021-11-22 11:07:33,7052869.53,EGRESO
5707,1,1001,2,1002,2021-11-22 12:52:34,3084701.64,INGRESO
5708,1,1001,2,1002,2021-11-22 13:06:00,9008851.48,INGRESO
5709,1,1001,2,1002,2021-11-22 21:55:24,2883429.64,EGRESO
5710,1,1001,2,1002,2021-11-23 02:32:37,6456268.08,EGRESO
5711,1,1001,2,1002,2021-11-23 03:30:35,2646045.12,EGRESO
5712,1,1001,2,1002,2021-11-23 08:51:39,4082588.44,INGRESO
5713,1,1001,2,1002,2021-11-23 19:58:18,4858402.58,INGRESO
5714,1,1001,2,1002,2021-11-24 04:03:04,8947112.26,EGRESO
5715,1,1001,2,1002,2021-11-24 06:02:27,7583471.35,EGRESO
5716,1,1001,2,1002,2021-11-24 11:10:32,6380479.64,INGRESO
5717,1,1001,2,1002,2021-11-24 15:01:37,3145527.17,INGRESO
5718,1,1001,2,1002,2021-11-24 21:56:45,5344555.16,EGRESO
5719,1,1001,2,1002,2021-11-25 04:17:24,2187001.65,INGRESO
5720,1,1001,2,1002,2021-11-25 06:25:23,7107331.06,INGRESO
5721,1,1001,2,1002,2021-11-25 23:04:47,5739488.49,INGRESO
5722,1,1001,2,1002,2021-11-25 23:28:31,1727713.88,INGRESO
5723,1,1001,2,1002,2021-11-26 12:26:33,7531013.73,INGRESO
5724,1,1001,2,1002,2021-11-26 14:17:34,9291093.36,INGRESO
5725,1,1001,2,1002,2021-11-26 14:21:47,5162997.01,EGRESO
5726,1,1001,2,1002,2021-11-26 14:33:45,5371401.86,INGRESO
5727,1,1001,2,1002,2021-11-26 14:42:11,3224923.04,INGRESO
5728,1,1001,2,1002,2021-11-27 05:13:18,7722640.31,EGRESO
5729,1,1001,2,1002,2021-11-27 06:45:44,196664.19,EGRESO
5730,1,1001,2,1002,2021-11-27 12:15:49,9008914.09,INGRESO
5731,1,1001,2,1002,2021-11-27 12:43:58,1103001.63,EGRESO
5732,1,1001,2,1002,2021-11-27 18:11:51,8317997.98,INGRESO
5733,1,1001,2,1002,2021-11-28 10:30:46,7230843.63,INGRESO
5734,1,1001,2,1002,2021-11-28 15:03:36,255065.14,EGRESO
5735,1,1001,2,1002,2021-11-28 18:58:33,2515009.65,EGRESO
5736,1,1001,2,1002,2021-11-28 19:21:43,1261441.02,INGRESO
5737,1,1001,2,1002,2021-11-29 02:24:04,4079772.15,EGRESO
5738,1,1001,2,1002,2021-11-29 04:51:46,8881182.26,INGRESO
5739,1,1001,2,1002,2021-11-29 07:45:25,1270721.99,INGRESO
5740,1,1001,2,1002,2021-11-29 12:19:57,5000169.61,EGRESO
5741,1,1001,2,1002,2021-11-30 00:06:47,265743.13,INGRESO
5742,1,1001,2,1002,2021-11-30 02:25:54,9481143.20,INGRESO
5743,1,1001,2,1002,2021-11-30 15:02:39,4340045.41,INGRESO
5744,1,1001,2,1002,2021-11-30 18:16:55,2370537.23,EGRESO
5745,1,1001,2,1002,2021-11-30 20:53:34,7730464.25,EGRESO
5746,1,1001,2,1002,2021-12-01 08:34:33,5560694.15,INGRESO
5747,1,1001,2,1002,2021-12-01 14:41:51,5520292.40,EGRESO
5748,1,1001,2,1002,2021-12-01 15:44:55,243150.28,EGRESO
5749,1,1001,2,1002,2021-12-01 21:02:16,7432608.28,INGRESO
5750,1,1001,2,1002,2021-12-02 04:49:21,3012616.10,EGRESO
5751,1,1001,2,1002,2021-12-02 07:47:21,5780148.69,EGRESO
5752,1,1001,2,1002,2021-12-02 09:58:09,832443.38,INGRESO
5753,1,1001,2,1002,2021-12-02 20:53:18,4973905.23,EGRESO
5754,1,1001,2,1002,2021-12-03 04:32:56,3007578.76,EGRESO
5755,1,1001,2,1002,2021-12-03 05:30:12,8317139.85,INGRESO
5756,1,1001,2,1002,2021-12-03 08:05:21,5479728.75,INGRESO
5757,1,1001,2,1002,2021-12-03 08:41:28,2247176.52,EGRESO
5758,1,1001,2,1002,2021-12-03 18:13:30,3640622.25,INGRESO
5759,1,1001,2,1002,2021-12-04 01:13:07,9555669.93,INGRESO
5760,1,1001,2,1002,2021-12-04 04:46:46,3315911.35,EGRESO
5761,1,1001,2,1002,2021-12-04 10:17:21,5906999.87,EGRESO
5762,1,1001,2,1002,2021-12-04 10:28:01,5863763.32,INGRESO
5763,1,1001,2,1002,2021-12-04 13:52:11,9054599.67,EGRESO
5764,1,1001,2,1002,2021-12-04 23:37:25,6745759.47,INGRESO
5765,1,1001,2,1002,2021-12-05 10:00:54,4946893.40,INGRESO
5766,1,1001,2,1002,2021-12-05 13:59:35,9229799.42,EGRESO
5767,1,1001,2,1002,2021-12-05 22:17:42,1046511.74,INGRESO
5768,1,1001,2,1002,2021-12-05 23:34:23,9393369.66,EGRESO
5769,1,1001,2,1002,2021-12-06 02:27:02,2552917.31,INGRESO
5770,1,1001,2,1002,2021-12-06 09:56:26,6254364.46,INGRESO
5771,1,1001,2,1002,2021-12-06 18:32:04,8196900.16,EGRESO
5772,1,1001,2,1002,2021-12-06 21:58:02,1164895.89,INGRESO
5773,1,1001,2,1002,2021-12-06 22:01:18,8999426.43,EGRESO
5774,1,1001,2,1002,2021-12-07 07:45:29,5102842.14,EGRESO
5775,1,1001,2,1002,2021-12-07 08:09:02,5242172.25,EGRESO
5776,1,1001,2,1002,2021-12-07 11:15:34,5012771.17,INGRESO
5777,1,1001,2,1002,2021-12-07 22:07:29,4554626.00,INGRESO
5778,1,1001,2,1002,2021-12-08 02:51:51,1042838.28,EGRESO
5779,1,1001,2,1002,2021-12-08 03:24:59,6343475.58,EGRESO
5780,1,1001,2,1002,2021-12-08 13:05:52,8456498.58,EGRESO
5781,1,1001,2,1002,2021-12-08 20:42:58,7990684.53,INGRESO
5782,1,1001,2,1002,2021-12-09 00:50:56,508183.04,EGRESO
5783,1,1001,2,1002,2021-12-09 02:37:40,2668016.79,EGRESO
5784,1,1001,2,1002,2021-12-09 13:05:48,7042997.56,INGRESO
5785,1,1001,2,1002,2021-12-09 18:49:59,1348168.52,EGRESO
5786,1,1001,2,1002,2021-12-10 00:07:29,9747329.49,EGRESO
5787,1,1001,2,1002,2021-12-10 04:26:09,2510941.58,INGRESO
5788,1,1001,2,1002,2021-12-10 07:57:05,572519.65,INGRESO
5789,1,1001,2,1002,2021-12-10 11:50:17,5418398.91,EGRESO
5790,1,1001,2,1002,2021-12-10 16:39:56,9797026.06,INGRESO
5791,1,1001,2,1002,2021-12-11 05:03:07,1334717.90,INGRESO
5792,1,1001,2,1002,2021-12-11 10:00:52,1631107.97,INGRESO
5793,1,1001,2,1002,2021-12-11 16:16:12,340157.27,EGRESO
5794,1,1001,2,1002,2021-12-11 22:54:35,1645824.50,EGRESO
5795,1,1001,2,1002,2021-12-12 02:09:06,3263169.82,INGRESO
5796,1,1001,2,1002,2021-12-12 16:13:38,3069517.82,INGRESO
5797,1,1001,2,1002,2021-12-12 18:19:37,6896438.15,EGRESO
5798,1,1001,2,1002,2021-12-12 21:29:24,9498854.09,EGRESO
5799,1,1001,2,1002,2021-12-13 01:10:29,995499.93,EGRESO
5800,1,1001,2,1002,2021-12-13 01:26:31,5659217.21,EGRESO
5801,1,1001,2,1002,2021-12-13 20:12:13,9001347.11,EGRESO
5802,1,1001,2,1002,2021-12-13 21:41:15,4115805.59,EGRESO
5803,1,1001,2,1002,2021-12-14 04:01:29,3359478.23,INGRESO
5804,1,1001,2,1002,2021-12-14 17:01:27,3897879.12,INGRESO
5805,1,1001,2,1002,2021-12-14 17:36:42,5874587.02,INGRESO
5806,1,1001,2,1002,2021-12-14 19:34:58,64201.77,INGRESO
5807,1,1001,2,1002,2021-12-15 08:10:21,6906160.81,EGRESO
5808,1,1001,2,1002,2021-12-15 10:42:34,6793468.94,EGRESO
5809,1,1001,2,1002,2021-12-15 12:22:57,8668718.76,EGRESO
5810,1,1001,2,1002,2021-12-15 22:55:03,6460864.86,EGRESO
5811,1,1001,2,1002,2021-12-16 07:55:55,49679.30,EGRESO
5812,1,1001,2,1002,2021-12-16 08:23:04,2441761.71,INGRESO
5813,1,1001,2,1002,2021-12-16 12:03:09,7021162.27,EGRESO
5814,1,1001,2,1002,2021-12-16 19:19:18,7583315.37,INGRESO
5815,1,1001,2,1002,2021-12-16 20:15:54,2103181.19,EGRESO
5816,1,1001,2,1002,2021-12-16 20:41:48,6273974.03,INGRESO
5817,1,1001,2,1002,2021-12-17 07:36:31,8510512.50,INGRESO
5818,1,1001,2,1002,2021-12-17 10:15:24,7102900.40,EGRESO
5819,1,1001,2,1002,2021-12-17 19:33:14,903626.50,EGRESO
5820,1,1001,2,1002,2021-12-17 21:01:38,7452763.67,INGRESO
5821,1,1001,2,1002,2021-12-18 01:01:58,5084704.09,EGRESO
5822,1,1001,2,1002,2021-12-18 01:06:36,9175972.61,EGRESO
5823,1,1001,2,1002,2021-12-18 06:18:00,7624115.79,INGRESO
5824,1,1001,2,1002,2021-12-18 08:07:07,2512315.92,INGRESO
5825,1,1001,2,1002,2021-12-19 02:17:44,5313806.66,EGRESO
5826,1,1001,2,1002,2021-12-19 09:45:34,1943407.10,EGRESO
5827,1,1001,2,1002,2021-12-19 13:37:54,3103737.90,EGRESO
5828,1,1001,2,1002,2021-12-19 15:26:02,5452146.04,EGRESO
5829,1,1001,2,1002,2021-12-19 18:22:28,5279073.61,INGRESO
5830,1,1001,2,1002,2021-12-20 03:15:33,8434387.77,INGRESO
5831,1,1001,2,1002,2021-12-20 09:57:58,6636627.77,EGRESO
5832,1,1001,2,1002,2021-12-20 21:17:46,5044986.60,EGRESO
5833,1,1001,2,1002,2021-12-20 22:56:16,7606018.61,INGRESO
5834,1,1001,2,1002,2021-12-21 04:05:29,54790.85,INGRESO
5835,1,1001,2,1002,2021-12-21 14:12:38,5908694.99,EGRESO
5836,1,1001,2,1002,2021-12-21 14:34:07,9113876.93,INGRESO
5837,1,1001,2,1002,2021-12-21 18:38:40,2125032.95,INGRESO
5838,1,1001,2,1002,2021-12-22 01:59:32,3195705.69,EGRESO
5839,1,1001,2,1002,2021-12-22 08:14:19,2314595.85,INGRESO
5840,1,1001,2,1002,2021-12-22 13:31:13,6746836.95,INGRESO
5841,1,1001,2,1002,2021-12-22 14:53:32,8373582.91,EGRESO
5842,1,1001,2,1002,2021-12-22 21:26:09,347869.61,EGRESO
5843,1,1001,2,1002,2021-12-23 09:09:57,9614049.82,INGRESO
5844,1,1001,2,1002,2021-12-23 11:59:38,7637842.25,INGRESO
5845,1,1001,2,1002,2021-12-23 19:21:09,6141978.80,EGRESO
5846,1,1001,2,1002,2021-12-23 23:57:02,4224333.81,EGRESO
5847,1,1001,2,1002,2021-12-24 02:35:56,6954121.46,INGRESO
5848,1,1001,2,1002,2021-12-24 04:52:09,4174772.90,INGRESO
5849,1,1001,2,1002,2021-12-24 17:23:56,7526663.74,INGRESO
5850,1,1001,2,1002,2021-12-24 20:57:25,1027094.50,INGRESO
5851,1,1001,2,1002,2021-12-24 23:21:58,5640991.80,EGRESO
5852,1,1001,2,1002,2021-12-25 15:42:15,7725818.23,EGRESO
5853,1,1001,2,1002,2021-12-25 16:31:42,174762.82,INGRESO
5854,1,1001,2,1002,2021-12-25 16:33:12,8171167.06,INGRESO
5855,1,1001,2,1002,2021-12-25 22:29:20,8503236.56,INGRESO
5856,1,1001,2,1002,2021-12-26 06:54:52,1752000.82,INGRESO
5857,1,1001,2,1002,2021-12-26 06:56:40,7453019.54,INGRESO
5858,1,1001,2,1002,2021-12-26 12:26:24,5705160.58,EGRESO
5859,1,1001,2,1002,2021-12-26 22:24:59,4853853.70,EGRESO
5860,1,1001,2,1002,2021-12-27 04:04:24,2368518.87,EGRESO
5861,1,1001,2,1002,2021-12-27 06:01:41,3866884.45,EGRESO
5862,1,1001,2,1002,2021-12-27 10:17:18,4975590.82,INGRESO
5863,1,1001,2,1002,2021-12-27 14:40:05,9988353.74,EGRESO
5864,1,1001,2,1002,2021-12-28 00:36:06,517870.04,INGRESO
5865,1,1001,2,1002,2021-12-28 02:47:00,3356661.86,EGRESO
5866,1,1001,2,1002,2021-12-28 07:04:15,5605460.39,INGRESO
5867,1,1001,2,1002,2021-12-28 18:47:40,4491279.53,INGRESO
5868,1,1001,2,1002,2021-12-29 07:09:46,2208682.50,INGRESO
5869,1,1001,2,1002,2021-12-29 07:11:53,7901777.25,EGRESO
5870,1,1001,2,1002,2021-12-29 07:19:28,4664171.44,EGRESO
5871,1,1001,2,1002,2021-12-29 09:40:13,6362428.50,EGRESO
5872,1,1001,2,1002,2021-12-29 15:58:10,7371313.31,INGRESO
5873,1,1001,2,1002,2021-12-29 20:23:55,6171763.21,EGRESO
5874,1,1001,2,1002,2021-12-30 00:34:27,2907875.37,INGRESO
5875,1,1001,2,1002,2021-12-30 00:50:03,6685181.57,INGRESO
5876,1,1001,2,1002,2021-12-30 10:47:07,3950444.12,EGRESO
5877,1,1001,2,1002,2021-12-30 22:19:21,888217.74,EGRESO
5878,1,1001,2,1002,2021-12-31 02:17:02,3876042.32,INGRESO
5879,1,1001,2,1002,2021-12-31 07:29:13,2227384.71,EGRESO
5880,1,1001,2,1002,2021-12-31 12:53:07,4336954.39,INGRESO
5881,1,1001,2,1002,2021-12-31 15:12:56,526909.66,INGRESO
5882,1,1001,2,1002,2022-01-01 00:28:25,8851240.76,INGRESO
5883,1,1001,2,1002,2022-01-01 09:36:15,1937574.36,EGRESO
5884,1,1001,2,1002,2022-01-01 19:34:42,1745109.58,INGRESO
5885,1,1001,2,1002,2022-01-01 22:56:40,2749016.73,EGRESO
5886,1,1001,2,1002,2022-01-01 23:21:32,1334973.87,INGRESO
5887,1,1001,2,1002,2022-01-02 05:57:29,6354678.92,INGRESO
5888,1,1001,2,1002,2022-01-02 12:56:20,8418573.91,INGRESO
5889,1,1001,2,1002,2022-01-02 20:18:25,5846588.62,EGRESO
5890,1,1001,2,1002,2022-01-02 20:35:05,1522016.31,EGRESO
5891,1,1001,2,1002,2022-01-02 22:50:57,5397702.52,INGRESO
5892,1,1001,2,1002,2022-01-03 11:07:54,7323660.72,INGRESO
5893,1,1001,2,1002,2022-01-03 11:29:36,4636297.54,INGRESO
5894,1,1001,2,1002,2022-01-03 12:54:33,4267571.47,EGRESO
5895,1,1001,2,1002,2022-01-03 23:01:07,8121100.43,EGRESO
5896,1,1001,2,1002,2022-01-04 01:36:38,1942199.38,INGRESO
5897,1,1001,2,1002,2022-01-04 03:49:56,6322239.56,INGRESO
5898,1,1001,2,1002,2022-01-04 06:22:40,3270401.32,EGRESO
5899,1,1001,2,1002,2022-01-04 12:56:04,3792773.27,EGRESO
5900,1,1001,2,1002,2022-01-05 01:04:11,3117221.64,EGRESO
5901,1,1001,2,1002,2022-01-05 03:43:09,9811084.97,INGRESO
5902,1,1001,2,1002,2022-01-05 12:29:09,2512511.24,EGRESO
5903,1,1001,2,1002,2022-01-05 15:19:43,7952758.94,INGRESO
5904,1,1001,2,1002,2022-01-05 16:34:05,9841207.07,EGRESO
5905,1,1001,2,1002,2022-01-06 03:53:05,8620471.06,EGRESO
5906,1,1001,2,1002,2022-01-06 05:36:08,3074097.07,INGRESO
5907,1,1001,2,1002,2022-01-06 13:14:54,8734840.35,EGRESO
5908,1,1001,2,1002,2022-01-06 17:09:29,3215514.87,INGRESO
5909,1,1001,2,1002,2022-01-06 17:41:43,9947489.21,INGRESO
5910,1,1001,2,1002,2022-01-07 03:00:45,235604.39,EGRESO
5911,1,1001,2,1002,2022-01-07 11:35:49,4430031.45,EGRESO
5912,1,1001,2,1002,2022-01-07 12:17:34,739838.10,INGRESO
5913,1,1001,2,1002,2022-01-07 17:20:22,5731948.93,EGRESO
5914,1,1001,2,1002,2022-01-08 03:57:49,6674106.25,EGRESO
5915,1,1001,2,1002,2022-01-08 04:40:18,5300572.74,INGRESO
5916,1,1001,2,1002,2022-01-08 19:14:05,9119871.61,EGRESO
5917,1,1001,2,1002,2022-01-08 20:30:48,2321901.04,EGRESO
5918,1,1001,2,1002,2022-01-09 07:37:11,81957.52,EGRESO
5919,1,1001,2,1002,2022-01-09 09:08:50,2785073.05,EGRESO
5920,1,1001,2,1002,2022-01-09 14:09:34,7111600.36,INGRESO
5921,1,1001,2,1002,2022-01-09 18:29:36,9577256.69,EGRESO
5922,1,1001,2,1002,2022-01-10 00:46:21,5016471.76,INGRESO
5923,1,1001,2,1002,2022-01-10 07:01:48,7669909.91,INGRESO
5924,1,1001,2,1002,2022-01-10 09:10:22,2516137.98,INGRESO
5925,1,1001,2,1002,2022-01-10 12:52:55,4098487.32,INGRESO
5926,1,1001,2,1002,2022-01-10 23:53:46,5503554.12,EGRESO
5927,1,1001,2,1002,2022-01-11 05:51:36,6207806.92,EGRESO
5928,1,1001,2,1002,2022-01-11 10:07:58,9860834.99,INGRESO
5929,1,1001,2,1002,2022-01-11 13:59:11,1829514.96,EGRESO
5930,1,1001,2,1002,2022-01-11 15:54:05,9022912.06,EGRESO
5931,1,1001,2,1002,2022-01-11 18:53:44,8312113.80,INGRESO
5932,1,1001,2,1002,2022-01-12 00:28:07,7342282.90,EGRESO
5933,1,1001,2,1002,2022-01-12 04:52:21,8249262.42,INGRESO
5934,1,1001,2,1002,2022-01-12 05:02:09,690578.48,INGRESO
5935,1,1001,2,1002,2022-01-12 15:53:56,1063253.76,EGRESO
5936,1,1001,2,1002,2022-01-13 04:02:45,1940979.89,INGRESO
5937,1,1001,2,1002,2022-01-13 07:47:33,8424549.55,EGRESO
5938,1,1001,2,1002,2022-01-13 13:47:44,1583755.23,INGRESO
5939,1,1001,2,1002,2022-01-13 19:20:34,245964.10,INGRESO
5940,1,1001,2,1002,2022-01-13 21:18:42,4381552.26,INGRESO
5941,1,1001,2,1002,2022-01-14 00:19:55,7297471.95,EGRESO
5942,1,1001,2,1002,2022-01-14 01:00:18,5158770.95,INGRESO
5943,1,1001,2,1002,2022-01-14 03:07:58,1952290.99,EGRESO
5944,1,1001,2,1002,2022-01-14 16:52:59,826209.86,EGRESO
5945,1,1001,2,1002,2022-01-15 01:34:28,2078329.30,EGRESO
5946,1,1001,2,1002,2022-01-15 02:35:03,6452500.94,INGRESO
5947,1,1001,2,1002,2022-01-15 07:25:33,7855300.61,INGRESO
5948,1,1001,2,1002,2022-01-15 19:26:56,9450585.30,EGRESO
5949,1,1001,2,1002,2022-01-15 20:51:22,5980776.13,EGRESO
5950,1,1001,2,1002,2022-01-16 11:46:24,7711390.12,INGRESO
5951,1,1001,2,1002,2022-01-16 12:19:21,9994807.01,INGRESO
5952,1,1001,2,1002,2022-01-16 16:48:44,2576477.07,INGRESO
5953,1,1001,2,1002,2022-01-16 20:22:25,371994.33,INGRESO
5954,1,1001,2,1002,2022-01-16 22:44:25,5808826.52,EGRESO
5955,1,1001,2,1002,2022-01-17 00:16:01,1222562.35,INGRESO
5956,1,1001,2,1002,2022-01-17 07:29:24,3334861.28,EGRESO
5957,1,1001,2,1002,2022-01-17 17:38:28,346664.04,INGRESO
5958,1,1001,2,1002,2022-01-17 23:16:56,6420806.72,EGRESO
5959,1,1001,2,1002,2022-01-18 07:26:36,1069379.87,INGRESO
5960,1,1001,2,1002,2022-01-18 08:51:44,3253503.18,INGRESO
5961,1,1001,2,1002,2022-01-18 12:54:36,7742569.74,EGRESO
5962,1,1001,2,1002,2022-01-18 13:55:49,619537.27,INGRESO
5963,1,1001,2,1002,2022-01-19 03:34:12,4359347.03,EGRESO
5964,1,1001,2,1002,2022-01-19 03:47:13,2810171.64,INGRESO
5965,1,1001,2,1002,2022-01-19 04:35:46,6737477.70,INGRESO
5966,1,1001,2,1002,2022-01-19 07:16:41,6328841.96,INGRESO
5967,1,1001,2,1002,2022-01-19 16:01:16,125652.96,INGRESO
5968,1,1001,2,1002,2022-01-19 16:37:02,5433493.87,EGRESO
5969,1,1001,2,1002,2022-01-19 21:31:32,1520150.81,INGRESO
5970,1,1001,2,1002,2022-01-20 02:27:34,8687632.25,EGRESO
5971,1,1001,2,1002,2022-01-20 16:00:23,511191.28,INGRESO
5972,1,1001,2,1002,2022-01-20 20:45:32,7967593.52,INGRESO
5973,1,1001,2,1002,2022-01-20 20:49:40,7161643.21,INGRESO
5974,1,1001,2,1002,2022-01-20 21:19:07,4625649.72,INGRESO
5975,1,1001,2,1002,2022-01-20 23:10:11,9913045.35,EGRESO
5976,1,1001,2,1002,2022-01-21 01:57:27,8201748.52,INGRESO
5977,1,1001,2,1002,2022-01-21 06:09:07,7615243.43,INGRESO
5978,1,1001,2,1002,2022-01-21 14:34:17,5877278.07,INGRESO
5979,1,1001,2,1002,2022-01-21 17:08:10,1307428.24,INGRESO
5980,1,1001,2,1002,2022-01-22 08:43:49,3638638.62,EGRESO
5981,1,1001,2,1002,2022-01-22 17:05:46,6376345.76,INGRESO
5982,1,1001,2,1002,2022-01-22 23:38:56,2776172.76,INGRESO
5983,1,1001,2,1002,2022-01-22 23:44:06,2179530.55,EGRESO
5984,1,1001,2,1002,2022-01-23 04:18:37,496299.19,EGRESO
5985,1,1001,2,1002,2022-01-23 05:09:42,3729447.31,INGRESO
5986,1,1001,2,1002,2022-01-23 17:10:28,3611211.88,EGRESO
5987,1,1001,2,1002,2022-01-23 22:03:35,5465376.40,INGRESO
5988,1,1001,2,1002,2022-01-24 02:17:03,55632.26,INGRESO
5989,1,1001,2,1002,2022-01-24 08:41:13,4640925.15,INGRESO
5990,1,1001,2,1002,2022-01-24 13:53:49,6948352.64,INGRESO
5991,1,1001,2,1002,2022-01-24 18:07:50,1832956.09,INGRESO
5992,1,1001,2,1002,2022-01-24 21:48:41,759826.69,EGRESO
5993,1,1001,2,1002,2022-01-25 00:10:42,8848061.79,EGRESO
5994,1,1001,2,1002,2022-01-25 08:19:38,5001590.57,EGRESO
5995,1,1001,2,1002,2022-01-25 14:17:00,9441309.29,INGRESO
5996,1,1001,2,1002,2022-01-25 20:36:37,77724.92,INGRESO
5997,1,1001,2,1002,2022-01-26 01:23:38,1393853.80,EGRESO
5998,1,1001,2,1002,2022-01-26 08:09:43,7728786.60,EGRESO
5999,1,1001,2,1002,2022-01-26 23:04:46,9484318.90,EGRESO
6000,1,1001,2,1002,2022-01-26 23:35:05,9254078.33,INGRESO
6001,1,1001,2,1002,2022-01-27 00:02:03,5075648.97,INGRESO
6002,1,1001,2,1002,2022-01-27 03:24:54,8939969.16,INGRESO
6003,1,1001,2,1002,2022-01-27 07:17:11,371627.62,EGRESO
6004,1,1001,2,1002,2022-01-27 08:50:00,9257445.04,EGRESO
6005,1,1001,2,1002,2022-01-28 01:23:09,7790190.12,INGRESO
6006,1,1001,2,1002,2022-01-28 01:46:20,1654595.91,INGRESO
6007,1,1001,2,1002,2022-01-28 08:45:16,1356983.45,EGRESO
6008,1,1001,2,1002,2022-01-28 14:38:08,7045410.15,EGRESO
6009,1,1001,2,1002,2022-01-28 16:59:09,9312031.08,INGRESO
6010,1,1001,2,1002,2022-01-29 01:36:36,3567260.48,EGRESO
6011,1,1001,2,1002,2022-01-29 07:59:42,1844947.93,EGRESO
6012,1,1001,2,1002,2022-01-29 15:03:49,5929655.32,EGRESO
6013,1,1001,2,1002,2022-01-29 20:15:00,6095253.08,EGRESO
6014,1,1001,2,1002,2022-01-29 21:02:47,337071.46,INGRESO
6015,1,1001,2,1002,2022-01-29 23:15:07,6957750.21,EGRESO
6016,1,1001,2,1002,2022-01-30 00:39:48,7863006.22,EGRESO
6017,1,1001,2,1002,2022-01-30 01:30:16,9515355.67,EGRESO
6018,1,1001,2,1002,2022-01-30 05:35:08,4599787.51,EGRESO
6019,1,1001,2,1002,2022-01-30 09:34:26,4976669.53,INGRESO
6020,1,1001,2,1002,2022-01-30 17:02:10,4558870.85,EGRESO
6021,1,1001,2,1002,2022-01-30 17:26:03,8949569.57,INGRESO
6022,1,1001,2,1002,2022-01-31 03:30:58,2832397.01,EGRESO
6023,1,1001,2,1002,2022-01-31 03:46:47,2849786.67,EGRESO
6024,1,1001,2,1002,2022-01-31 05:12:56,4267347.00,INGRESO
6025,1,1001,2,1002,2022-01-31 06:48:22,4480199.38,INGRESO
6026,1,1001,2,1002,2022-02-01 05:55:40,265997.97,EGRESO
6027,1,1001,2,1002,2022-02-01 18:38:45,4715479.41,EGRESO
6028,1,1001,2,1002,2022-02-01 19:15:50,4726691.68,INGRESO
6029,1,1001,2,1002,2022-02-01 22:25:27,5876881.89,INGRESO
6030,1,1001,2,1002,2022-02-02 03:51:06,798180.69,INGRESO
6031,1,1001,2,1002,2022-02-02 11:46:12,7489344.08,EGRESO
6032,1,1001,2,1002,2022-02-02 13:53:39,9142681.22,EGRESO
6033,1,1001,2,1002,2022-02-02 18:33:41,5053656.27,EGRESO
6034,1,1001,2,1002,2022-02-03 00:04:56,6107226.70,EGRESO
6035,1,1001,2,1002,2022-02-03 01:04:54,9895975.84,INGRESO
6036,1,1001,2,1002,2022-02-03 02:37:35,5961295.42,INGRESO
6037,1,1001,2,1002,2022-02-03 20:14:22,4223815.10,INGRESO
6038,1,1001,2,1002,2022-02-04 03:07:02,6345524.00,INGRESO
6039,1,1001,2,1002,2022-02-04 18:17:40,4701483.96,INGRESO
6040,1,1001,2,1002,2022-02-04 20:26:53,1024411.29,EGRESO
6041,1,1001,2,1002,2022-02-04 23:36:08,9517401.72,EGRESO
6042,1,1001,2,1002,2022-02-05 19:34:10,8216670.89,EGRESO
6043,1,1001,2,1002,2022-02-05 21:38:50,9567254.02,EGRESO
6044,1,1001,2,1002,2022-02-05 22:18:41,4780040.22,INGRESO
6045,1,1001,2,1002,2022-02-05 22:34:04,436104.98,INGRESO
6046,1,1001,2,1002,2022-02-06 01:58:29,115784.80,EGRESO
6047,1,1001,2,1002,2022-02-06 02:49:34,9833759.12,INGRESO
6048,1,1001,2,1002,2022-02-06 10:35:37,5248267.70,EGRESO
6049,1,1001,2,1002,2022-02-06 19:51:35,7502123.98,INGRESO
6050,1,1001,2,1002,2022-02-06 22:23:40,6643654.70,EGRESO
6051,1,1001,2,1002,2022-02-07 00:16:40,7726984.26,INGRESO
6052,1,1001,2,1002,2022-02-07 14:27:10,8626649.02,EGRESO
6053,1,1001,2,1002,2022-02-07 16:38:30,3993820.05,INGRESO
6054,1,1001,2,1002,2022-02-07 20:23:07,3272600.57,INGRESO
6055,1,1001,2,1002,2022-02-08 00:52:35,316430.89,EGRESO
6056,1,1001,2,1002,2022-02-08 06:49:18,1501828.32,INGRESO
6057,1,1001,2,1002,2022-02-08 07:35:32,8395729.25,EGRESO
6058,1,1001,2,1002,2022-02-08 16:40:29,6069170.81,EGRESO
6059,1,1001,2,1002,2022-02-08 18:27:34,9664097.59,EGRESO
6060,1,1001,2,1002,2022-02-09 04:26:50,6901895.17,INGRESO
6061,1,1001,2,1002,2022-02-09 07:32:29,6975176.77,INGRESO
6062,1,1001,2,1002,2022-02-09 07:36:02,8774618.10,INGRESO
6063,1,1001,2,1002,2022-02-09 23:40:04,1259186.73,EGRESO
6064,1,1001,2,1002,2022-02-10 03:08:38,5174722.54,INGRESO
6065,1,1001,2,1002,2022-02-10 04:01:10,1022138.90,INGRESO
6066,1,1001,2,1002,2022-02-10 15:37:16,856610.98,EGRESO
6067,1,1001,2,1002,2022-02-10 19:53:00,7879769.03,INGRESO
6068,1,1001,2,1002,2022-02-10 22:18:25,8481078.77,EGRESO
6069,1,1001,2,1002,2022-02-11 03:11:53,1565429.90,EGRESO
6070,1,1001,2,1002,2022-02-11 03:25:24,5843021.15,EGRESO
6071,1,1001,2,1002,2022-02-11 12:50:06,3061820.58,EGRESO
6072,1,1001,2,1002,2022-02-11 18:55:14,7663360.69,INGRESO
6073,1,1001,2,1002,2022-02-12 03:16:08,9945959.36,EGRESO
6074,1,1001,2,1002,2022-02-12 03:41:32,2304945.20,EGRESO
6075,1,1001,2,1002,2022-02-12 08:41:57,750570.36,INGRESO
6076,1,1001,2,1002,2022-02-12 13:23:00,2995304.31,INGRESO
6077,1,1001,2,1002,2022-02-13 09:58:33,8620318.07,EGRESO
6078,1,1001,2,1002,2022-02-13 10:46:00,5360695.58,EGRESO
6079,1,1001,2,1002,2022-02-13 11:01:18,5346269.29,EGRESO
6080,1,1001,2,1002,2022-02-13 11:15:28,4208131.67,INGRESO
6081,1,1001,2,1002,2022-02-14 05:22:55,7592563.33,EGRESO
6082,1,1001,2,1002,2022-02-14 17:59:27,7896613.57,EGRESO
6083,1,1001,2,1002,2022-02-14 20:58:48,1044688.07,EGRESO
6084,1,1001,2,1002,2022-02-14 22:04:45,3346063.15,INGRESO
6085,1,1001,2,1002,2022-02-15 00:15:10,1386507.10,INGRESO
6086,1,1001,2,1002,2022-02-15 01:35:08,4182695.74,EGRESO
6087,1,1001,2,1002,2022-02-15 02:43:49,3580143.45,EGRESO
6088,1,1001,2,1002,2022-02-15 02:52:15,1817832.25,INGRESO
6089,1,1001,2,1002,2022-02-15 06:59:29,5326994.55,INGRESO
6090,1,1001,2,1002,2022-02-15 12:11:29,9341657.15,EGRESO
6091,1,1001,2,1002,2022-02-16 04:08:18,8805781.74,INGRESO
6092,1,1001,2,1002,2022-02-16 07:47:13,2764220.84,EGRESO
6093,1,1001,2,1002,2022-02-16 14:01:51,4152052.18,INGRESO
6094,1,1001,2,1002,2022-02-16 18:56:13,3087069.40,EGRESO
6095,1,1001,2,1002,2022-02-16 21:48:01,9486451.65,EGRESO
6096,1,1001,2,1002,2022-02-17 14:49:57,5568367.33,EGRESO
6097,1,1001,2,1002,2022-02-17 16:35:19,6524498.88,EGRESO
6098,1,1001,2,1002,2022-02-17 20:55:02,9736100.27,EGRESO
6099,1,1001,2,1002,2022-02-17 22:14:47,3655268.49,INGRESO
6100,1,1001,2,1002,2022-02-18 00:47:06,9999667.24,EGRESO
6101,1,1001,2,1002,2022-02-18 02:54:20,8554934.95,EGRESO
6102,1,1001,2,1002,2022-02-18 07:40:33,5558383.99,INGRESO
6103,1,1001,2,1002,2022-02-18 23:36:50,3533525.16,EGRESO
6104,1,1001,2,1002,2022-02-19 01:06:53,5730698.55,EGRESO
6105,1,1001,2,1002,2022-02-19 01:59:44,7930078.24,EGRESO
6106,1,1001,2,1002,2022-02-19 02:08:40,6889802.03,INGRESO
6107,1,1001,2,1002,2022-02-19 04:54:59,8423335.05,INGRESO
6108,1,1001,2,1002,2022-02-19 15:41:02,3006553.37,INGRESO
6109,1,1001,2,1002,2022-02-20 06:32:48,8537377.04,INGRESO
6110,1,1001,2,1002,2022-02-20 09:18:03,7721241.72,EGRESO
6111,1,1001,2,1002,2022-02-20 10:40:52,8650344.71,EGRESO
6112,1,1001,2,1002,2022-02-20 16:04:59,863235.58,EGRESO
6113,1,1001,2,1002,2022-02-20 22:31:36,1932099.25,EGRESO
6114,1,1001,2,1002,2022-02-21 04:53:01,2281861.11,INGRESO
6115,1,1001,2,1002,2022-02-21 09:11:54,8725823.42,EGRESO
6116,1,1001,2,1002,2022-02-21 10:56:31,3680821.45,INGRESO
6117,1,1001,2,1002,2022-02-21 12:41:16,9867729.77,INGRESO
6118,1,1001,2,1002,2022-02-22 01:01:56,334390.42,EGRESO
6119,1,1001,2,1002,2022-02-22 03:26:54,3157936.84,EGRESO
6120,1,1001,2,1002,2022-02-22 05:54:11,8327915.40,EGRESO
6121,1,1001,2,1002,2022-02-22 11:48:41,6355222.36,EGRESO
6122,1,1001,2,1002,2022-02-22 13:55:07,2649399.90,INGRESO
6123,1,1001,2,1002,2022-02-23 05:55:56,2846276.03,INGRESO
6124,1,1001,2,1002,2022-02-23 16:07:29,2315757.81,INGRESO
6125,1,1001,2,1002,2022-02-23 23:48:43,3212911.68,EGRESO
6126,1,1001,2,1002,2022-02-23 23:52:49,9650758.79,INGRESO
6127,1,1001,2,1002,2022-02-24 09:05:34,2463706.92,EGRESO
6128,1,1001,2,1002,2022-02-24 09:58:59,5267183.54,INGRESO
6129,1,1001,2,1002,2022-02-24 11:52:04,3659604.24,INGRESO
6130,1,1001,2,1002,2022-02-24 17:13:58,7731533.72,EGRESO
6131,1,1001,2,1002,2022-02-24 22:41:04,3030228.36,INGRESO
6132,1,1001,2,1002,2022-02-25 00:28:44,9450049.71,EGRESO
6133,1,1001,2,1002,2022-02-25 00:45:42,920080.06,EGRESO
6134,1,1001,2,1002,2022-02-25 12:24:17,1081803.13,EGRESO
6135,1,1001,2,1002,2022-02-25 15:00:56,2111310.59,EGRESO
6136,1,1001,2,1002,2022-02-25 19:34:55,6530322.73,EGRESO
6137,1,1001,2,1002,2022-02-26 08:24:08,8751747.71,INGRESO
6138,1,1001,2,1002,2022-02-26 11:58:04,9144809.67,EGRESO
6139,1,1001,2,1002,2022-02-26 12:59:25,1008805.38,EGRESO
6140,1,1001,2,1002,2022-02-26 19:48:19,3615815.80,INGRESO
6141,1,1001,2,1002,2022-02-27 00:03:46,8284599.72,INGRESO
6142,1,1001,2,1002,2022-02-27 02:53:12,9815788.57,INGRESO
6143,1,1001,2,1002,2022-02-27 05:52:22,8388169.91,EGRESO
6144,1,1001,2,1002,2022-02-27 08:41:37,1445476.49,EGRESO
6145,1,1001,2,1002,2022-02-27 12:28:28,6779210.43,INGRESO
6146,1,1001,2,1002,2022-02-27 19:22:12,2920125.83,INGRESO
6147,1,1001,2,1002,2022-02-28 01:17:17,8963973.55,EGRESO
6148,1,1001,2,1002,2022-02-28 03:49:03,7530481.18,EGRESO
6149,1,1001,2,1002,2022-02-28 11:25:13,7739504.50,EGRESO
6150,1,1001,2,1002,2022-02-28 15:28:25,1470706.71,EGRESO
6151,1,1001,2,1002,2022-03-01 02:20:22,8851893.80,EGRESO
6152,1,1001,2,1002,2022-03-01 12:16:05,2980217.04,EGRESO
6153,1,1001,2,1002,2022-03-01 13:21:59,3148858.33,INGRESO
6154,1,1001,2,1002,2022-03-01 19:33:42,590158.57,EGRESO
6155,1,1001,2,1002,2022-03-01 22:49:39,7173311.94,EGRESO
6156,1,1001,2,1002,2022-03-02 04:26:12,5910345.31,EGRESO
6157,1,1001,2,1002,2022-03-02 05:51:57,7009013.89,INGRESO
6158,1,1001,2,1002,2022-03-02 07:42:02,1547447.58,EGRESO
6159,1,1001,2,1002,2022-03-02 16:40:35,1834423.03,INGRESO
6160,1,1001,2,1002,2022-03-03 01:56:39,3344603.37,EGRESO
6161,1,1001,2,1002,2022-03-03 19:19:48,6503681.26,EGRESO
6162,1,1001,2,1002,2022-03-03 19:36:10,4899321.18,INGRESO
6163,1,1001,2,1002,2022-03-03 23:39:48,3998006.38,INGRESO
6164,1,1001,2,1002,2022-03-04 03:15:49,5968486.11,INGRESO
6165,1,1001,2,1002,2022-03-04 08:55:06,9759657.99,EGRESO
6166,1,1001,2,1002,2022-03-04 14:50:12,5063996.36,EGRESO
6167,1,1001,2,1002,2022-03-04 18:53:23,5819500.90,INGRESO
6168,1,1001,2,1002,2022-03-04 22:59:30,7813467.49,INGRESO
6169,1,1001,2,1002,2022-03-04 23:35:07,2027813.62,EGRESO
6170,1,1001,2,1002,2022-03-05 00:29:46,8898274.90,INGRESO
6171,1,1001,2,1002,2022-03-05 07:43:56,1167017.51,EGRESO
6172,1,1001,2,1002,2022-03-05 07:56:21,4947644.81,INGRESO
6173,1,1001,2,1002,2022-03-05 09:28:23,5246068.36,EGRESO
6174,1,1001,2,1002,2022-03-05 10:27:48,3357792.74,EGRESO
6175,1,1001,2,1002,2022-03-06 04:18:29,5798210.00,EGRESO
6176,1,1001,2,1002,2022-03-06 06:25:05,2184022.94,EGRESO
6177,1,1001,2,1002,2022-03-06 15:42:22,9644371.50,EGRESO
6178,1,1001,2,1002,2022-03-06 15:56:48,7104206.93,INGRESO
6179,1,1001,2,1002,2022-03-06 22:13:52,8417763.81,INGRESO
6180,1,1001,2,1002,2022-03-06 22:21:53,6565914.74,INGRESO
6181,1,1001,2,1002,2022-03-07 06:03:34,5802214.14,EGRESO
6182,1,1001,2,1002,2022-03-07 09:02:50,4096335.37,EGRESO
6183,1,1001,2,1002,2022-03-07 10:21:04,5858280.19,EGRESO
6184,1,1001,2,1002,2022-03-07 14:13:58,3108059.56,INGRESO
6185,1,1001,2,1002,2022-03-08 01:00:27,4420756.98,INGRESO
6186,1,1001,2,1002,2022-03-08 03:20:27,633927.94,EGRESO
6187,1,1001,2,1002,2022-03-08 07:37:02,6453761.06,EGRESO
6188,1,1001,2,1002,2022-03-08 09:21:42,7481535.65,EGRESO
6189,1,1001,2,1002,2022-03-08 12:26:32,970098.82,INGRESO
6190,1,1001,2,1002,2022-03-09 09:26:55,2343299.96,EGRESO
6191,1,1001,2,1002,2022-03-09 22:30:39,6410599.41,EGRESO
6192,1,1001,2,1002,2022-03-09 23:20:35,2355641.15,INGRESO
6193,1,1001,2,1002,2022-03-09 23:25:17,7280501.34,INGRESO
6194,1,1001,2,1002,2022-03-09 23:52:57,7336490.07,EGRESO
6195,1,1001,2,1002,2022-03-10 02:31:37,145727.91,EGRESO
6196,1,1001,2,1002,2022-03-10 05:10:15,5896688.18,INGRESO
6197,1,1001,2,1002,2022-03-10 21:31:20,6384582.27,INGRESO
6198,1,1001,2,1002,2022-03-10 21:46:02,428054.34,EGRESO
6199,1,1001,2,1002,2022-03-10 23:53:18,650197.72,EGRESO
6200,1,1001,2,1002,2022-03-11 02:28:23,6636698.45,INGRESO
6201,1,1001,2,1002,2022-03-11 02:50:15,5450967.72,EGRESO
6202,1,1001,2,1002,2022-03-11 11:03:52,6298893.76,INGRESO
6203,1,1001,2,1002,2022-03-11 14:14:26,6411743.06,EGRESO
6204,1,1001,2,1002,2022-03-12 00:31:45,9557612.05,EGRESO
6205,1,1001,2,1002,2022-03-12 02:19:40,2544630.45,EGRESO
6206,1,1001,2,1002,2022-03-12 02:26:10,2254421.81,EGRESO
6207,1,1001,2,1002,2022-03-12 02:40:27,1266185.62,EGRESO
6208,1,1001,2,1002,2022-03-12 02:42:42,8238772.93,INGRESO
6209,1,1001,2,1002,2022-03-12 13:09:42,8099693.09,INGRESO
6210,1,1001,2,1002,2022-03-12 19:30:12,5091944.56,EGRESO
6211,1,1001,2,1002,2022-03-13 04:06:33,4581967.41,INGRESO
6212,1,1001,2,1002,2022-03-13 05:10:42,4887561.46,EGRESO
6213,1,1001,2,1002,2022-03-13 17:58:29,3686263.00,INGRESO
6214,1,1001,2,1002,2022-03-13 20:17:26,357029.73,INGRESO
6215,1,1001,2,1002,2022-03-14 06:28:36,5153361.84,INGRESO
6216,1,1001,2,1002,2022-03-14 09:57:22,3885570.99,INGRESO
6217,1,1001,2,1002,2022-03-14 16:23:06,8798720.56,EGRESO
6218,1,1001,2,1002,2022-03-14 18:34:42,4436749.37,EGRESO
6219,1,1001,2,1002,2022-03-14 23:36:27,2461642.44,INGRESO
6220,1,1001,2,1002,2022-03-15 03:38:38,5544019.36,EGRESO
6221,1,1001,2,1002,2022-03-15 09:16:55,1982487.18,EGRESO
6222,1,1001,2,1002,2022-03-15 11:02:16,9310602.31,INGRESO
6223,1,1001,2,1002,2022-03-15 14:22:24,2145950.56,INGRESO
6224,1,1001,2,1002,2022-03-16 03:27:11,1765059.65,INGRESO
6225,1,1001,2,1002,2022-03-16 06:18:24,1662369.72,INGRESO
6226,1,1001,2,1002,2022-03-16 14:53:20,7341317.66,EGRESO
6227,1,1001,2,1002,2022-03-16 16:11:57,2882257.80,INGRESO
6228,1,1001,2,1002,2022-03-16 16:46:15,4836368.74,INGRESO
6229,1,1001,2,1002,2022-03-17 01:07:03,3349766.69,INGRESO
6230,1,1001,2,1002,2022-03-17 07:30:07,955071.36,INGRESO
6231,1,1001,2,1002,2022-03-17 11:44:55,2864165.61,EGRESO
6232,1,1001,2,1002,2022-03-17 12:27:51,3600138.64,EGRESO
6233,1,1001,2,1002,2022-03-18 03:52:49,2589853.55,INGRESO
6234,1,1001,2,1002,2022-03-18 07:36:17,5338029.06,EGRESO
6235,1,1001,2,1002,2022-03-18 08:14:15,6609233.61,EGRESO
6236,1,1001,2,1002,2022-03-18 12:13:00,94675.45,EGRESO
6237,1,1001,2,1002,2022-03-18 12:46:13,3641397.16,EGRESO
6238,1,1001,2,1002,2022-03-18 14:07:33,4301063.82,EGRESO
6239,1,1001,2,1002,2022-03-19 00:21:25,5303582.32,INGRESO
6240,1,1001,2,1002,2022-03-19 02:38:42,486526.59,EGRESO
6241,1,1001,2,1002,2022-03-19 03:15:29,8467791.04,INGRESO
6242,1,1001,2,1002,2022-03-19 06:54:56,5406737.94,EGRESO
6243,1,1001,2,1002,2022-03-19 10:06:32,5510453.11,EGRESO
6244,1,1001,2,1002,2022-03-19 22:45:05,7171946.41,INGRESO
6245,1,1001,2,1002,2022-03-20 05:45:14,9811545.68,INGRESO
6246,1,1001,2,1002,2022-03-20 09:34:38,7428704.93,EGRESO
6247,1,1001,2,1002,2022-03-20 11:21:30,8878517.93,INGRESO
6248,1,1001,2,1002,2022-03-20 21:22:16,6928099.31,EGRESO
6249,1,1001,2,1002,2022-03-21 01:39:44,2288680.86,EGRESO
6250,1,1001,2,1002,2022-03-21 05:13:49,5074721.62,INGRESO
6251,1,1001,2,1002,2022-03-21 06:34:32,8430745.90,INGRESO
6252,1,1001,2,1002,2022-03-21 17:31:36,48275.41,INGRESO
6253,1,1001,2,1002,2022-03-22 02:05:02,8708058.52,EGRESO
6254,1,1001,2,1002,2022-03-22 03:32:07,165920.44,INGRESO
6255,1,1001,2,1002,2022-03-22 09:14:44,3426415.08,INGRESO
6256,1,1001,2,1002,2022-03-22 13:56:42,6401451.91,EGRESO
6257,1,1001,2,1002,2022-03-22 23:44:48,9030931.24,EGRESO
6258,1,1001,2,1002,2022-03-23 02:15:33,966724.71,EGRESO
6259,1,1001,2,1002,2022-03-23 03:14:18,2268992.03,INGRESO
6260,1,1001,2,1002,2022-03-23 08:07:42,4207536.30,EGRESO
6261,1,1001,2,1002,2022-03-23 20:44:20,9307602.94,INGRESO
6262,1,1001,2,1002,2022-03-23 21:15:02,3470660.73,EGRESO
6263,1,1001,2,1002,2022-03-24 00:32:22,888201.52,INGRESO
6264,1,1001,2,1002,2022-03-24 02:21:33,8219395.89,EGRESO
6265,1,1001,2,1002,2022-03-24 04:44:08,3838289.34,EGRESO
6266,1,1001,2,1002,2022-03-24 09:46:10,1908650.60,EGRESO
6267,1,1001,2,1002,2022-03-24 10:46:22,4777066.49,EGRESO
6268,1,1001,2,1002,2022-03-25 05:02:15,6772193.98,EGRESO
6269,1,1001,2,1002,2022-03-25 06:25:11,249321.75,EGRESO
6270,1,1001,2,1002,2022-03-25 12:56:19,2416417.32,EGRESO
6271,1,1001,2,1002,2022-03-25 13:14:22,5840192.11,EGRESO
6272,1,1001,2,1002,2022-03-25 19:44:24,6867022.98,EGRESO
6273,1,1001,2,1002,2022-03-26 06:03:08,539665.26,EGRESO
6274,1,1001,2,1002,2022-03-26 09:09:43,3518432.95,INGRESO
6275,1,1001,2,1002,2022-03-26 13:20:02,5572517.60,INGRESO
6276,1,1001,2,1002,2022-03-26 13:26:55,477944.09,INGRESO
6277,1,1001,2,1002,2022-03-26 13:29:19,3313148.18,INGRESO
6278,1,1001,2,1002,2022-03-27 01:05:43,9099162.99,EGRESO
6279,1,1001,2,1002,2022-03-27 04:03:30,282353.27,INGRESO
6280,1,1001,2,1002,2022-03-27 06:02:14,5737758.67,EGRESO
6281,1,1001,2,1002,2022-03-27 09:02:24,853638.27,EGRESO
6282,1,1001,2,1002,2022-03-27 10:23:12,304406.00,INGRESO
6283,1,1001,2,1002,2022-03-27 13:51:48,207209.58,EGRESO
6284,1,1001,2,1002,2022-03-27 19:02:37,3289661.91,EGRESO
6285,1,1001,2,1002,2022-03-28 07:03:38,8961772.02,EGRESO
6286,1,1001,2,1002,2022-03-28 07:58:27,4051177.57,EGRESO
6287,1,1001,2,1002,2022-03-28 08:09:17,5887764.14,INGRESO
6288,1,1001,2,1002,2022-03-28 13:59:15,9434103.60,EGRESO
6289,1,1001,2,1002,2022-03-28 23:36:54,236561.50,INGRESO
6290,1,1001,2,1002,2022-03-29 08:46:11,1241271.59,EGRESO
6291,1,1001,2,1002,2022-03-29 09:34:21,3207949.94,INGRESO
6292,1,1001,2,1002,2022-03-29 13:18:07,1553163.24,INGRESO
6293,1,1001,2,1002,2022-03-29 17:10:38,8807472.25,INGRESO
6294,1,1001,2,1002,2022-03-29 23:21:12,4168121.22,EGRESO
6295,1,1001,2,1002,2022-03-30 00:16:28,4604699.29,INGRESO
6296,1,1001,2,1002,2022-03-30 01:50:28,733294.69,INGRESO
6297,1,1001,2,1002,2022-03-30 03:37:35,8998528.96,INGRESO
6298,1,1001,2,1002,2022-03-30 13:44:28,1327532.81,INGRESO
6299,1,1001,2,1002,2022-03-31 01:04:12,2236964.80,INGRESO
6300,1,1001,2,1002,2022-03-31 08:32:57,2027326.22,INGRESO
6301,1,1001,2,1002,2022-03-31 10:15:41,3930258.93,EGRESO
6302,1,1001,2,1002,2022-03-31 13:26:51,7210967.69,EGRESO
6303,1,1001,2,1002,2022-03-31 17:12:23,3822572.77,INGRESO
6304,1,1001,2,1002,2022-04-01 04:00:02,1915236.60,INGRESO
6305,1,1001,2,1002,2022-04-01 04:13:03,9514359.41,INGRESO
6306,1,1001,2,1002,2022-04-01 15:57:34,5514654.07,EGRESO
6307,1,1001,2,1002,2022-04-01 17:44:48,1705938.37,INGRESO
6308,1,1001,2,1002,2022-04-02 03:24:45,2718226.24,INGRESO
6309,1,1001,2,1002,2022-04-02 16:44:46,1564668.74,EGRESO
6310,1,1001,2,1002,2022-04-02 17:55:07,6189723.08,INGRESO
6311,1,1001,2,1002,2022-04-02 20:13:04,3187124.99,INGRESO
6312,1,1001,2,1002,2022-04-03 04:17:16,8876250.66,INGRESO
6313,1,1001,2,1002,2022-04-03 06:19:42,7460486.32,EGRESO
6314,1,1001,2,1002,2022-04-03 14:44:03,2016909.00,INGRESO
6315,1,1001,2,1002,2022-04-03 17:27:31,3537238.12,EGRESO
6316,1,1001,2,1002,2022-04-03 17:39:24,5050010.90,INGRESO
6317,1,1001,2,1002,2022-04-04 02:12:37,2401874.12,EGRESO
6318,1,1001,2,1002,2022-04-04 08:24:04,4214398.20,INGRESO
6319,1,1001,2,1002,2022-04-04 15:30:14,8884969.70,INGRESO
6320,1,1001,2,1002,2022-04-04 16:01:46,2119328.60,EGRESO
6321,1,1001,2,1002,2022-04-05 02:28:20,749649.77,EGRESO
6322,1,1001,2,1002,2022-04-05 04:18:27,5870687.56,EGRESO
6323,1,1001,2,1002,2022-04-05 06:56:47,8698022.96,EGRESO
6324,1,1001,2,1002,2022-04-05 09:41:16,9264258.81,EGRESO
6325,1,1001,2,1002,2022-04-06 08:42:16,3743055.38,EGRESO
6326,1,1001,2,1002,2022-04-06 12:19:34,847800.79,INGRESO
6327,1,1001,2,1002,2022-04-06 13:08:55,2494412.80,INGRESO
6328,1,1001,2,1002,2022-04-06 16:09:45,8742937.52,INGRESO
6329,1,1001,2,1002,2022-04-06 17:04:54,3450742.59,EGRESO
6330,1,1001,2,1002,2022-04-07 02:05:09,2168687.64,INGRESO
6331,1,1001,2,1002,2022-04-07 02:36:13,5582053.87,INGRESO
6332,1,1001,2,1002,2022-04-07 08:05:51,2402585.39,EGRESO
6333,1,1001,2,1002,2022-04-07 18:32:36,2396018.92,INGRESO
6334,1,1001,2,1002,2022-04-07 20:11:57,9451488.17,EGRESO
6335,1,1001,2,1002,2022-04-08 07:51:34,789333.99,INGRESO
6336,1,1001,2,1002,2022-04-08 17:37:14,9768729.37,INGRESO
6337,1,1001,2,1002,2022-04-08 20:29:36,9605790.77,EGRESO
6338,1,1001,2,1002,2022-04-08 22:15:03,6231340.91,EGRESO
6339,1,1001,2,1002,2022-04-09 02:10:51,9494920.93,EGRESO
6340,1,1001,2,1002,2022-04-09 04:00:24,6685519.55,INGRESO
6341,1,1001,2,1002,2022-04-09 13:41:51,5762539.11,EGRESO
6342,1,1001,2,1002,2022-04-09 15:43:24,5361799.78,EGRESO
6343,1,1001,2,1002,2022-04-09 19:06:31,1812874.78,EGRESO
6344,1,1001,2,1002,2022-04-10 02:02:16,3142394.36,INGRESO
6345,1,1001,2,1002,2022-04-10 06:12:47,9247274.12,EGRESO
6346,1,1001,2,1002,2022-04-10 08:43:42,2808624.16,EGRESO
6347,1,1001,2,1002,2022-04-10 18:35:10,6732604.03,EGRESO
6348,1,1001,2,1002,2022-04-10 18:59:19,8887525.30,INGRESO
6349,1,1001,2,1002,2022-04-11 03:01:29,7734189.95,INGRESO
6350,1,1001,2,1002,2022-04-11 03:41:43,2186207.36,EGRESO
6351,1,1001,2,1002,2022-04-11 07:43:57,46531.91,EGRESO
6352,1,1001,2,1002,2022-04-11 11:30:54,7664410.71,EGRESO
6353,1,1001,2,1002,2022-04-12 09:39:33,859272.33,EGRESO
6354,1,1001,2,1002,2022-04-12 16:46:55,166685.21,EGRESO
6355,1,1001,2,1002,2022-04-12 17:03:24,4097690.43,EGRESO
6356,1,1001,2,1002,2022-04-12 17:22:47,8202139.00,EGRESO
6357,1,1001,2,1002,2022-04-13 02:42:36,2407632.69,INGRESO
6358,1,1001,2,1002,2022-04-13 03:33:56,6775010.13,INGRESO
6359,1,1001,2,1002,2022-04-13 04:47:46,4202348.85,INGRESO
6360,1,1001,2,1002,2022-04-13 07:28:33,2224469.16,EGRESO
6361,1,1001,2,1002,2022-04-13 11:34:17,1427266.08,INGRESO
6362,1,1001,2,1002,2022-04-13 16:29:37,6532125.22,INGRESO
6363,1,1001,2,1002,2022-04-13 22:58:26,5556817.80,EGRESO
6364,1,1001,2,1002,2022-04-14 02:28:52,517478.21,INGRESO
6365,1,1001,2,1002,2022-04-14 04:21:30,4053305.95,EGRESO
6366,1,1001,2,1002,2022-04-14 10:13:02,4302773.19,EGRESO
6367,1,1001,2,1002,2022-04-14 13:09:07,2324203.87,EGRESO
6368,1,1001,2,1002,2022-04-14 17:17:35,9667066.16,INGRESO
6369,1,1001,2,1002,2022-04-15 00:23:46,6539400.83,INGRESO
6370,1,1001,2,1002,2022-04-15 06:33:09,1000092.48,EGRESO
6371,1,1001,2,1002,2022-04-15 09:22:07,7071897.06,INGRESO
6372,1,1001,2,1002,2022-04-15 17:32:01,7695038.84,INGRESO
6373,1,1001,2,1002,2022-04-15 18:33:05,3884092.56,EGRESO
6374,1,1001,2,1002,2022-04-16 00:53:27,4855281.62,INGRESO
6375,1,1001,2,1002,2022-04-16 18:44:17,1958794.81,EGRESO
6376,1,1001,2,1002,2022-04-16 22:50:53,9157748.53,EGRESO
6377,1,1001,2,1002,2022-04-16 23:25:53,1695876.62,EGRESO
6378,1,1001,2,1002,2022-04-16 23:46:26,5382654.11,INGRESO
6379,1,1001,2,1002,2022-04-17 01:10:22,1541524.44,EGRESO
6380,1,1001,2,1002,2022-04-17 08:31:22,8745502.55,INGRESO
6381,1,1001,2,1002,2022-04-17 17:07:23,315630.30,EGRESO
6382,1,1001,2,1002,2022-04-17 19:33:22,821035.88,EGRESO
6383,1,1001,2,1002,2022-04-17 23:36:30,6457620.44,INGRESO
6384,1,1001,2,1002,2022-04-18 05:04:18,7256296.42,INGRESO
6385,1,1001,2,1002,2022-04-18 18:10:04,7262819.68,INGRESO
6386,1,1001,2,1002,2022-04-18 22:01:29,160634.40,INGRESO
6387,1,1001,2,1002,2022-04-18 23:42:25,1926069.96,EGRESO
6388,1,1001,2,1002,2022-04-19 05:16:50,8556616.05,EGRESO
6389,1,1001,2,1002,2022-04-19 11:43:26,4516199.77,EGRESO
6390,1,1001,2,1002,2022-04-19 13:16:14,4630929.94,INGRESO
6391,1,1001,2,1002,2022-04-19 14:06:11,4289395.98,INGRESO
6392,1,1001,2,1002,2022-04-20 00:34:11,2661134.05,INGRESO
6393,1,1001,2,1002,2022-04-20 01:31:12,1461907.55,EGRESO
6394,1,1001,2,1002,2022-04-20 06:36:59,9273431.80,EGRESO
6395,1,1001,2,1002,2022-04-20 08:15:38,8176625.27,INGRESO
6396,1,1001,2,1002,2022-04-20 13:23:18,2807481.99,INGRESO
6397,1,1001,2,1002,2022-04-20 23:41:44,7338244.83,EGRESO
6398,1,1001,2,1002,2022-04-20 23:54:03,1182565.13,INGRESO
6399,1,1001,2,1002,2022-04-21 02:59:03,9820133.69,INGRESO
6400,1,1001,2,1002,2022-04-21 16:21:41,4920073.47,EGRESO
6401,1,1001,2,1002,2022-04-21 16:41:34,9963399.30,INGRESO
6402,1,1001,2,1002,2022-04-21 21:46:15,7257999.52,EGRESO
6403,1,1001,2,1002,2022-04-22 01:18:26,6451099.96,EGRESO
6404,1,1001,2,1002,2022-04-22 07:53:58,8259461.11,EGRESO
6405,1,1001,2,1002,2022-04-22 10:22:57,7881452.78,EGRESO
6406,1,1001,2,1002,2022-04-22 15:59:02,6708640.37,EGRESO
6407,1,1001,2,1002,2022-04-23 05:06:53,7925451.24,EGRESO
6408,1,1001,2,1002,2022-04-23 06:58:24,9712232.10,EGRESO
6409,1,1001,2,1002,2022-04-23 07:15:30,4378266.68,EGRESO
6410,1,1001,2,1002,2022-04-23 11:05:04,8716094.33,INGRESO
6411,1,1001,2,1002,2022-04-23 11:25:59,6370491.34,EGRESO
6412,1,1001,2,1002,2022-04-23 21:14:14,4467450.07,INGRESO
6413,1,1001,2,1002,2022-04-24 00:54:40,4899023.56,INGRESO
6414,1,1001,2,1002,2022-04-24 02:24:41,6936055.93,INGRESO
6415,1,1001,2,1002,2022-04-24 06:00:50,4246226.09,INGRESO
6416,1,1001,2,1002,2022-04-24 14:38:09,2686369.19,INGRESO
6417,1,1001,2,1002,2022-04-25 00:27:32,6775741.69,EGRESO
6418,1,1001,2,1002,2022-04-25 08:29:12,6723228.82,INGRESO
6419,1,1001,2,1002,2022-04-25 13:06:15,4956673.75,INGRESO
6420,1,1001,2,1002,2022-04-25 17:37:46,9625694.25,EGRESO
6421,1,1001,2,1002,2022-04-26 02:23:47,9666809.75,EGRESO
6422,1,1001,2,1002,2022-04-26 13:36:23,4021681.67,INGRESO
6423,1,1001,2,1002,2022-04-26 17:22:08,9379815.14,EGRESO
6424,1,1001,2,1002,2022-04-26 18:37:43,9854320.08,EGRESO
6425,1,1001,2,1002,2022-04-27 07:43:42,5427933.11,INGRESO
6426,1,1001,2,1002,2022-04-27 07:52:41,5755246.84,INGRESO
6427,1,1001,2,1002,2022-04-27 17:55:00,132043.11,EGRESO
6428,1,1001,2,1002,2022-04-27 22:37:04,5609802.77,EGRESO
6429,1,1001,2,1002,2022-04-28 07:00:18,9145264.41,EGRESO
6430,1,1001,2,1002,2022-04-28 07:21:04,785562.03,INGRESO
6431,1,1001,2,1002,2022-04-28 11:16:57,7304871.75,EGRESO
6432,1,1001,2,1002,2022-04-28 17:07:41,9795120.66,EGRESO
6433,1,1001,2,1002,2022-04-29 01:09:23,1354874.75,INGRESO
6434,1,1001,2,1002,2022-04-29 08:14:19,4138702.80,INGRESO
6435,1,1001,2,1002,2022-04-29 09:51:57,2642956.56,EGRESO
6436,1,1001,2,1002,2022-04-29 11:42:56,9396835.75,INGRESO
6437,1,1001,2,1002,2022-04-29 16:37:24,1650429.18,EGRESO
6438,1,1001,2,1002,2022-04-30 06:27:46,8053559.98,EGRESO
6439,1,1001,2,1002,2022-04-30 12:29:39,5839236.64,EGRESO
6440,1,1001,2,1002,2022-04-30 14:49:03,2381149.85,EGRESO
6441,1,1001,2,1002,2022-04-30 15:02:20,101855.70,EGRESO
6442,1,1001,2,1002,2022-05-01 00:00:20,4878422.87,EGRESO
6443,1,1001,2,1002,2022-05-01 00:50:08,9146720.22,INGRESO
6444,1,1001,2,1002,2022-05-01 05:54:03,219206.03,EGRESO
6445,1,1001,2,1002,2022-05-01 08:40:51,2625501.64,EGRESO
6446,1,1001,2,1002,2022-05-01 13:36:53,4520884.45,EGRESO
6447,1,1001,2,1002,2022-05-01 20:42:05,1665294.00,INGRESO
6448,1,1001,2,1002,2022-05-02 05:38:11,407283.58,EGRESO
6449,1,1001,2,1002,2022-05-02 09:23:16,8420859.83,EGRESO
6450,1,1001,2,1002,2022-05-02 22:05:14,2773113.15,EGRESO
6451,1,1001,2,1002,2022-05-02 22:07:11,2156850.76,INGRESO
6452,1,1001,2,1002,2022-05-03 05:00:47,3668386.03,INGRESO
6453,1,1001,2,1002,2022-05-03 14:04:25,2336760.51,EGRESO
6454,1,1001,2,1002,2022-05-03 16:32:07,781027.75,EGRESO
6455,1,1001,2,1002,2022-05-03 17:17:47,3196648.42,EGRESO
6456,1,1001,2,1002,2022-05-03 19:56:49,6539358.16,EGRESO
6457,1,1001,2,1002,2022-05-03 20:27:25,5022508.13,INGRESO
6458,1,1001,2,1002,2022-05-04 04:23:18,3762469.97,INGRESO
6459,1,1001,2,1002,2022-05-04 08:45:14,1514936.54,INGRESO
6460,1,1001,2,1002,2022-05-04 09:30:19,2331176.84,INGRESO
6461,1,1001,2,1002,2022-05-04 20:27:55,8760968.20,EGRESO
6462,1,1001,2,1002,2022-05-05 04:59:27,3221768.99,INGRESO
6463,1,1001,2,1002,2022-05-05 05:25:49,5417697.77,EGRESO
6464,1,1001,2,1002,2022-05-05 09:58:19,8901786.58,INGRESO
6465,1,1001,2,1002,2022-05-05 15:08:49,2530927.92,INGRESO
6466,1,1001,2,1002,2022-05-05 19:00:46,7640296.95,INGRESO
6467,1,1001,2,1002,2022-05-06 02:04:21,5172205.62,INGRESO
6468,1,1001,2,1002,2022-05-06 04:55:29,902437.86,INGRESO
6469,1,1001,2,1002,2022-05-06 11:41:42,3456477.01,INGRESO
6470,1,1001,2,1002,2022-05-06 21:10:06,8568223.42,EGRESO
6471,1,1001,2,1002,2022-05-07 06:05:54,2168947.00,EGRESO
6472,1,1001,2,1002,2022-05-07 06:06:27,3605012.20,INGRESO
6473,1,1001,2,1002,2022-05-07 08:31:51,6440265.10,INGRESO
6474,1,1001,2,1002,2022-05-07 15:23:43,7008605.58,EGRESO
6475,1,1001,2,1002,2022-05-08 02:55:15,3210175.79,INGRESO
6476,1,1001,2,1002,2022-05-08 14:53:19,7861704.94,INGRESO
6477,1,1001,2,1002,2022-05-08 16:28:19,3896825.46,EGRESO
6478,1,1001,2,1002,2022-05-08 21:19:14,9679795.07,EGRESO
6479,1,1001,2,1002,2022-05-09 05:29:20,3202337.46,INGRESO
6480,1,1001,2,1002,2022-05-09 08:07:04,5271837.40,EGRESO
6481,1,1001,2,1002,2022-05-09 09:13:04,6204847.48,EGRESO
6482,1,1001,2,1002,2022-05-09 09:47:29,4421369.12,INGRESO
6483,1,1001,2,1002,2022-05-09 20:45:33,1271995.53,INGRESO
6484,1,1001,2,1002,2022-05-10 01:52:42,6617816.07,EGRESO
6485,1,1001,2,1002,2022-05-10 03:27:11,713442.33,INGRESO
6486,1,1001,2,1002,2022-05-10 03:47:25,6463820.51,EGRESO
6487,1,1001,2,1002,2022-05-10 14:50:44,2616024.99,INGRESO
6488,1,1001,2,1002,2022-05-10 15:51:32,1448985.54,INGRESO
6489,1,1001,2,1002,2022-05-11 00:38:14,1559903.19,INGRESO
6490,1,1001,2,1002,2022-05-11 02:34:05,9585323.02,INGRESO
6491,1,1001,2,1002,2022-05-11 10:31:15,1620088.82,INGRESO
6492,1,1001,2,1002,2022-05-11 10:32:43,4291408.98,EGRESO
6493,1,1001,2,1002,2022-05-12 02:40:13,2855157.84,EGRESO
6494,1,1001,2,1002,2022-05-12 05:02:16,4736061.06,EGRESO
6495,1,1001,2,1002,2022-05-12 06:22:40,4057577.09,EGRESO
6496,1,1001,2,1002,2022-05-12 15:17:41,1923983.47,EGRESO
6497,1,1001,2,1002,2022-05-13 10:55:57,5887893.96,EGRESO
6498,1,1001,2,1002,2022-05-13 13:43:14,1979351.69,EGRESO
6499,1,1001,2,1002,2022-05-13 18:40:14,3484752.04,EGRESO
6500,1,1001,2,1002,2022-05-13 19:16:27,1616231.35,EGRESO
6501,1,1001,2,1002,2022-05-13 23:47:24,8341787.84,EGRESO
6502,1,1001,2,1002,2022-05-14 04:14:42,7616281.56,EGRESO
6503,1,1001,2,1002,2022-05-14 08:52:28,9202603.21,INGRESO
6504,1,1001,2,1002,2022-05-14 16:14:54,3053208.73,INGRESO
6505,1,1001,2,1002,2022-05-14 18:11:22,5663753.39,EGRESO
6506,1,1001,2,1002,2022-05-14 21:13:45,3068923.67,INGRESO
6507,1,1001,2,1002,2022-05-15 13:27:19,1811901.67,EGRESO
6508,1,1001,2,1002,2022-05-15 19:18:42,6141552.59,INGRESO
6509,1,1001,2,1002,2022-05-15 21:20:46,8069983.77,INGRESO
6510,1,1001,2,1002,2022-05-15 23:57:41,449087.08,INGRESO
6511,1,1001,2,1002,2022-05-16 07:00:55,374309.97,INGRESO
6512,1,1001,2,1002,2022-05-16 15:52:26,2368633.13,EGRESO
6513,1,1001,2,1002,2022-05-16 19:00:06,1679355.04,INGRESO
6514,1,1001,2,1002,2022-05-16 20:19:38,734014.43,INGRESO
6515,1,1001,2,1002,2022-05-17 02:46:04,4222531.73,INGRESO
6516,1,1001,2,1002,2022-05-17 09:13:26,5792688.32,INGRESO
6517,1,1001,2,1002,2022-05-17 20:45:52,9323506.79,INGRESO
6518,1,1001,2,1002,2022-05-17 21:33:39,2511339.61,INGRESO
6519,1,1001,2,1002,2022-05-18 06:36:32,4604530.70,EGRESO
6520,1,1001,2,1002,2022-05-18 08:36:45,2848469.61,INGRESO
6521,1,1001,2,1002,2022-05-18 09:18:29,8060101.91,INGRESO
6522,1,1001,2,1002,2022-05-18 13:54:28,5918161.48,INGRESO
6523,1,1001,2,1002,2022-05-18 23:25:41,7381920.58,INGRESO
6524,1,1001,2,1002,2022-05-19 09:22:22,1999720.80,EGRESO
6525,1,1001,2,1002,2022-05-19 13:20:07,3383199.39,INGRESO
6526,1,1001,2,1002,2022-05-19 15:00:07,5310872.12,INGRESO
6527,1,1001,2,1002,2022-05-19 19:04:23,2094268.57,INGRESO
6528,1,1001,2,1002,2022-05-20 02:04:41,1665109.12,INGRESO
6529,1,1001,2,1002,2022-05-20 02:40:23,9681720.71,INGRESO
6530,1,1001,2,1002,2022-05-20 17:10:24,745986.63,EGRESO
6531,1,1001,2,1002,2022-05-20 22:43:41,2555313.83,EGRESO
6532,1,1001,2,1002,2022-05-21 00:20:59,4517878.57,EGRESO
6533,1,1001,2,1002,2022-05-21 07:43:51,3071939.18,EGRESO
6534,1,1001,2,1002,2022-05-21 11:56:46,7989162.56,EGRESO
6535,1,1001,2,1002,2022-05-21 12:22:48,392936.86,INGRESO
6536,1,1001,2,1002,2022-05-21 16:11:53,2887512.76,EGRESO
6537,1,1001,2,1002,2022-05-21 17:18:24,4706203.42,EGRESO
6538,1,1001,2,1002,2022-05-22 06:33:45,2578500.22,EGRESO
6539,1,1001,2,1002,2022-05-22 08:28:47,8697847.26,EGRESO
6540,1,1001,2,1002,2022-05-22 11:48:22,4114369.27,EGRESO
6541,1,1001,2,1002,2022-05-22 16:56:54,2982601.08,INGRESO
6542,1,1001,2,1002,2022-05-22 23:34:31,2155695.46,EGRESO
6543,1,1001,2,1002,2022-05-23 03:14:18,7668163.80,EGRESO
6544,1,1001,2,1002,2022-05-23 07:32:31,6631414.65,EGRESO
6545,1,1001,2,1002,2022-05-23 15:40:44,5723012.41,INGRESO
6546,1,1001,2,1002,2022-05-23 19:45:12,1934215.38,INGRESO
6547,1,1001,2,1002,2022-05-24 04:52:34,5441658.39,EGRESO
6548,1,1001,2,1002,2022-05-24 08:27:53,8411847.85,INGRESO
6549,1,1001,2,1002,2022-05-24 14:36:06,7479884.04,INGRESO
6550,1,1001,2,1002,2022-05-24 14:53:43,8880870.99,INGRESO
6551,1,1001,2,1002,2022-05-25 13:05:43,8085212.88,INGRESO
6552,1,1001,2,1002,2022-05-25 13:30:02,6435817.54,INGRESO
6553,1,1001,2,1002,2022-05-25 13:50:18,6967892.00,INGRESO
6554,1,1001,2,1002,2022-05-25 17:59:54,7142216.89,INGRESO
6555,1,1001,2,1002,2022-05-26 04:38:40,3603791.21,EGRESO
6556,1,1001,2,1002,2022-05-26 08:06:12,7028763.40,EGRESO
6557,1,1001,2,1002,2022-05-26 13:17:09,1114150.11,EGRESO
6558,1,1001,2,1002,2022-05-26 23:17:39,6868204.55,EGRESO
6559,1,1001,2,1002,2022-05-27 01:17:55,8074536.22,INGRESO
6560,1,1001,2,1002,2022-05-27 04:07:03,6345146.33,INGRESO
6561,1,1001,2,1002,2022-05-27 07:49:33,3332985.32,INGRESO
6562,1,1001,2,1002,2022-05-27 09:41:08,8622056.58,EGRESO
6563,1,1001,2,1002,2022-05-28 04:57:05,8517416.78,INGRESO
6564,1,1001,2,1002,2022-05-28 14:47:13,5860576.44,INGRESO
6565,1,1001,2,1002,2022-05-28 18:33:51,3839873.71,EGRESO
6566,1,1001,2,1002,2022-05-28 22:25:38,6321322.17,INGRESO
6567,1,1001,2,1002,2022-05-29 02:49:56,9890265.12,INGRESO
6568,1,1001,2,1002,2022-05-29 15:19:13,2109645.12,EGRESO
6569,1,1001,2,1002,2022-05-29 17:05:47,2837056.19,EGRESO
6570,1,1001,2,1002,2022-05-29 21:12:10,2095713.12,EGRESO
6571,1,1001,2,1002,2022-05-29 23:32:00,6692054.10,INGRESO
6572,1,1001,2,1002,2022-05-30 12:05:20,5304987.52,EGRESO
6573,1,1001,2,1002,2022-05-30 16:32:02,6358637.76,EGRESO
6574,1,1001,2,1002,2022-05-30 19:46:02,3002331.25,INGRESO
6575,1,1001,2,1002,2022-05-30 21:00:23,1589553.60,EGRESO
6576,1,1001,2,1002,2022-05-31 06:23:12,3495778.71,INGRESO
6577,1,1001,2,1002,2022-05-31 11:27:01,9314870.17,EGRESO
6578,1,1001,2,1002,2022-05-31 12:33:53,970634.84,INGRESO
6579,1,1001,2,1002,2022-05-31 12:56:59,2637838.92,EGRESO
6580,1,1001,2,1002,2022-05-31 15:55:07,4919070.74,INGRESO
6581,1,1001,2,1002,2022-06-01 00:38:28,1535502.22,INGRESO
6582,1,1001,2,1002,2022-06-01 05:51:34,6802599.21,EGRESO
6583,1,1001,2,1002,2022-06-01 14:20:46,4352543.84,INGRESO
6584,1,1001,2,1002,2022-06-01 17:32:17,8418589.62,INGRESO
6585,1,1001,2,1002,2022-06-02 04:15:54,6203392.76,INGRESO
6586,1,1001,2,1002,2022-06-02 10:38:17,3564052.72,INGRESO
6587,1,1001,2,1002,2022-06-02 13:27:38,1885090.31,INGRESO
6588,1,1001,2,1002,2022-06-02 22:54:51,5747076.28,EGRESO
6589,1,1001,2,1002,2022-06-03 07:25:41,467060.67,EGRESO
6590,1,1001,2,1002,2022-06-03 09:03:00,9916551.64,EGRESO
6591,1,1001,2,1002,2022-06-03 20:02:00,7683465.49,EGRESO
6592,1,1001,2,1002,2022-06-03 23:06:16,7817187.33,EGRESO
6593,1,1001,2,1002,2022-06-03 23:22:39,9305737.19,EGRESO
6594,1,1001,2,1002,2022-06-04 07:08:49,5714565.18,INGRESO
6595,1,1001,2,1002,2022-06-04 10:57:12,3041857.05,EGRESO
6596,1,1001,2,1002,2022-06-04 13:26:33,2818462.75,EGRESO
6597,1,1001,2,1002,2022-06-04 21:33:37,1443976.27,INGRESO
6598,1,1001,2,1002,2022-06-05 02:21:24,1698390.75,EGRESO
6599,1,1001,2,1002,2022-06-05 05:56:58,223830.01,INGRESO
6600,1,1001,2,1002,2022-06-05 09:18:43,5294530.73,EGRESO
6601,1,1001,2,1002,2022-06-05 23:37:09,2347873.50,EGRESO
6602,1,1001,2,1002,2022-06-06 01:39:40,1205271.71,INGRESO
6603,1,1001,2,1002,2022-06-06 16:33:47,6352142.34,INGRESO
6604,1,1001,2,1002,2022-06-06 21:26:15,8555279.95,EGRESO
6605,1,1001,2,1002,2022-06-06 21:53:10,9373353.61,EGRESO
6606,1,1001,2,1002,2022-06-07 00:32:46,4992642.22,EGRESO
6607,1,1001,2,1002,2022-06-07 07:13:13,3029288.74,EGRESO
6608,1,1001,2,1002,2022-06-07 15:00:35,7064486.68,EGRESO
6609,1,1001,2,1002,2022-06-07 19:28:24,4046729.01,INGRESO
6610,1,1001,2,1002,2022-06-07 21:40:55,1846226.09,EGRESO
6611,1,1001,2,1002,2022-06-08 01:03:28,7079387.47,INGRESO
6612,1,1001,2,1002,2022-06-08 02:33:01,3345364.61,INGRESO
6613,1,1001,2,1002,2022-06-08 09:55:09,4112917.59,EGRESO
6614,1,1001,2,1002,2022-06-08 20:24:46,9990276.90,INGRESO
6615,1,1001,2,1002,2022-06-09 00:10:22,8370149.67,EGRESO
6616,1,1001,2,1002,2022-06-09 03:07:23,6728306.85,INGRESO
6617,1,1001,2,1002,2022-06-09 06:18:23,9979472.64,EGRESO
6618,1,1001,2,1002,2022-06-09 09:03:46,6126468.06,EGRESO
6619,1,1001,2,1002,2022-06-10 00:08:35,3239300.38,INGRESO
6620,1,1001,2,1002,2022-06-10 06:19:12,8953575.00,INGRESO
6621,1,1001,2,1002,2022-06-10 06:21:16,1729183.56,INGRESO
6622,1,1001,2,1002,2022-06-10 08:22:22,5575001.61,INGRESO
6623,1,1001,2,1002,2022-06-10 08:36:20,4047184.66,INGRESO
6624,1,1001,2,1002,2022-06-10 09:39:11,1789632.96,EGRESO
6625,1,1001,2,1002,2022-06-11 00:42:11,7663175.47,INGRESO
6626,1,1001,2,1002,2022-06-11 00:52:18,1910712.69,EGRESO
6627,1,1001,2,1002,2022-06-11 03:00:09,2123197.65,INGRESO
6628,1,1001,2,1002,2022-06-11 03:13:18,3013201.29,INGRESO
6629,1,1001,2,1002,2022-06-11 04:09:32,3490726.39,INGRESO
6630,1,1001,2,1002,2022-06-12 02:40:13,6103563.21,EGRESO
6631,1,1001,2,1002,2022-06-12 05:24:39,3864134.32,INGRESO
6632,1,1001,2,1002,2022-06-12 07:13:16,1979344.65,EGRESO
6633,1,1001,2,1002,2022-06-12 12:12:35,9720835.78,INGRESO
6634,1,1001,2,1002,2022-06-12 17:06:26,2291786.40,EGRESO
6635,1,1001,2,1002,2022-06-12 19:01:02,3299114.61,EGRESO
6636,1,1001,2,1002,2022-06-13 10:37:22,4445661.44,EGRESO
6637,1,1001,2,1002,2022-06-13 11:39:23,3681931.85,EGRESO
6638,1,1001,2,1002,2022-06-13 12:42:15,9962849.43,INGRESO
6639,1,1001,2,1002,2022-06-13 15:11:47,6379581.82,EGRESO
6640,1,1001,2,1002,2022-06-14 02:00:06,7437025.78,INGRESO
6641,1,1001,2,1002,2022-06-14 09:24:44,3855852.94,INGRESO
6642,1,1001,2,1002,2022-06-14 12:07:28,3297152.57,INGRESO
6643,1,1001,2,1002,2022-06-14 17:26:02,9621675.69,EGRESO
6644,1,1001,2,1002,2022-06-15 03:03:20,9184694.17,EGRESO
6645,1,1001,2,1002,2022-06-15 05:54:53,5199580.16,EGRESO
6646,1,1001,2,1002,2022-06-15 09:36:41,3441228.04,INGRESO
6647,1,1001,2,1002,2022-06-15 09:40:07,9046600.75,EGRESO
6648,1,1001,2,1002,2022-06-16 01:54:18,2610518.85,EGRESO
6649,1,1001,2,1002,2022-06-16 02:18:30,1091738.19,EGRESO
6650,1,1001,2,1002,2022-06-16 03:19:39,1168404.70,INGRESO
6651,1,1001,2,1002,2022-06-16 22:43:15,3701329.39,EGRESO
6652,1,1001,2,1002,2022-06-17 04:47:50,6705843.69,EGRESO
6653,1,1001,2,1002,2022-06-17 09:34:25,3257927.16,EGRESO
6654,1,1001,2,1002,2022-06-17 11:57:57,1031030.49,EGRESO
6655,1,1001,2,1002,2022-06-17 12:26:27,6910163.96,INGRESO
6656,1,1001,2,1002,2022-06-18 05:08:09,8572456.05,EGRESO
6657,1,1001,2,1002,2022-06-18 06:51:33,4610588.40,EGRESO
6658,1,1001,2,1002,2022-06-18 17:54:20,9321320.94,EGRESO
6659,1,1001,2,1002,2022-06-18 18:16:06,4136274.76,INGRESO
6660,1,1001,2,1002,2022-06-18 22:02:01,5384849.21,INGRESO
6661,1,1001,2,1002,2022-06-19 01:51:57,3073282.51,INGRESO
6662,1,1001,2,1002,2022-06-19 05:36:14,4499779.48,INGRESO
6663,1,1001,2,1002,2022-06-19 15:23:39,6581769.18,EGRESO
6664,1,1001,2,1002,2022-06-19 20:24:09,8426961.97,EGRESO
6665,1,1001,2,1002,2022-06-20 00:36:19,89991.34,INGRESO
6666,1,1001,2,1002,2022-06-20 08:21:09,9906376.95,EGRESO
6667,1,1001,2,1002,2022-06-20 10:44:45,6477043.62,EGRESO
6668,1,1001,2,1002,2022-06-20 11:20:13,2312061.72,EGRESO
6669,1,1001,2,1002,2022-06-20 14:01:33,1735622.34,EGRESO
6670,1,1001,2,1002,2022-06-21 02:23:23,9607641.18,INGRESO
6671,1,1001,2,1002,2022-06-21 02:37:37,5830515.90,EGRESO
6672,1,1001,2,1002,2022-06-21 03:25:48,10668.85,INGRESO
6673,1,1001,2,1002,2022-06-21 17:12:05,5185890.68,EGRESO
6674,1,1001,2,1002,2022-06-22 05:32:35,284921.20,EGRESO
6675,1,1001,2,1002,2022-06-22 06:57:53,8672977.77,INGRESO
6676,1,1001,2,1002,2022-06-22 16:27:45,2599632.06,INGRESO
6677,1,1001,2,1002,2022-06-22 17:03:18,8897356.54,EGRESO
6678,1,1001,2,1002,2022-06-22 21:20:36,6773900.86,INGRESO
6679,1,1001,2,1002,2022-06-23 03:23:51,6539070.50,EGRESO
6680,1,1001,2,1002,2022-06-23 08:25:09,5889236.07,INGRESO
6681,1,1001,2,1002,2022-06-23 17:10:51,1983895.41,INGRESO
6682,1,1001,2,1002,2022-06-23 22:39:45,2033396.07,INGRESO
6683,1,1001,2,1002,2022-06-24 00:28:43,6993282.94,INGRESO
6684,1,1001,2,1002,2022-06-24 05:01:55,9736319.93,EGRESO
6685,1,1001,2,1002,2022-06-24 07:01:00,7225553.66,INGRESO
6686,1,1001,2,1002,2022-06-24 15:51:18,1052920.79,EGRESO
6687,1,1001,2,1002,2022-06-24 20:34:19,4007662.91,INGRESO
6688,1,1001,2,1002,2022-06-24 21:12:28,7104222.78,INGRESO
6689,1,1001,2,1002,2022-06-25 03:55:42,7992403.97,INGRESO
6690,1,1001,2,1002,2022-06-25 07:51:23,9656286.07,INGRESO
6691,1,1001,2,1002,2022-06-25 16:39:01,8827971.85,EGRESO
6692,1,1001,2,1002,2022-06-25 23:04:54,3898519.93,INGRESO
6693,1,1001,2,1002,2022-06-26 08:46:18,2654665.38,INGRESO
6694,1,1001,2,1002,2022-06-26 09:24:46,5358711.71,INGRESO
6695,1,1001,2,1002,2022-06-26 15:25:05,7002073.12,INGRESO
6696,1,1001,2,1002,2022-06-26 18:15:06,801327.73,INGRESO
6697,1,1001,2,1002,2022-06-26 18:59:59,1781589.22,EGRESO
6698,1,1001,2,1002,2022-06-26 19:24:41,3774865.59,EGRESO
6699,1,1001,2,1002,2022-06-27 01:07:30,9033182.73,EGRESO
6700,1,1001,2,1002,2022-06-27 02:04:41,1108471.79,EGRESO
6701,1,1001,2,1002,2022-06-27 08:19:47,27117.28,EGRESO
6702,1,1001,2,1002,2022-06-27 12:04:55,1837954.01,EGRESO
6703,1,1001,2,1002,2022-06-28 00:51:21,3020443.02,INGRESO
6704,1,1001,2,1002,2022-06-28 07:41:57,2704015.95,EGRESO
6705,1,1001,2,1002,2022-06-28 08:02:44,1687134.12,INGRESO
6706,1,1001,2,1002,2022-06-28 10:35:16,2542947.08,INGRESO
6707,1,1001,2,1002,2022-06-28 18:40:12,1287372.31,INGRESO
6708,1,1001,2,1002,2022-06-29 06:41:49,5165920.40,EGRESO
6709,1,1001,2,1002,2022-06-29 07:00:09,5566374.67,INGRESO
6710,1,1001,2,1002,2022-06-29 16:32:18,2254308.55,INGRESO
6711,1,1001,2,1002,2022-06-29 22:22:52,2194920.70,EGRESO
6712,1,1001,2,1002,2022-06-29 23:17:38,8241252.74,INGRESO
6713,1,1001,2,1002,2022-06-30 04:46:40,7250655.76,EGRESO
6714,1,1001,2,1002,2022-06-30 07:27:02,9311242.58,EGRESO
6715,1,1001,2,1002,2022-06-30 09:29:41,8661995.41,INGRESO
6716,1,1001,2,1002,2022-06-30 11:19:41,7666257.56,EGRESO
6717,1,1001,2,1002,2022-07-01 02:15:29,6723064.74,INGRESO
6718,1,1001,2,1002,2022-07-01 05:43:43,6936257.48,INGRESO
6719,1,1001,2,1002,2022-07-01 08:14:23,830220.97,EGRESO
6720,1,1001,2,1002,2022-07-01 12:20:18,2365617.66,INGRESO
6721,1,1001,2,1002,2022-07-01 16:51:17,3770244.93,INGRESO
6722,1,1001,2,1002,2022-07-02 11:09:18,4398940.02,INGRESO
6723,1,1001,2,1002,2022-07-02 11:16:30,8801766.92,EGRESO
6724,1,1001,2,1002,2022-07-02 11:29:07,5414079.54,INGRESO
6725,1,1001,2,1002,2022-07-02 14:26:12,266915.86,EGRESO
6726,1,1001,2,1002,2022-07-02 19:02:18,1104936.72,EGRESO
6727,1,1001,2,1002,2022-07-03 01:47:12,9844374.53,EGRESO
6728,1,1001,2,1002,2022-07-03 02:01:35,5522862.25,INGRESO
6729,1,1001,2,1002,2022-07-03 03:14:43,2845522.11,INGRESO
6730,1,1001,2,1002,2022-07-03 10:41:04,8424642.04,INGRESO
6731,1,1001,2,1002,2022-07-03 11:29:13,4121054.75,INGRESO
6732,1,1001,2,1002,2022-07-03 22:10:50,1521443.07,EGRESO
6733,1,1001,2,1002,2022-07-04 05:30:24,1374315.28,INGRESO
6734,1,1001,2,1002,2022-07-04 06:22:54,8254284.95,EGRESO
6735,1,1001,2,1002,2022-07-04 08:36:18,2722113.41,EGRESO
6736,1,1001,2,1002,2022-07-04 11:50:02,6642688.86,INGRESO
6737,1,1001,2,1002,2022-07-04 18:42:17,2711179.05,EGRESO
6738,1,1001,2,1002,2022-07-05 01:06:01,4570534.15,EGRESO
6739,1,1001,2,1002,2022-07-05 07:11:53,1618280.75,EGRESO
6740,1,1001,2,1002,2022-07-05 08:55:35,6252260.50,INGRESO
6741,1,1001,2,1002,2022-07-05 11:40:19,8644299.31,INGRESO
6742,1,1001,2,1002,2022-07-05 16:48:43,4007387.43,EGRESO
6743,1,1001,2,1002,2022-07-05 22:55:01,7788626.70,INGRESO
6744,1,1001,2,1002,2022-07-06 04:21:14,3199442.82,INGRESO
6745,1,1001,2,1002,2022-07-06 13:12:37,3213138.14,INGRESO
6746,1,1001,2,1002,2022-07-06 18:27:07,1396517.60,INGRESO
6747,1,1001,2,1002,2022-07-06 18:58:47,9866497.27,EGRESO
6748,1,1001,2,1002,2022-07-07 02:43:42,4342306.16,INGRESO
6749,1,1001,2,1002,2022-07-07 03:52:01,7895155.28,EGRESO
6750,1,1001,2,1002,2022-07-07 11:18:53,5078303.53,INGRESO
6751,1,1001,2,1002,2022-07-07 17:20:50,6971983.62,EGRESO
6752,1,1001,2,1002,2022-07-07 19:16:11,6236457.28,INGRESO
6753,1,1001,2,1002,2022-07-08 02:33:02,8865274.94,INGRESO
6754,1,1001,2,1002,2022-07-08 14:05:28,3895572.20,INGRESO
6755,1,1001,2,1002,2022-07-08 22:42:34,1994029.50,INGRESO
6756,1,1001,2,1002,2022-07-08 23:59:30,8204394.26,INGRESO
6757,1,1001,2,1002,2022-07-09 02:25:43,7603171.45,EGRESO
6758,1,1001,2,1002,2022-07-09 09:11:48,3510059.55,EGRESO
6759,1,1001,2,1002,2022-07-09 15:55:17,1482329.20,EGRESO
6760,1,1001,2,1002,2022-07-09 17:36:16,6195306.57,EGRESO
6761,1,1001,2,1002,2022-07-10 08:04:42,6281724.00,INGRESO
6762,1,1001,2,1002,2022-07-10 11:35:12,3590011.52,EGRESO
6763,1,1001,2,1002,2022-07-10 16:22:13,5692878.78,EGRESO
6764,1,1001,2,1002,2022-07-10 18:41:52,9876848.28,INGRESO
6765,1,1001,2,1002,2022-07-11 13:31:55,7978643.98,EGRESO
6766,1,1001,2,1002,2022-07-11 15:14:00,3079731.63,INGRESO
6767,1,1001,2,1002,2022-07-11 17:21:47,6422772.52,EGRESO
6768,1,1001,2,1002,2022-07-11 19:28:41,9850824.61,EGRESO
6769,1,1001,2,1002,2022-07-12 01:51:31,5471286.09,EGRESO
6770,1,1001,2,1002,2022-07-12 11:27:25,1431041.99,INGRESO
6771,1,1001,2,1002,2022-07-12 16:16:08,4966845.85,INGRESO
6772,1,1001,2,1002,2022-07-12 22:31:40,572945.79,EGRESO
6773,1,1001,2,1002,2022-07-13 03:11:56,4084531.05,INGRESO
6774,1,1001,2,1002,2022-07-13 03:49:15,9177140.76,INGRESO
6775,1,1001,2,1002,2022-07-13 16:35:33,4386713.48,EGRESO
6776,1,1001,2,1002,2022-07-13 23:11:07,707672.06,EGRESO
6777,1,1001,2,1002,2022-07-14 01:21:39,13062.05,EGRESO
6778,1,1001,2,1002,2022-07-14 04:41:42,9164269.21,EGRESO
6779,1,1001,2,1002,2022-07-14 04:50:39,3313582.35,EGRESO
6780,1,1001,2,1002,2022-07-14 10:08:35,8883595.12,EGRESO
6781,1,1001,2,1002,2022-07-14 20:17:58,5583618.43,EGRESO
6782,1,1001,2,1002,2022-07-15 01:16:43,4867610.14,INGRESO
6783,1,1001,2,1002,2022-07-15 02:18:03,9896255.79,EGRESO
6784,1,1001,2,1002,2022-07-15 16:57:42,3730753.59,INGRESO
6785,1,1001,2,1002,2022-07-15 22:32:58,7316056.86,EGRESO
6786,1,1001,2,1002,2022-07-16 02:29:43,1737643.05,EGRESO
6787,1,1001,2,1002,2022-07-16 10:55:18,8444690.61,INGRESO
6788,1,1001,2,1002,2022-07-16 12:24:29,6875097.03,INGRESO
6789,1,1001,2,1002,2022-07-16 23:56:36,1671880.85,INGRESO
6790,1,1001,2,1002,2022-07-17 03:07:12,9835400.27,EGRESO
6791,1,1001,2,1002,2022-07-17 03:25:26,3024011.94,EGRESO
6792,1,1001,2,1002,2022-07-17 05:16:22,1482435.59,EGRESO
6793,1,1001,2,1002,2022-07-17 14:20:24,8919641.98,EGRESO
6794,1,1001,2,1002,2022-07-17 15:55:24,5346409.84,INGRESO
6795,1,1001,2,1002,2022-07-17 18:55:31,7701132.03,INGRESO
6796,1,1001,2,1002,2022-07-18 01:09:39,8560134.43,INGRESO
6797,1,1001,2,1002,2022-07-18 01:51:54,2616970.82,EGRESO
6798,1,1001,2,1002,2022-07-18 04:55:00,7391498.95,EGRESO
6799,1,1001,2,1002,2022-07-18 10:29:12,6883368.99,EGRESO
6800,1,1001,2,1002,2022-07-18 19:17:51,5146751.90,INGRESO
6801,1,1001,2,1002,2022-07-19 02:34:18,3076807.38,INGRESO
6802,1,1001,2,1002,2022-07-19 03:52:45,5627216.08,INGRESO
6803,1,1001,2,1002,2022-07-19 05:58:13,7287154.86,EGRESO
6804,1,1001,2,1002,2022-07-19 11:30:19,6864268.04,EGRESO
6805,1,1001,2,1002,2022-07-19 19:21:51,8689400.20,INGRESO
6806,1,1001,2,1002,2022-07-20 06:09:25,8958180.48,EGRESO
6807,1,1001,2,1002,2022-07-20 08:43:32,5425866.45,EGRESO
6808,1,1001,2,1002,2022-07-20 14:47:40,1135567.57,EGRESO
6809,1,1001,2,1002,2022-07-20 21:58:43,998061.48,EGRESO
6810,1,1001,2,1002,2022-07-21 06:19:25,4630162.31,EGRESO
6811,1,1001,2,1002,2022-07-21 12:18:26,7391783.12,INGRESO
6812,1,1001,2,1002,2022-07-21 14:05:08,6378223.13,EGRESO
6813,1,1001,2,1002,2022-07-21 15:30:08,7069289.83,INGRESO
6814,1,1001,2,1002,2022-07-22 04:29:17,3561302.91,EGRESO
6815,1,1001,2,1002,2022-07-22 08:50:27,9781397.66,INGRESO
6816,1,1001,2,1002,2022-07-22 13:11:44,5880949.26,EGRESO
6817,1,1001,2,1002,2022-07-22 16:40:41,7725215.92,INGRESO
6818,1,1001,2,1002,2022-07-22 20:05:42,1364239.30,EGRESO
6819,1,1001,2,1002,2022-07-23 03:20:17,5522591.36,EGRESO
6820,1,1001,2,1002,2022-07-23 04:15:32,228903.08,INGRESO
6821,1,1001,2,1002,2022-07-23 09:27:02,1649192.71,EGRESO
6822,1,1001,2,1002,2022-07-23 14:04:47,8890166.30,INGRESO
6823,1,1001,2,1002,2022-07-24 06:44:02,4200287.74,INGRESO
6824,1,1001,2,1002,2022-07-24 08:14:44,7474764.03,EGRESO
6825,1,1001,2,1002,2022-07-24 17:12:46,7888564.46,EGRESO
6826,1,1001,2,1002,2022-07-24 21:59:34,6872889.01,EGRESO
6827,1,1001,2,1002,2022-07-25 04:43:11,5080597.07,EGRESO
6828,1,1001,2,1002,2022-07-25 07:20:58,8072440.94,EGRESO
6829,1,1001,2,1002,2022-07-25 10:30:41,1162262.78,INGRESO
6830,1,1001,2,1002,2022-07-25 14:18:57,4095999.78,INGRESO
6831,1,1001,2,1002,2022-07-25 16:56:18,9415484.46,INGRESO
6832,1,1001,2,1002,2022-07-26 03:53:44,2489558.97,EGRESO
6833,1,1001,2,1002,2022-07-26 07:03:03,2844431.06,INGRESO
6834,1,1001,2,1002,2022-07-26 17:52:42,7135540.07,EGRESO
6835,1,1001,2,1002,2022-07-26 18:40:45,4002087.58,INGRESO
6836,1,1001,2,1002,2022-07-27 01:00:25,1206311.31,INGRESO
6837,1,1001,2,1002,2022-07-27 09:01:35,8575295.83,EGRESO
6838,1,1001,2,1002,2022-07-27 09:17:23,1570853.49,EGRESO
6839,1,1001,2,1002,2022-07-27 12:20:13,7801325.32,INGRESO
6840,1,1001,2,1002,2022-07-28 05:24:27,9624520.66,EGRESO
6841,1,1001,2,1002,2022-07-28 17:05:00,3560526.26,INGRESO
6842,1,1001,2,1002,2022-07-28 18:40:16,5723078.67,EGRESO
6843,1,1001,2,1002,2022-07-28 22:24:16,8357672.92,INGRESO
6844,1,1001,2,1002,2022-07-29 06:17:30,3050573.03,INGRESO
6845,1,1001,2,1002,2022-07-29 06:49:39,8660398.37,EGRESO
6846,1,1001,2,1002,2022-07-29 11:24:43,5919192.05,INGRESO
6847,1,1001,2,1002,2022-07-29 11:41:45,1771373.60,INGRESO
6848,1,1001,2,1002,2022-07-29 12:26:14,8424999.65,INGRESO
6849,1,1001,2,1002,2022-07-30 00:00:15,1456601.37,INGRESO
6850,1,1001,2,1002,2022-07-30 02:03:10,8751670.31,INGRESO
6851,1,1001,2,1002,2022-07-30 08:26:11,6646542.72,INGRESO
6852,1,1001,2,1002,2022-07-30 15:14:03,314667.84,EGRESO
6853,1,1001,2,1002,2022-07-30 20:55:52,3601245.60,INGRESO
6854,1,1001,2,1002,2022-07-31 00:22:45,2504045.55,EGRESO
6855,1,1001,2,1002,2022-07-31 01:25:58,5331480.11,INGRESO
6856,1,1001,2,1002,2022-07-31 09:15:35,533274.50,INGRESO
6857,1,1001,2,1002,2022-07-31 12:31:03,6560208.79,EGRESO
6858,1,1001,2,1002,2022-07-31 22:04:58,9091021.84,EGRESO
6859,1,1001,2,1002,2022-08-01 01:21:58,8304373.98,EGRESO
6860,1,1001,2,1002,2022-08-01 08:17:54,1031321.84,EGRESO
6861,1,1001,2,1002,2022-08-01 11:34:13,5724699.69,INGRESO
6862,1,1001,2,1002,2022-08-01 11:54:28,7402293.90,INGRESO
6863,1,1001,2,1002,2022-08-02 09:41:02,900477.59,INGRESO
6864,1,1001,2,1002,2022-08-02 10:58:47,6391748.12,EGRESO
6865,1,1001,2,1002,2022-08-02 13:19:11,3449305.25,EGRESO
6866,1,1001,2,1002,2022-08-02 13:38:26,4269764.80,INGRESO
6867,1,1001,2,1002,2022-08-03 04:00:49,9964522.27,EGRESO
6868,1,1001,2,1002,2022-08-03 08:16:12,3061020.61,INGRESO
6869,1,1001,2,1002,2022-08-03 10:20:19,679168.14,EGRESO
6870,1,1001,2,1002,2022-08-03 12:50:52,3512776.46,INGRESO
6871,1,1001,2,1002,2022-08-03 13:46:17,420113.61,EGRESO
6872,1,1001,2,1002,2022-08-03 14:21:36,9064415.55,EGRESO
6873,1,1001,2,1002,2022-08-03 22:29:40,4794788.63,EGRESO
6874,1,1001,2,1002,2022-08-04 00:27:30,7025824.14,EGRESO
6875,1,1001,2,1002,2022-08-04 08:53:50,6032488.13,INGRESO
6876,1,1001,2,1002,2022-08-04 14:56:54,295423.33,EGRESO
6877,1,1001,2,1002,2022-08-04 20:38:34,5645333.20,INGRESO
6878,1,1001,2,1002,2022-08-04 23:08:57,1132788.64,EGRESO
6879,1,1001,2,1002,2022-08-05 01:54:04,303054.97,INGRESO
6880,1,1001,2,1002,2022-08-05 05:28:50,577722.60,EGRESO
6881,1,1001,2,1002,2022-08-05 06:14:28,3260707.60,EGRESO
6882,1,1001,2,1002,2022-08-05 09:13:09,9705622.34,INGRESO
6883,1,1001,2,1002,2022-08-05 11:10:11,339583.19,EGRESO
6884,1,1001,2,1002,2022-08-05 23:27:17,6146293.09,INGRESO
6885,1,1001,2,1002,2022-08-06 11:51:57,1023350.93,INGRESO
6886,1,1001,2,1002,2022-08-06 13:51:35,9200571.03,INGRESO
6887,1,1001,2,1002,2022-08-06 18:22:12,1808510.50,EGRESO
6888,1,1001,2,1002,2022-08-06 23:52:54,5972187.84,INGRESO
6889,1,1001,2,1002,2022-08-07 04:51:50,4194913.97,INGRESO
6890,1,1001,2,1002,2022-08-07 08:43:51,7379855.42,INGRESO
6891,1,1001,2,1002,2022-08-07 11:10:53,1643383.40,EGRESO
6892,1,1001,2,1002,2022-08-07 15:54:37,4699533.10,EGRESO
6893,1,1001,2,1002,2022-08-08 01:59:49,7315275.21,EGRESO
6894,1,1001,2,1002,2022-08-08 06:17:10,4653976.14,INGRESO
6895,1,1001,2,1002,2022-08-08 12:14:53,8822071.41,EGRESO
6896,1,1001,2,1002,2022-08-08 12:34:16,3934668.82,INGRESO
6897,1,1001,2,1002,2022-08-08 19:37:43,1848429.27,EGRESO
6898,1,1001,2,1002,2022-08-09 01:44:51,2784786.21,INGRESO
6899,1,1001,2,1002,2022-08-09 05:03:50,9202538.37,INGRESO
6900,1,1001,2,1002,2022-08-09 11:38:24,5192658.84,INGRESO
6901,1,1001,2,1002,2022-08-09 19:45:19,6784032.83,EGRESO
6902,1,1001,2,1002,2022-08-09 23:45:18,2598598.39,INGRESO
6903,1,1001,2,1002,2022-08-10 12:21:14,1674843.06,INGRESO
6904,1,1001,2,1002,2022-08-10 16:35:29,4766012.41,EGRESO
6905,1,1001,2,1002,2022-08-10 16:48:47,3092492.12,EGRESO
6906,1,1001,2,1002,2022-08-10 17:07:12,1343429.08,EGRESO
6907,1,1001,2,1002,2022-08-10 19:56:37,7542087.69,INGRESO
6908,1,1001,2,1002,2022-08-11 02:19:50,1284822.20,INGRESO
6909,1,1001,2,1002,2022-08-11 03:39:19,9229973.41,INGRESO
6910,1,1001,2,1002,2022-08-11 07:47:45,3988111.12,EGRESO
6911,1,1001,2,1002,2022-08-11 09:04:42,2486032.60,EGRESO
6912,1,1001,2,1002,2022-08-11 12:23:42,8012975.10,INGRESO
6913,1,1001,2,1002,2022-08-11 13:08:24,1612009.93,INGRESO
6914,1,1001,2,1002,2022-08-12 00:55:51,6483753.36,INGRESO
6915,1,1001,2,1002,2022-08-12 00:56:46,7014818.74,INGRESO
6916,1,1001,2,1002,2022-08-12 04:18:32,9404781.22,INGRESO
6917,1,1001,2,1002,2022-08-12 11:54:38,6052728.61,EGRESO
6918,1,1001,2,1002,2022-08-13 02:27:48,7505573.09,EGRESO
6919,1,1001,2,1002,2022-08-13 02:34:20,1832431.21,EGRESO
6920,1,1001,2,1002,2022-08-13 08:16:05,5950422.88,INGRESO
6921,1,1001,2,1002,2022-08-13 13:28:20,2502258.78,EGRESO
6922,1,1001,2,1002,2022-08-13 22:23:37,8242299.41,EGRESO
6923,1,1001,2,1002,2022-08-14 01:54:46,761655.26,EGRESO
6924,1,1001,2,1002,2022-08-14 07:13:29,875067.92,EGRESO
6925,1,1001,2,1002,2022-08-14 16:49:24,2388549.68,EGRESO
6926,1,1001,2,1002,2022-08-14 18:07:36,1849040.36,EGRESO
6927,1,1001,2,1002,2022-08-15 11:16:56,2085226.90,INGRESO
6928,1,1001,2,1002,2022-08-15 11:19:41,1374301.33,EGRESO
6929,1,1001,2,1002,2022-08-15 13:45:59,1854053.13,EGRESO
6930,1,1001,2,1002,2022-08-15 14:37:50,3248078.95,EGRESO
6931,1,1001,2,1002,2022-08-15 17:21:15,1776683.86,EGRESO
6932,1,1001,2,1002,2022-08-15 23:18:15,5852942.24,EGRESO
6933,1,1001,2,1002,2022-08-16 17:07:45,1435910.96,EGRESO
6934,1,1001,2,1002,2022-08-16 20:59:51,9007813.09,EGRESO
6935,1,1001,2,1002,2022-08-16 23:01:16,2995865.72,INGRESO
6936,1,1001,2,1002,2022-08-16 23:15:06,7884726.77,EGRESO
6937,1,1001,2,1002,2022-08-17 11:20:32,5071340.76,EGRESO
6938,1,1001,2,1002,2022-08-17 11:35:49,2287059.45,INGRESO
6939,1,1001,2,1002,2022-08-17 12:33:34,2600275.63,INGRESO
6940,1,1001,2,1002,2022-08-17 12:49:32,5181681.63,EGRESO
6941,1,1001,2,1002,2022-08-17 20:52:19,1589203.14,INGRESO
6942,1,1001,2,1002,2022-08-18 03:51:18,2807690.91,EGRESO
6943,1,1001,2,1002,2022-08-18 18:52:45,4136199.03,EGRESO
6944,1,1001,2,1002,2022-08-18 21:23:23,9557658.09,EGRESO
6945,1,1001,2,1002,2022-08-18 21:50:27,2089582.82,INGRESO
6946,1,1001,2,1002,2022-08-19 00:25:47,5996044.63,INGRESO
6947,1,1001,2,1002,2022-08-19 02:29:30,3853584.88,INGRESO
6948,1,1001,2,1002,2022-08-19 08:16:05,5978161.59,INGRESO
6949,1,1001,2,1002,2022-08-19 15:09:40,9215555.04,EGRESO
6950,1,1001,2,1002,2022-08-19 16:14:35,3752594.90,EGRESO
6951,1,1001,2,1002,2022-08-19 17:37:22,2559160.40,EGRESO
6952,1,1001,2,1002,2022-08-20 07:34:14,9797256.94,EGRESO
6953,1,1001,2,1002,2022-08-20 07:35:18,1667678.85,INGRESO
6954,1,1001,2,1002,2022-08-20 13:11:35,2562510.47,EGRESO
6955,1,1001,2,1002,2022-08-20 13:13:35,4366711.59,INGRESO
6956,1,1001,2,1002,2022-08-20 19:45:41,9610616.95,INGRESO
6957,1,1001,2,1002,2022-08-21 01:16:12,9755205.00,EGRESO
6958,1,1001,2,1002,2022-08-21 04:32:45,6693127.19,INGRESO
6959,1,1001,2,1002,2022-08-21 20:41:37,2715169.47,EGRESO
6960,1,1001,2,1002,2022-08-21 23:50:24,7819748.43,EGRESO
6961,1,1001,2,1002,2022-08-21 23:59:09,7843776.09,EGRESO
6962,1,1001,2,1002,2022-08-22 00:51:37,9452780.54,INGRESO
6963,1,1001,2,1002,2022-08-22 15:44:30,702030.10,INGRESO
6964,1,1001,2,1002,2022-08-22 16:48:13,8453149.72,EGRESO
6965,1,1001,2,1002,2022-08-22 20:43:30,1325047.52,EGRESO
6966,1,1001,2,1002,2022-08-22 21:30:46,8607614.04,INGRESO
6967,1,1001,2,1002,2022-08-23 03:21:42,7026867.43,INGRESO
6968,1,1001,2,1002,2022-08-23 04:46:09,2032459.59,INGRESO
6969,1,1001,2,1002,2022-08-23 06:41:32,2048485.92,INGRESO
6970,1,1001,2,1002,2022-08-23 15:37:51,5706495.39,EGRESO
6971,1,1001,2,1002,2022-08-24 10:35:41,9204248.66,INGRESO
6972,1,1001,2,1002,2022-08-24 12:59:02,6998826.98,EGRESO
6973,1,1001,2,1002,2022-08-24 18:45:27,2907424.25,INGRESO
6974,1,1001,2,1002,2022-08-24 19:03:59,1923151.18,INGRESO
6975,1,1001,2,1002,2022-08-25 02:06:13,9527514.18,EGRESO
6976,1,1001,2,1002,2022-08-25 03:41:50,2822686.54,INGRESO
6977,1,1001,2,1002,2022-08-25 07:58:25,8364615.35,EGRESO
6978,1,1001,2,1002,2022-08-25 08:05:40,4989333.72,EGRESO
6979,1,1001,2,1002,2022-08-25 13:21:07,2956512.54,EGRESO
6980,1,1001,2,1002,2022-08-25 21:58:59,1583296.89,EGRESO
6981,1,1001,2,1002,2022-08-26 05:44:35,7387794.31,EGRESO
6982,1,1001,2,1002,2022-08-26 13:51:24,4909177.27,INGRESO
6983,1,1001,2,1002,2022-08-26 15:46:55,1392866.67,EGRESO
6984,1,1001,2,1002,2022-08-26 23:11:25,4314478.55,INGRESO
6985,1,1001,2,1002,2022-08-27 02:48:12,506498.41,EGRESO
6986,1,1001,2,1002,2022-08-27 07:20:40,8370178.99,EGRESO
6987,1,1001,2,1002,2022-08-27 11:54:54,5005856.19,INGRESO
6988,1,1001,2,1002,2022-08-27 15:10:32,7741738.88,EGRESO
6989,1,1001,2,1002,2022-08-28 06:48:06,2802539.30,INGRESO
6990,1,1001,2,1002,2022-08-28 10:59:12,2806148.99,EGRESO
6991,1,1001,2,1002,2022-08-28 11:58:47,8358279.73,EGRESO
6992,1,1001,2,1002,2022-08-28 18:46:12,7286726.57,EGRESO
6993,1,1001,2,1002,2022-08-29 00:23:40,5438174.85,INGRESO
6994,1,1001,2,1002,2022-08-29 17:53:12,9240897.44,EGRESO
6995,1,1001,2,1002,2022-08-29 18:12:56,9840898.00,INGRESO
6996,1,1001,2,1002,2022-08-29 19:54:39,7840889.46,EGRESO
6997,1,1001,2,1002,2022-08-30 05:12:56,7349269.70,EGRESO
6998,1,1001,2,1002,2022-08-30 05:58:24,1385743.23,EGRESO
6999,1,1001,2,1002,2022-08-30 13:45:44,7484173.35,EGRESO
7000,1,1001,2,1002,2022-08-30 20:25:44,1352218.37,EGRESO
7001,1,1001,2,1002,2022-08-30 22:01:20,659559.83,INGRESO
7002,1,1001,2,1002,2022-08-31 00:38:20,1274894.44,EGRESO
7003,1,1001,2,1002,2022-08-31 04:06:25,3673563.08,EGRESO
7004,1,1001,2,1002,2022-08-31 06:40:31,4745810.43,EGRESO
7005,1,1001,2,1002,2022-08-31 20:04:31,1144836.65,INGRESO
7006,1,1001,2,1002,2022-08-31 23:38:20,4061102.07,INGRESO
7007,1,1001,2,1002,2022-09-01 01:56:41,3112731.08,INGRESO
7008,1,1001,2,1002,2022-09-01 02:01:04,7487002.13,INGRESO
7009,1,1001,2,1002,2022-09-01 13:10:10,7309664.47,INGRESO
7010,1,1001,2,1002,2022-09-01 20:43:13,6703114.87,INGRESO
7011,1,1001,2,1002,2022-09-02 00:51:10,9911441.52,INGRESO
7012,1,1001,2,1002,2022-09-02 07:33:03,238406.92,INGRESO
7013,1,1001,2,1002,2022-09-02 18:17:30,5332797.44,EGRESO
7014,1,1001,2,1002,2022-09-02 18:22:59,7044254.97,INGRESO
7015,1,1001,2,1002,2022-09-03 05:37:22,7957203.76,EGRESO
7016,1,1001,2,1002,2022-09-03 07:49:54,3346675.63,INGRESO
7017,1,1001,2,1002,2022-09-03 16:50:08,4797654.38,INGRESO
7018,1,1001,2,1002,2022-09-03 18:35:51,6660575.98,INGRESO
7019,1,1001,2,1002,2022-09-03 20:23:15,6032671.94,EGRESO
7020,1,1001,2,1002,2022-09-04 05:13:52,9303549.15,INGRESO
7021,1,1001,2,1002,2022-09-04 05:34:41,4485525.60,INGRESO
7022,1,1001,2,1002,2022-09-04 07:46:08,3838099.21,INGRESO
7023,1,1001,2,1002,2022-09-04 15:57:24,8604860.56,INGRESO
7024,1,1001,2,1002,2022-09-04 22:58:35,9358685.47,INGRESO
7025,1,1001,2,1002,2022-09-05 01:06:26,2037229.87,EGRESO
7026,1,1001,2,1002,2022-09-05 04:57:38,5501926.56,INGRESO
7027,1,1001,2,1002,2022-09-05 15:25:54,7601086.85,EGRESO
7028,1,1001,2,1002,2022-09-05 21:55:20,9050095.66,INGRESO
7029,1,1001,2,1002,2022-09-06 07:52:48,9301136.02,EGRESO
7030,1,1001,2,1002,2022-09-06 08:30:42,660117.00,EGRESO
7031,1,1001,2,1002,2022-09-06 09:26:06,2213530.34,EGRESO
7032,1,1001,2,1002,2022-09-06 10:02:57,7208016.54,EGRESO
7033,1,1001,2,1002,2022-09-06 15:18:05,6997236.72,INGRESO
7034,1,1001,2,1002,2022-09-06 21:59:47,3929250.87,EGRESO
7035,1,1001,2,1002,2022-09-07 01:58:18,412396.73,EGRESO
7036,1,1001,2,1002,2022-09-07 03:21:45,4609375.73,INGRESO
7037,1,1001,2,1002,2022-09-07 17:02:59,4522286.92,INGRESO
7038,1,1001,2,1002,2022-09-07 18:41:09,4899742.35,EGRESO
7039,1,1001,2,1002,2022-09-07 22:52:55,5868047.74,EGRESO
7040,1,1001,2,1002,2022-09-08 00:12:23,2980268.05,EGRESO
7041,1,1001,2,1002,2022-09-08 06:01:23,2989535.42,INGRESO
7042,1,1001,2,1002,2022-09-08 08:37:51,3050708.71,EGRESO
7043,1,1001,2,1002,2022-09-08 12:23:11,9819156.10,EGRESO
7044,1,1001,2,1002,2022-09-09 08:26:59,2903804.03,EGRESO
7045,1,1001,2,1002,2022-09-09 09:18:24,7721043.13,INGRESO
7046,1,1001,2,1002,2022-09-09 18:48:42,2863372.93,INGRESO
7047,1,1001,2,1002,2022-09-09 19:36:30,2424929.14,EGRESO
7048,1,1001,2,1002,2022-09-10 06:22:02,8463993.07,EGRESO
7049,1,1001,2,1002,2022-09-10 06:23:17,9347849.93,INGRESO
7050,1,1001,2,1002,2022-09-10 08:27:09,3368250.63,EGRESO
7051,1,1001,2,1002,2022-09-10 21:57:06,9710571.61,INGRESO
7052,1,1001,2,1002,2022-09-11 03:59:52,2320260.85,EGRESO
7053,1,1001,2,1002,2022-09-11 07:21:16,2116609.47,EGRESO
7054,1,1001,2,1002,2022-09-11 16:50:01,5229365.79,EGRESO
7055,1,1001,2,1002,2022-09-11 21:19:04,6639632.51,EGRESO
7056,1,1001,2,1002,2022-09-12 01:54:48,5280004.03,EGRESO
7057,1,1001,2,1002,2022-09-12 07:51:30,6406549.16,INGRESO
7058,1,1001,2,1002,2022-09-12 09:55:22,8251067.66,INGRESO
7059,1,1001,2,1002,2022-09-12 15:27:08,3312099.74,INGRESO
7060,1,1001,2,1002,2022-09-12 17:46:55,7130133.05,INGRESO
7061,1,1001,2,1002,2022-09-12 18:36:01,2131641.57,INGRESO
7062,1,1001,2,1002,2022-09-12 21:37:59,9279078.96,INGRESO
7063,1,1001,2,1002,2022-09-13 00:03:47,4559193.81,EGRESO
7064,1,1001,2,1002,2022-09-13 02:32:07,5558738.20,EGRESO
7065,1,1001,2,1002,2022-09-13 03:08:36,3876472.42,INGRESO
7066,1,1001,2,1002,2022-09-13 16:06:55,5835120.15,EGRESO
7067,1,1001,2,1002,2022-09-14 05:10:26,3281374.24,INGRESO
7068,1,1001,2,1002,2022-09-14 11:38:54,7173739.84,EGRESO
7069,1,1001,2,1002,2022-09-14 15:06:40,7634975.43,INGRESO
7070,1,1001,2,1002,2022-09-14 20:21:51,3359572.05,INGRESO
7071,1,1001,2,1002,2022-09-15 06:14:51,3212747.35,INGRESO
7072,1,1001,2,1002,2022-09-15 07:52:50,1438784.17,INGRESO
7073,1,1001,2,1002,2022-09-15 16:44:49,3148067.96,INGRESO
7074,1,1001,2,1002,2022-09-15 23:15:16,6910383.43,INGRESO
7075,1,1001,2,1002,2022-09-16 08:55:28,5294629.84,INGRESO
7076,1,1001,2,1002,2022-09-16 12:14:06,1526737.47,EGRESO
7077,1,1001,2,1002,2022-09-16 14:51:50,127746.69,INGRESO
7078,1,1001,2,1002,2022-09-16 19:46:14,3786468.21,EGRESO
7079,1,1001,2,1002,2022-09-17 05:52:12,6820946.56,INGRESO
7080,1,1001,2,1002,2022-09-17 07:14:26,6021999.20,INGRESO
7081,1,1001,2,1002,2022-09-17 08:17:22,7805997.72,INGRESO
7082,1,1001,2,1002,2022-09-17 14:55:56,3577927.77,EGRESO
7083,1,1001,2,1002,2022-09-18 11:02:19,1697563.96,INGRESO
7084,1,1001,2,1002,2022-09-18 12:58:53,4726449.38,EGRESO
7085,1,1001,2,1002,2022-09-18 15:52:24,635418.36,INGRESO
7086,1,1001,2,1002,2022-09-18 22:30:30,9266414.70,INGRESO
7087,1,1001,2,1002,2022-09-19 03:05:39,5386898.68,INGRESO
7088,1,1001,2,1002,2022-09-19 05:53:44,6489692.09,INGRESO
7089,1,1001,2,1002,2022-09-19 07:57:20,1068218.25,INGRESO
7090,1,1001,2,1002,2022-09-19 11:17:17,1590873.73,INGRESO
7091,1,1001,2,1002,2022-09-19 16:13:17,9505842.57,EGRESO
7092,1,1001,2,1002,2022-09-19 23:07:10,2351920.48,EGRESO
7093,1,1001,2,1002,2022-09-20 05:11:24,6471891.15,INGRESO
7094,1,1001,2,1002,2022-09-20 07:01:52,906062.80,INGRESO
7095,1,1001,2,1002,2022-09-20 11:29:51,2160858.05,EGRESO
7096,1,1001,2,1002,2022-09-20 21:28:17,8494563.83,INGRESO
7097,1,1001,2,1002,2022-09-21 04:31:53,8930302.48,EGRESO
7098,1,1001,2,1002,2022-09-21 06:41:04,9592567.04,EGRESO
7099,1,1001,2,1002,2022-09-21 10:46:54,9526594.05,INGRESO
7100,1,1001,2,1002,2022-09-21 18:22:13,8208749.34,INGRESO
7101,1,1001,2,1002,2022-09-22 15:12:20,7125538.41,INGRESO
7102,1,1001,2,1002,2022-09-22 16:00:48,8526415.73,EGRESO
7103,1,1001,2,1002,2022-09-22 17:27:56,273063.77,EGRESO
7104,1,1001,2,1002,2022-09-22 21:33:21,3500957.61,EGRESO
7105,1,1001,2,1002,2022-09-23 10:05:18,6347121.63,INGRESO
7106,1,1001,2,1002,2022-09-23 17:09:50,8177191.06,EGRESO
7107,1,1001,2,1002,2022-09-23 17:13:25,1961614.06,INGRESO
7108,1,1001,2,1002,2022-09-23 17:42:13,1266219.51,EGRESO
7109,1,1001,2,1002,2022-09-24 07:12:26,1166792.63,INGRESO
7110,1,1001,2,1002,2022-09-24 17:10:43,1853018.70,INGRESO
7111,1,1001,2,1002,2022-09-24 18:31:54,4260178.89,INGRESO
7112,1,1001,2,1002,2022-09-24 18:52:42,3952064.80,EGRESO
7113,1,1001,2,1002,2022-09-24 21:33:10,728167.66,INGRESO
7114,1,1001,2,1002,2022-09-25 05:15:59,3715347.24,INGRESO
7115,1,1001,2,1002,2022-09-25 06:09:36,9817937.59,EGRESO
7116,1,1001,2,1002,2022-09-25 08:28:48,1453814.90,EGRESO
7117,1,1001,2,1002,2022-09-25 18:12:38,1134796.53,EGRESO
7118,1,1001,2,1002,2022-09-26 02:32:05,5198021.58,EGRESO
7119,1,1001,2,1002,2022-09-26 02:40:06,7487825.11,INGRESO
7120,1,1001,2,1002,2022-09-26 03:39:24,401655.56,EGRESO
7121,1,1001,2,1002,2022-09-26 12:48:28,7227515.91,INGRESO
7122,1,1001,2,1002,2022-09-26 13:57:38,9094627.27,EGRESO
7123,1,1001,2,1002,2022-09-26 14:41:13,8206490.95,EGRESO
7124,1,1001,2,1002,2022-09-27 12:13:04,535335.92,INGRESO
7125,1,1001,2,1002,2022-09-27 12:48:56,8075264.25,EGRESO
7126,1,1001,2,1002,2022-09-27 12:53:31,8176654.98,INGRESO
7127,1,1001,2,1002,2022-09-27 15:28:47,3811179.79,INGRESO
7128,1,1001,2,1002,2022-09-28 05:32:45,2288195.73,INGRESO
7129,1,1001,2,1002,2022-09-28 14:16:09,7878254.85,INGRESO
7130,1,1001,2,1002,2022-09-28 16:56:26,7551314.78,EGRESO
7131,1,1001,2,1002,2022-09-28 19:56:55,3710797.31,INGRESO
7132,1,1001,2,1002,2022-09-28 20:50:48,3803826.67,INGRESO
7133,1,1001,2,1002,2022-09-28 23:30:06,8049603.52,EGRESO
7134,1,1001,2,1002,2022-09-29 00:14:00,3926973.78,EGRESO
7135,1,1001,2,1002,2022-09-29 01:30:58,7443102.12,INGRESO
7136,1,1001,2,1002,2022-09-29 12:54:21,5922173.06,INGRESO
7137,1,1001,2,1002,2022-09-29 17:21:35,7459912.90,EGRESO
7138,1,1001,2,1002,2022-09-30 14:37:24,7347151.17,EGRESO
7139,1,1001,2,1002,2022-09-30 15:44:57,9042991.35,INGRESO
7140,1,1001,2,1002,2022-09-30 18:31:43,6838728.84,EGRESO
7141,1,1001,2,1002,2022-09-30 22:56:09,9256753.89,INGRESO
7142,1,1001,2,1002,2022-10-01 05:41:48,21485.28,EGRESO
7143,1,1001,2,1002,2022-10-01 10:51:28,2994173.14,INGRESO
7144,1,1001,2,1002,2022-10-01 20:10:42,145397.78,EGRESO
7145,1,1001,2,1002,2022-10-01 22:33:52,6163557.95,INGRESO
7146,1,1001,2,1002,2022-10-01 23:45:10,6742954.79,INGRESO
7147,1,1001,2,1002,2022-10-02 00:08:33,6320745.97,INGRESO
7148,1,1001,2,1002,2022-10-02 05:17:26,708799.09,INGRESO
7149,1,1001,2,1002,2022-10-02 13:19:12,7500208.76,INGRESO
7150,1,1001,2,1002,2022-10-02 22:48:41,6373719.81,EGRESO
7151,1,1001,2,1002,2022-10-03 07:59:53,714844.63,INGRESO
7152,1,1001,2,1002,2022-10-03 11:53:30,6056967.67,INGRESO
7153,1,1001,2,1002,2022-10-03 14:31:09,2862756.35,INGRESO
7154,1,1001,2,1002,2022-10-03 20:48:18,8752259.14,EGRESO
7155,1,1001,2,1002,2022-10-03 21:28:55,9468482.56,EGRESO
7156,1,1001,2,1002,2022-10-04 05:41:40,8365858.45,EGRESO
7157,1,1001,2,1002,2022-10-04 12:22:52,3310024.40,EGRESO
7158,1,1001,2,1002,2022-10-04 14:39:19,2791236.23,INGRESO
7159,1,1001,2,1002,2022-10-04 20:00:09,352082.71,INGRESO
7160,1,1001,2,1002,2022-10-04 20:05:39,1341641.51,INGRESO
7161,1,1001,2,1002,2022-10-05 04:12:08,923631.93,EGRESO
7162,1,1001,2,1002,2022-10-05 06:38:29,4036798.80,INGRESO
7163,1,1001,2,1002,2022-10-05 10:24:01,6097356.52,INGRESO
7164,1,1001,2,1002,2022-10-05 23:41:54,2653177.98,INGRESO
7165,1,1001,2,1002,2022-10-06 00:58:26,8367710.74,EGRESO
7166,1,1001,2,1002,2022-10-06 04:57:03,3263437.67,EGRESO
7167,1,1001,2,1002,2022-10-06 11:46:04,3749590.31,INGRESO
7168,1,1001,2,1002,2022-10-06 22:26:30,3962442.47,INGRESO
7169,1,1001,2,1002,2022-10-07 10:00:02,1423277.78,INGRESO
7170,1,1001,2,1002,2022-10-07 16:02:58,9614043.69,EGRESO
7171,1,1001,2,1002,2022-10-07 17:27:44,4931030.62,EGRESO
7172,1,1001,2,1002,2022-10-07 18:02:52,1750537.80,INGRESO
7173,1,1001,2,1002,2022-10-08 00:43:19,9043831.56,EGRESO
7174,1,1001,2,1002,2022-10-08 12:44:14,2968619.93,EGRESO
7175,1,1001,2,1002,2022-10-08 13:13:57,8302388.55,EGRESO
7176,1,1001,2,1002,2022-10-08 18:59:09,1171122.83,EGRESO
7177,1,1001,2,1002,2022-10-08 19:22:06,175317.17,INGRESO
7178,1,1001,2,1002,2022-10-08 19:59:17,4797733.84,INGRESO
7179,1,1001,2,1002,2022-10-09 04:13:57,6054136.50,EGRESO
7180,1,1001,2,1002,2022-10-09 11:50:11,857471.73,INGRESO
7181,1,1001,2,1002,2022-10-09 12:06:37,814218.48,INGRESO
7182,1,1001,2,1002,2022-10-09 17:21:50,9453120.24,INGRESO
7183,1,1001,2,1002,2022-10-09 23:16:17,8945338.63,INGRESO
7184,1,1001,2,1002,2022-10-10 09:16:04,299861.85,EGRESO
7185,1,1001,2,1002,2022-10-10 14:05:40,3353204.44,EGRESO
7186,1,1001,2,1002,2022-10-10 20:34:55,644759.03,INGRESO
7187,1,1001,2,1002,2022-10-10 22:10:42,37884.52,EGRESO
7188,1,1001,2,1002,2022-10-10 22:11:56,1483206.97,EGRESO
7189,1,1001,2,1002,2022-10-11 00:36:36,9202570.41,EGRESO
7190,1,1001,2,1002,2022-10-11 02:26:47,9896337.33,EGRESO
7191,1,1001,2,1002,2022-10-11 09:29:17,5687420.82,INGRESO
7192,1,1001,2,1002,2022-10-11 13:12:40,7503875.10,EGRESO
7193,1,1001,2,1002,2022-10-11 13:29:20,9797462.00,INGRESO
7194,1,1001,2,1002,2022-10-11 14:06:57,6088844.83,INGRESO
7195,1,1001,2,1002,2022-10-12 00:26:12,9432978.72,EGRESO
7196,1,1001,2,1002,2022-10-12 10:02:32,270367.29,EGRESO
7197,1,1001,2,1002,2022-10-12 12:06:04,9676694.28,INGRESO
7198,1,1001,2,1002,2022-10-12 19:37:20,5569115.46,EGRESO
7199,1,1001,2,1002,2022-10-12 22:52:36,8010847.94,INGRESO
7200,1,1001,2,1002,2022-10-13 00:47:31,5352022.73,EGRESO
7201,1,1001,2,1002,2022-10-13 05:50:00,5411895.68,INGRESO
7202,1,1001,2,1002,2022-10-13 10:29:00,9786442.13,INGRESO
7203,1,1001,2,1002,2022-10-13 13:44:08,2246547.18,INGRESO
7204,1,1001,2,1002,2022-10-13 18:01:25,5301279.49,EGRESO
7205,1,1001,2,1002,2022-10-14 02:09:55,6674966.32,INGRESO
7206,1,1001,2,1002,2022-10-14 02:45:25,2728786.60,INGRESO
7207,1,1001,2,1002,2022-10-14 05:07:06,812301.59,INGRESO
7208,1,1001,2,1002,2022-10-14 05:20:53,7606075.92,INGRESO
7209,1,1001,2,1002,2022-10-14 07:01:56,1857377.51,EGRESO
7210,1,1001,2,1002,2022-10-14 07:38:06,8535322.23,EGRESO
7211,1,1001,2,1002,2022-10-14 08:18:02,9809726.48,EGRESO
7212,1,1001,2,1002,2022-10-14 11:19:39,1241036.89,INGRESO
7213,1,1001,2,1002,2022-10-15 02:05:48,5984206.09,EGRESO
7214,1,1001,2,1002,2022-10-15 07:59:00,1960569.72,INGRESO
7215,1,1001,2,1002,2022-10-15 09:36:21,2013877.87,EGRESO
7216,1,1001,2,1002,2022-10-15 15:53:49,8641313.96,INGRESO
7217,1,1001,2,1002,2022-10-16 03:53:59,4849067.92,INGRESO
7218,1,1001,2,1002,2022-10-16 04:26:30,7598692.60,INGRESO
7219,1,1001,2,1002,2022-10-16 05:14:23,2936004.88,EGRESO
7220,1,1001,2,1002,2022-10-16 20:03:26,9956170.77,EGRESO
7221,1,1001,2,1002,2022-10-17 03:15:42,5914102.76,EGRESO
7222,1,1001,2,1002,2022-10-17 05:24:32,1171836.46,EGRESO
7223,1,1001,2,1002,2022-10-17 07:01:28,6130187.08,EGRESO
7224,1,1001,2,1002,2022-10-17 15:48:09,6079017.94,EGRESO
7225,1,1001,2,1002,2022-10-17 20:03:19,6105158.52,EGRESO
7226,1,1001,2,1002,2022-10-18 01:27:05,6269073.50,INGRESO
7227,1,1001,2,1002,2022-10-18 03:23:31,8796948.06,EGRESO
7228,1,1001,2,1002,2022-10-18 14:02:42,7828106.02,INGRESO
7229,1,1001,2,1002,2022-10-18 15:22:21,3988828.66,EGRESO
7230,1,1001,2,1002,2022-10-18 18:05:25,4916660.58,INGRESO
7231,1,1001,2,1002,2022-10-19 04:35:56,3257119.14,INGRESO
7232,1,1001,2,1002,2022-10-19 06:32:04,4084794.79,INGRESO
7233,1,1001,2,1002,2022-10-19 21:44:08,9791461.74,INGRESO
7234,1,1001,2,1002,2022-10-19 22:55:18,9412727.29,EGRESO
7235,1,1001,2,1002,2022-10-20 01:23:13,4909593.63,EGRESO
7236,1,1001,2,1002,2022-10-20 02:02:12,8948356.44,INGRESO
7237,1,1001,2,1002,2022-10-20 03:03:43,3628618.88,EGRESO
7238,1,1001,2,1002,2022-10-20 10:59:03,9954996.81,INGRESO
7239,1,1001,2,1002,2022-10-21 00:47:36,5418371.15,EGRESO
7240,1,1001,2,1002,2022-10-21 01:25:13,166366.78,EGRESO
7241,1,1001,2,1002,2022-10-21 04:31:23,4397604.14,INGRESO
7242,1,1001,2,1002,2022-10-21 05:50:30,6240351.21,INGRESO
7243,1,1001,2,1002,2022-10-22 04:05:24,8885582.42,INGRESO
7244,1,1001,2,1002,2022-10-22 06:08:01,8393835.09,EGRESO
7245,1,1001,2,1002,2022-10-22 11:56:06,8714781.41,INGRESO
7246,1,1001,2,1002,2022-10-22 16:52:14,3784338.26,INGRESO
7247,1,1001,2,1002,2022-10-22 22:56:28,9158972.76,INGRESO
7248,1,1001,2,1002,2022-10-23 03:53:59,8576520.81,EGRESO
7249,1,1001,2,1002,2022-10-23 05:53:57,8917111.73,EGRESO
7250,1,1001,2,1002,2022-10-23 06:35:14,9784070.12,INGRESO
7251,1,1001,2,1002,2022-10-23 07:11:20,6024666.33,EGRESO
7252,1,1001,2,1002,2022-10-24 07:12:36,7491328.80,INGRESO
7253,1,1001,2,1002,2022-10-24 13:01:53,400261.09,INGRESO
7254,1,1001,2,1002,2022-10-24 13:07:49,3608020.23,EGRESO
7255,1,1001,2,1002,2022-10-24 22:10:56,8171535.90,INGRESO
7256,1,1001,2,1002,2022-10-25 04:24:05,7307398.34,EGRESO
7257,1,1001,2,1002,2022-10-25 11:50:36,239438.58,INGRESO
7258,1,1001,2,1002,2022-10-25 14:13:55,6587158.28,EGRESO
7259,1,1001,2,1002,2022-10-25 14:53:30,765508.27,INGRESO
7260,1,1001,2,1002,2022-10-25 15:49:05,4674961.62,INGRESO
7261,1,1001,2,1002,2022-10-26 08:28:13,747055.14,EGRESO
7262,1,1001,2,1002,2022-10-26 09:13:22,2945707.90,INGRESO
7263,1,1001,2,1002,2022-10-26 16:14:38,8498793.12,EGRESO
7264,1,1001,2,1002,2022-10-26 17:35:17,5145023.60,INGRESO
7265,1,1001,2,1002,2022-10-27 00:53:27,4042442.65,EGRESO
7266,1,1001,2,1002,2022-10-27 05:32:34,4491210.72,INGRESO
7267,1,1001,2,1002,2022-10-27 06:01:40,6728027.85,EGRESO
7268,1,1001,2,1002,2022-10-27 06:22:30,6295785.89,EGRESO
7269,1,1001,2,1002,2022-10-27 06:32:59,8382124.38,INGRESO
7270,1,1001,2,1002,2022-10-28 02:08:44,7754930.67,INGRESO
7271,1,1001,2,1002,2022-10-28 12:46:48,9833227.52,INGRESO
7272,1,1001,2,1002,2022-10-28 16:13:16,8528208.81,EGRESO
7273,1,1001,2,1002,2022-10-28 19:18:16,197785.22,INGRESO
7274,1,1001,2,1002,2022-10-28 22:47:35,376297.52,INGRESO
7275,1,1001,2,1002,2022-10-28 23:51:22,2756819.13,INGRESO
7276,1,1001,2,1002,2022-10-29 00:30:09,4591162.06,INGRESO
7277,1,1001,2,1002,2022-10-29 01:13:18,3822432.89,INGRESO
7278,1,1001,2,1002,2022-10-29 16:00:16,5502924.35,INGRESO
7279,1,1001,2,1002,2022-10-29 19:55:39,6197448.04,INGRESO
7280,1,1001,2,1002,2022-10-29 20:57:36,2839048.22,EGRESO
7281,1,1001,2,1002,2022-10-29 22:39:13,8606858.83,EGRESO
7282,1,1001,2,1002,2022-10-30 00:50:16,4821583.86,EGRESO
7283,1,1001,2,1002,2022-10-30 12:16:08,4420014.77,INGRESO
7284,1,1001,2,1002,2022-10-30 15:58:59,1155574.26,EGRESO
7285,1,1001,2,1002,2022-10-30 16:26:30,9412563.87,EGRESO
7286,1,1001,2,1002,2022-10-30 21:52:55,40939.83,EGRESO
7287,1,1001,2,1002,2022-10-30 23:03:31,1973990.21,INGRESO
7288,1,1001,2,1002,2022-10-31 01:45:06,6493919.12,INGRESO
7289,1,1001,2,1002,2022-10-31 05:22:08,1515331.37,INGRESO
7290,1,1001,2,1002,2022-10-31 14:24:55,4069457.81,INGRESO
7291,1,1001,2,1002,2022-10-31 18:37:04,6778961.64,INGRESO
7292,1,1001,2,1002,2022-11-01 05:11:13,9778263.19,INGRESO
7293,1,1001,2,1002,2022-11-01 18:05:11,4556331.59,INGRESO
7294,1,1001,2,1002,2022-11-01 18:48:23,9903186.22,EGRESO
7295,1,1001,2,1002,2022-11-01 20:25:07,4772011.86,INGRESO
7296,1,1001,2,1002,2022-11-02 00:10:03,2835120.11,EGRESO
7297,1,1001,2,1002,2022-11-02 05:42:09,4788600.33,EGRESO
7298,1,1001,2,1002,2022-11-02 06:22:23,2403173.25,INGRESO
7299,1,1001,2,1002,2022-11-02 13:57:21,7315209.54,INGRESO
7300,1,1001,2,1002,2022-11-02 23:31:30,6511513.16,INGRESO
7301,1,1001,2,1002,2022-11-03 00:12:15,2051632.97,EGRESO
7302,1,1001,2,1002,2022-11-03 13:10:42,4876961.39,INGRESO
7303,1,1001,2,1002,2022-11-03 15:04:37,9499752.75,INGRESO
7304,1,1001,2,1002,2022-11-03 18:12:56,8590794.97,EGRESO
7305,1,1001,2,1002,2022-11-03 18:44:40,9887058.60,INGRESO
7306,1,1001,2,1002,2022-11-04 06:52:59,5096811.20,INGRESO
7307,1,1001,2,1002,2022-11-04 12:09:06,9536755.84,EGRESO
7308,1,1001,2,1002,2022-11-04 13:51:16,5194306.69,EGRESO
7309,1,1001,2,1002,2022-11-04 14:53:00,1322753.41,EGRESO
7310,1,1001,2,1002,2022-11-04 20:44:55,7523819.24,EGRESO
7311,1,1001,2,1002,2022-11-05 05:52:17,6361500.02,INGRESO
7312,1,1001,2,1002,2022-11-05 17:27:36,6944357.35,EGRESO
7313,1,1001,2,1002,2022-11-05 21:07:10,6390103.44,INGRESO
7314,1,1001,2,1002,2022-11-05 22:23:55,2474513.34,INGRESO
7315,1,1001,2,1002,2022-11-06 06:56:56,4196212.18,INGRESO
7316,1,1001,2,1002,2022-11-06 07:40:50,9874824.44,EGRESO
7317,1,1001,2,1002,2022-11-06 09:47:31,1279602.35,INGRESO
7318,1,1001,2,1002,2022-11-06 11:31:04,1479515.13,INGRESO
7319,1,1001,2,1002,2022-11-06 13:42:41,8008353.09,INGRESO
7320,1,1001,2,1002,2022-11-06 22:22:37,92190.93,EGRESO
7321,1,1001,2,1002,2022-11-07 00:09:21,6839855.30,EGRESO
7322,1,1001,2,1002,2022-11-07 11:35:16,9631231.35,EGRESO
7323,1,1001,2,1002,2022-11-07 11:52:49,8679266.04,EGRESO
7324,1,1001,2,1002,2022-11-07 21:06:47,1921302.97,INGRESO
7325,1,1001,2,1002,2022-11-07 23:23:32,3671976.97,EGRESO
7326,1,1001,2,1002,2022-11-08 09:32:58,248802.31,EGRESO
7327,1,1001,2,1002,2022-11-08 12:15:47,2823365.52,EGRESO
7328,1,1001,2,1002,2022-11-08 20:23:00,7281142.98,EGRESO
7329,1,1001,2,1002,2022-11-08 22:14:29,8724268.41,INGRESO
7330,1,1001,2,1002,2022-11-09 05:46:08,6912244.03,INGRESO
7331,1,1001,2,1002,2022-11-09 17:47:40,8244565.90,INGRESO
7332,1,1001,2,1002,2022-11-09 19:52:48,2249690.14,EGRESO
7333,1,1001,2,1002,2022-11-09 20:53:04,8545427.41,INGRESO
7334,1,1001,2,1002,2022-11-10 01:41:25,9305281.62,EGRESO
7335,1,1001,2,1002,2022-11-10 03:01:15,7302780.29,EGRESO
7336,1,1001,2,1002,2022-11-10 05:25:40,1738680.13,EGRESO
7337,1,1001,2,1002,2022-11-10 10:00:59,4896207.06,INGRESO
7338,1,1001,2,1002,2022-11-10 17:54:52,6105843.06,EGRESO
7339,1,1001,2,1002,2022-11-11 03:00:28,5843788.90,INGRESO
7340,1,1001,2,1002,2022-11-11 15:05:08,1103674.93,INGRESO
7341,1,1001,2,1002,2022-11-11 15:35:10,917760.36,EGRESO
7342,1,1001,2,1002,2022-11-11 20:52:27,1040701.82,EGRESO
7343,1,1001,2,1002,2022-11-12 00:09:32,3854572.85,EGRESO
7344,1,1001,2,1002,2022-11-12 10:42:26,5539660.52,INGRESO
7345,1,1001,2,1002,2022-11-12 15:33:24,778003.27,EGRESO
7346,1,1001,2,1002,2022-11-12 18:28:52,595352.36,INGRESO
7347,1,1001,2,1002,2022-11-12 21:21:16,8742794.80,EGRESO
7348,1,1001,2,1002,2022-11-13 03:10:38,6925835.95,EGRESO
7349,1,1001,2,1002,2022-11-13 03:44:47,2102723.50,INGRESO
7350,1,1001,2,1002,2022-11-13 04:51:51,6173610.84,EGRESO
7351,1,1001,2,1002,2022-11-13 13:42:21,6753710.33,INGRESO
7352,1,1001,2,1002,2022-11-13 21:26:37,3248345.32,EGRESO
7353,1,1001,2,1002,2022-11-14 04:08:21,7636230.71,EGRESO
7354,1,1001,2,1002,2022-11-14 10:04:19,2970008.32,INGRESO
7355,1,1001,2,1002,2022-11-14 15:51:04,3325525.16,EGRESO
7356,1,1001,2,1002,2022-11-14 22:04:08,1874437.25,INGRESO
7357,1,1001,2,1002,2022-11-15 02:57:43,9882616.33,INGRESO
7358,1,1001,2,1002,2022-11-15 09:20:33,7433291.25,EGRESO
7359,1,1001,2,1002,2022-11-15 16:05:07,9841054.57,INGRESO
7360,1,1001,2,1002,2022-11-15 16:20:39,974463.99,EGRESO
7361,1,1001,2,1002,2022-11-16 01:17:57,1418306.74,INGRESO
7362,1,1001,2,1002,2022-11-16 03:33:09,1058202.37,INGRESO
7363,1,1001,2,1002,2022-11-16 13:24:40,2918770.21,EGRESO
7364,1,1001,2,1002,2022-11-16 23:37:11,1104737.29,EGRESO
7365,1,1001,2,1002,2022-11-17 02:22:04,511796.14,INGRESO
7366,1,1001,2,1002,2022-11-17 07:48:35,5823634.19,INGRESO
7367,1,1001,2,1002,2022-11-17 10:53:51,3401599.11,INGRESO
7368,1,1001,2,1002,2022-11-17 17:58:50,1314914.55,EGRESO
7369,1,1001,2,1002,2022-11-18 07:29:20,850403.05,EGRESO
7370,1,1001,2,1002,2022-11-18 09:23:55,3248274.57,EGRESO
7371,1,1001,2,1002,2022-11-18 10:07:04,9138449.58,EGRESO
7372,1,1001,2,1002,2022-11-18 13:29:23,8844322.48,INGRESO
7373,1,1001,2,1002,2022-11-18 23:49:22,3962818.29,INGRESO
7374,1,1001,2,1002,2022-11-19 15:32:15,6719751.12,INGRESO
7375,1,1001,2,1002,2022-11-19 18:14:03,836715.61,EGRESO
7376,1,1001,2,1002,2022-11-19 18:29:33,836568.22,INGRESO
7377,1,1001,2,1002,2022-11-19 19:11:18,6615428.08,INGRESO
7378,1,1001,2,1002,2022-11-19 20:49:01,9800836.30,INGRESO
7379,1,1001,2,1002,2022-11-20 10:06:29,6091667.31,EGRESO
7380,1,1001,2,1002,2022-11-20 16:36:37,5288440.19,INGRESO
7381,1,1001,2,1002,2022-11-20 23:24:48,1858156.18,EGRESO
7382,1,1001,2,1002,2022-11-20 23:34:25,9461063.26,EGRESO
7383,1,1001,2,1002,2022-11-21 04:19:05,2395985.88,EGRESO
7384,1,1001,2,1002,2022-11-21 11:34:01,3510631.98,INGRESO
7385,1,1001,2,1002,2022-11-21 14:36:33,3205315.61,INGRESO
7386,1,1001,2,1002,2022-11-21 17:12:47,5293197.50,EGRESO
7387,1,1001,2,1002,2022-11-22 01:41:12,2593385.30,EGRESO
7388,1,1001,2,1002,2022-11-22 01:56:55,7615994.09,INGRESO
7389,1,1001,2,1002,2022-11-22 05:16:31,5857245.49,EGRESO
7390,1,1001,2,1002,2022-11-22 10:44:48,4486728.89,INGRESO
7391,1,1001,2,1002,2022-11-23 04:46:30,9447167.93,EGRESO
7392,1,1001,2,1002,2022-11-23 12:48:07,378974.66,INGRESO
7393,1,1001,2,1002,2022-11-23 19:41:43,1840730.12,INGRESO
7394,1,1001,2,1002,2022-11-23 21:54:54,6946465.30,INGRESO
7395,1,1001,2,1002,2022-11-24 09:04:10,7997652.85,EGRESO
7396,1,1001,2,1002,2022-11-24 09:27:21,2865605.60,INGRESO
7397,1,1001,2,1002,2022-11-24 13:42:30,5450553.60,EGRESO
7398,1,1001,2,1002,2022-11-24 18:26:12,7196380.00,EGRESO
7399,1,1001,2,1002,2022-11-24 23:11:14,2714858.35,INGRESO
7400,1,1001,2,1002,2022-11-25 00:55:51,7164227.32,EGRESO
7401,1,1001,2,1002,2022-11-25 01:12:39,2952574.78,INGRESO
7402,1,1001,2,1002,2022-11-25 03:09:48,1433758.95,EGRESO
7403,1,1001,2,1002,2022-11-25 16:11:43,3045603.44,EGRESO
7404,1,1001,2,1002,2022-11-25 17:24:00,6779910.66,EGRESO
7405,1,1001,2,1002,2022-11-26 01:15:10,1375211.07,EGRESO
7406,1,1001,2,1002,2022-11-26 02:58:40,2316187.13,INGRESO
7407,1,1001,2,1002,2022-11-26 07:50:34,1044505.21,INGRESO
7408,1,1001,2,1002,2022-11-26 16:54:50,3723502.12,INGRESO
7409,1,1001,2,1002,2022-11-27 02:55:51,4908269.38,INGRESO
7410,1,1001,2,1002,2022-11-27 10:35:41,2225607.81,EGRESO
7411,1,1001,2,1002,2022-11-27 12:29:47,5450433.16,EGRESO
7412,1,1001,2,1002,2022-11-27 17:04:36,7037177.55,EGRESO
7413,1,1001,2,1002,2022-11-27 21:52:19,4165628.65,EGRESO
7414,1,1001,2,1002,2022-11-28 04:22:20,1221831.12,EGRESO
7415,1,1001,2,1002,2022-11-28 04:58:27,1290845.18,INGRESO
7416,1,1001,2,1002,2022-11-28 06:44:48,5859326.38,EGRESO
7417,1,1001,2,1002,2022-11-28 22:09:51,129925.65,EGRESO
7418,1,1001,2,1002,2022-11-28 23:29:29,3748287.47,INGRESO
7419,1,1001,2,1002,2022-11-29 06:46:10,4392837.72,INGRESO
7420,1,1001,2,1002,2022-11-29 09:28:35,4778153.47,EGRESO
7421,1,1001,2,1002,2022-11-29 12:14:45,9176679.23,EGRESO
7422,1,1001,2,1002,2022-11-29 18:12:35,1513003.32,EGRESO
7423,1,1001,2,1002,2022-11-29 23:29:11,2040049.03,INGRESO
7424,1,1001,2,1002,2022-11-30 05:57:48,2196545.29,INGRESO
7425,1,1001,2,1002,2022-11-30 05:58:47,22760.65,INGRESO
7426,1,1001,2,1002,2022-11-30 08:07:25,9964219.58,INGRESO
7427,1,1001,2,1002,2022-11-30 08:08:58,5568092.82,EGRESO
7428,1,1001,2,1002,2022-11-30 17:15:14,1699134.31,INGRESO
7429,1,1001,2,1002,2022-12-01 02:13:06,7683556.42,EGRESO
7430,1,1001,2,1002,2022-12-01 05:51:52,3268015.81,INGRESO
7431,1,1001,2,1002,2022-12-01 08:03:07,5308051.83,INGRESO
7432,1,1001,2,1002,2022-12-01 09:06:32,1046788.77,EGRESO
7433,1,1001,2,1002,2022-12-01 09:27:01,4808637.69,EGRESO
7434,1,1001,2,1002,2022-12-02 02:17:48,9924858.52,INGRESO
7435,1,1001,2,1002,2022-12-02 10:59:35,9326880.86,EGRESO
7436,1,1001,2,1002,2022-12-02 13:56:57,2829864.52,EGRESO
7437,1,1001,2,1002,2022-12-02 19:24:15,3926992.93,INGRESO
7438,1,1001,2,1002,2022-12-02 22:18:49,5702815.61,INGRESO
7439,1,1001,2,1002,2022-12-02 22:58:02,661974.96,INGRESO
7440,1,1001,2,1002,2022-12-03 03:34:48,16977.74,INGRESO
7441,1,1001,2,1002,2022-12-03 07:43:38,568096.54,EGRESO
7442,1,1001,2,1002,2022-12-03 15:09:28,6373581.44,EGRESO
7443,1,1001,2,1002,2022-12-03 16:08:56,7885596.50,EGRESO
7444,1,1001,2,1002,2022-12-03 22:44:32,4372117.79,EGRESO
7445,1,1001,2,1002,2022-12-04 02:12:03,2868257.70,EGRESO
7446,1,1001,2,1002,2022-12-04 08:26:53,2162013.75,EGRESO
7447,1,1001,2,1002,2022-12-04 11:23:13,5428622.71,EGRESO
7448,1,1001,2,1002,2022-12-04 13:57:51,4176348.71,EGRESO
7449,1,1001,2,1002,2022-12-04 17:05:58,9383950.93,INGRESO
7450,1,1001,2,1002,2022-12-05 07:08:01,2326886.05,EGRESO
7451,1,1001,2,1002,2022-12-05 16:52:08,1112956.66,INGRESO
7452,1,1001,2,1002,2022-12-05 17:30:28,1353314.00,EGRESO
7453,1,1001,2,1002,2022-12-05 19:17:51,2486805.19,INGRESO
7454,1,1001,2,1002,2022-12-05 23:45:35,4311229.87,EGRESO
7455,1,1001,2,1002,2022-12-06 04:21:34,8213757.09,EGRESO
7456,1,1001,2,1002,2022-12-06 05:50:36,3777131.44,EGRESO
7457,1,1001,2,1002,2022-12-06 09:25:21,9086592.30,EGRESO
7458,1,1001,2,1002,2022-12-06 18:57:23,9841174.67,INGRESO
7459,1,1001,2,1002,2022-12-06 20:10:29,4468999.72,EGRESO
7460,1,1001,2,1002,2022-12-07 04:59:29,6733447.29,EGRESO
7461,1,1001,2,1002,2022-12-07 06:06:26,7563168.66,EGRESO
7462,1,1001,2,1002,2022-12-07 11:35:14,9876351.98,INGRESO
7463,1,1001,2,1002,2022-12-07 14:45:02,5803201.72,EGRESO
7464,1,1001,2,1002,2022-12-08 09:45:07,2797312.32,EGRESO
7465,1,1001,2,1002,2022-12-08 13:23:09,179502.83,INGRESO
7466,1,1001,2,1002,2022-12-08 17:05:47,3904055.34,INGRESO
7467,1,1001,2,1002,2022-12-08 17:07:20,662756.65,INGRESO
7468,1,1001,2,1002,2022-12-08 17:57:19,9341067.16,INGRESO
7469,1,1001,2,1002,2022-12-08 20:30:22,9593624.12,INGRESO
7470,1,1001,2,1002,2022-12-09 03:36:04,5706692.36,INGRESO
7471,1,1001,2,1002,2022-12-09 11:57:36,6886722.48,EGRESO
7472,1,1001,2,1002,2022-12-09 18:06:46,3795777.18,INGRESO
7473,1,1001,2,1002,2022-12-09 20:10:18,8999500.32,EGRESO
7474,1,1001,2,1002,2022-12-09 21:27:31,3375732.38,INGRESO
7475,1,1001,2,1002,2022-12-10 03:28:17,2655889.12,EGRESO
7476,1,1001,2,1002,2022-12-10 05:54:10,5883344.11,INGRESO
7477,1,1001,2,1002,2022-12-10 12:28:52,9479781.73,EGRESO
7478,1,1001,2,1002,2022-12-10 13:23:12,1116171.81,INGRESO
7479,1,1001,2,1002,2022-12-11 04:05:11,3312396.33,INGRESO
7480,1,1001,2,1002,2022-12-11 05:06:34,705734.48,EGRESO
7481,1,1001,2,1002,2022-12-11 13:49:28,2255464.10,INGRESO
7482,1,1001,2,1002,2022-12-11 18:09:21,8265811.72,INGRESO
7483,1,1001,2,1002,2022-12-12 10:17:22,3667503.03,INGRESO
7484,1,1001,2,1002,2022-12-12 12:01:27,5461852.00,INGRESO
7485,1,1001,2,1002,2022-12-12 14:01:07,8710135.72,INGRESO
7486,1,1001,2,1002,2022-12-12 19:55:59,7133174.31,INGRESO
7487,1,1001,2,1002,2022-12-12 21:02:07,2560680.63,INGRESO
7488,1,1001,2,1002,2022-12-12 21:12:01,4964011.75,INGRESO
7489,1,1001,2,1002,2022-12-13 01:02:37,387566.80,INGRESO
7490,1,1001,2,1002,2022-12-13 06:29:18,7583890.36,INGRESO
7491,1,1001,2,1002,2022-12-13 11:25:37,2805028.93,INGRESO
7492,1,1001,2,1002,2022-12-13 11:34:19,4262611.01,EGRESO
7493,1,1001,2,1002,2022-12-14 04:30:52,7640678.76,INGRESO
7494,1,1001,2,1002,2022-12-14 07:26:53,5805593.80,INGRESO
7495,1,1001,2,1002,2022-12-14 10:20:55,9685301.27,EGRESO
7496,1,1001,2,1002,2022-12-14 16:34:30,62947.61,EGRESO
7497,1,1001,2,1002,2022-12-14 16:41:10,1242785.82,EGRESO
7498,1,1001,2,1002,2022-12-14 22:55:07,4311623.31,EGRESO
7499,1,1001,2,1002,2022-12-15 13:11:30,4982776.91,EGRESO
7500,1,1001,2,1002,2022-12-15 13:27:07,4239700.67,EGRESO
7501,1,1001,2,1002,2022-12-15 17:30:07,2060175.27,EGRESO
7502,1,1001,2,1002,2022-12-15 20:29:56,8073727.97,INGRESO
7503,1,1001,2,1002,2022-12-16 06:22:02,7778987.54,EGRESO
7504,1,1001,2,1002,2022-12-16 07:12:04,8335358.98,INGRESO
7505,1,1001,2,1002,2022-12-16 13:07:11,3695500.43,INGRESO
7506,1,1001,2,1002,2022-12-16 19:46:42,4172061.84,INGRESO
7507,1,1001,2,1002,2022-12-16 23:05:02,162202.39,EGRESO
7508,1,1001,2,1002,2022-12-17 06:51:25,1221786.46,INGRESO
7509,1,1001,2,1002,2022-12-17 06:55:58,5235042.17,INGRESO
7510,1,1001,2,1002,2022-12-17 10:55:58,2687679.70,INGRESO
7511,1,1001,2,1002,2022-12-17 22:01:14,6834700.32,INGRESO
7512,1,1001,2,1002,2022-12-18 00:21:29,8659812.43,INGRESO
7513,1,1001,2,1002,2022-12-18 02:20:38,878547.33,INGRESO
7514,1,1001,2,1002,2022-12-18 07:37:57,647445.15,INGRESO
7515,1,1001,2,1002,2022-12-18 08:53:29,8827180.20,EGRESO
7516,1,1001,2,1002,2022-12-18 10:40:13,1484569.81,EGRESO
7517,1,1001,2,1002,2022-12-18 15:18:34,503927.28,INGRESO
7518,1,1001,2,1002,2022-12-18 21:21:21,5542781.69,INGRESO
7519,1,1001,2,1002,2022-12-19 02:34:54,833293.33,EGRESO
7520,1,1001,2,1002,2022-12-19 07:29:30,7751905.62,EGRESO
7521,1,1001,2,1002,2022-12-19 18:28:34,6962098.38,EGRESO
7522,1,1001,2,1002,2022-12-19 18:44:51,327782.91,EGRESO
7523,1,1001,2,1002,2022-12-19 20:08:23,2662986.84,INGRESO
7524,1,1001,2,1002,2022-12-20 03:40:00,1791968.08,EGRESO
7525,1,1001,2,1002,2022-12-20 04:01:05,2185014.24,EGRESO
7526,1,1001,2,1002,2022-12-20 04:18:07,4303793.47,EGRESO
7527,1,1001,2,1002,2022-12-20 07:01:58,4798778.36,INGRESO
7528,1,1001,2,1002,2022-12-20 08:38:17,9265652.43,INGRESO
7529,1,1001,2,1002,2022-12-20 10:26:17,1356386.59,INGRESO
7530,1,1001,2,1002,2022-12-20 21:08:22,8834560.94,INGRESO
7531,1,1001,2,1002,2022-12-21 00:03:52,4881462.23,INGRESO
7532,1,1001,2,1002,2022-12-21 01:47:34,375583.31,EGRESO
7533,1,1001,2,1002,2022-12-21 03:11:15,111824.58,INGRESO
7534,1,1001,2,1002,2022-12-21 09:42:19,1552949.85,INGRESO
7535,1,1001,2,1002,2022-12-21 15:31:48,777008.18,EGRESO
7536,1,1001,2,1002,2022-12-22 00:19:18,9428660.51,EGRESO
7537,1,1001,2,1002,2022-12-22 10:12:44,2810286.43,INGRESO
7538,1,1001,2,1002,2022-12-22 11:23:45,7051932.93,INGRESO
7539,1,1001,2,1002,2022-12-22 18:45:24,30577.76,EGRESO
7540,1,1001,2,1002,2022-12-22 20:41:51,2223998.59,INGRESO
7541,1,1001,2,1002,2022-12-23 00:28:32,6563954.84,INGRESO
7542,1,1001,2,1002,2022-12-23 06:34:49,9253050.15,INGRESO
7543,1,1001,2,1002,2022-12-23 12:44:38,9804785.25,INGRESO
7544,1,1001,2,1002,2022-12-23 15:08:12,8821117.06,EGRESO
7545,1,1001,2,1002,2022-12-23 19:23:50,8423157.35,INGRESO
7546,1,1001,2,1002,2022-12-23 21:27:47,4943277.52,INGRESO
7547,1,1001,2,1002,2022-12-24 03:42:04,2533316.11,INGRESO
7548,1,1001,2,1002,2022-12-24 06:31:33,2207790.78,INGRESO
7549,1,1001,2,1002,2022-12-24 07:22:52,5883383.38,EGRESO
7550,1,1001,2,1002,2022-12-24 08:09:40,7125635.16,EGRESO
7551,1,1001,2,1002,2022-12-24 20:51:56,2975291.12,INGRESO
7552,1,1001,2,1002,2022-12-25 04:25:41,8373303.93,EGRESO
7553,1,1001,2,1002,2022-12-25 07:39:59,3213330.45,EGRESO
7554,1,1001,2,1002,2022-12-25 09:44:15,5934250.53,INGRESO
7555,1,1001,2,1002,2022-12-25 18:46:15,395402.89,EGRESO
7556,1,1001,2,1002,2022-12-25 21:18:59,964754.56,EGRESO
7557,1,1001,2,1002,2022-12-26 00:58:44,907246.35,INGRESO
7558,1,1001,2,1002,2022-12-26 11:46:40,7787108.99,EGRESO
7559,1,1001,2,1002,2022-12-26 13:59:11,7106434.15,EGRESO
7560,1,1001,2,1002,2022-12-26 14:44:53,9050678.38,EGRESO
7561,1,1001,2,1002,2022-12-27 02:26:58,5358929.41,INGRESO
7562,1,1001,2,1002,2022-12-27 04:01:23,1520883.10,INGRESO
7563,1,1001,2,1002,2022-12-27 15:27:14,784562.07,EGRESO
7564,1,1001,2,1002,2022-12-27 21:43:12,3871181.55,INGRESO
7565,1,1001,2,1002,2022-12-28 05:23:08,5584782.66,EGRESO
7566,1,1001,2,1002,2022-12-28 09:50:42,3980153.81,INGRESO
7567,1,1001,2,1002,2022-12-28 15:34:34,6116190.01,EGRESO
7568,1,1001,2,1002,2022-12-28 18:43:43,9936478.50,EGRESO
7569,1,1001,2,1002,2022-12-29 00:48:13,8782266.84,EGRESO
7570,1,1001,2,1002,2022-12-29 00:59:31,7034218.92,INGRESO
7571,1,1001,2,1002,2022-12-29 01:58:56,615711.15,EGRESO
7572,1,1001,2,1002,2022-12-29 13:15:39,5742058.04,INGRESO
7573,1,1001,2,1002,2022-12-30 15:33:59,3100043.29,EGRESO
7574,1,1001,2,1002,2022-12-30 19:20:44,4703461.81,INGRESO
7575,1,1001,2,1002,2022-12-30 22:41:35,4505046.65,INGRESO
7576,1,1001,2,1002,2022-12-30 23:47:27,2867843.96,EGRESO
7577,1,1001,2,1002,2022-12-31 05:51:58,8727489.84,INGRESO
7578,1,1001,2,1002,2022-12-31 13:18:23,7098642.86,INGRESO
7579,1,1001,2,1002,2022-12-31 13:32:12,4365135.50,INGRESO
7580,1,1001,2,1002,2022-12-31 14:01:29,426688.98,EGRESO
7581,1,1001,2,1002,2023-01-01 04:51:24,9779300.20,EGRESO
7582,1,1001,2,1002,2023-01-01 09:17:12,8276482.33,EGRESO
7583,1,1001,2,1002,2023-01-01 13:04:14,5296782.10,INGRESO
7584,1,1001,2,1002,2023-01-01 13:28:25,8774666.01,INGRESO
7585,1,1001,2,1002,2023-01-01 20:04:15,4771401.92,INGRESO
7586,1,1001,2,1002,2023-01-02 05:09:28,8760719.38,INGRESO
7587,1,1001,2,1002,2023-01-02 05:31:19,4532064.23,EGRESO
7588,1,1001,2,1002,2023-01-02 05:45:31,4833419.34,EGRESO
7589,1,1001,2,1002,2023-01-02 05:55:08,9221315.65,EGRESO
7590,1,1001,2,1002,2023-01-02 19:47:20,6801095.27,INGRESO
7591,1,1001,2,1002,2023-01-03 04:01:09,6735549.82,INGRESO
7592,1,1001,2,1002,2023-01-03 04:32:36,6267208.99,EGRESO
7593,1,1001,2,1002,2023-01-03 05:26:17,375950.80,INGRESO
7594,1,1001,2,1002,2023-01-03 21:25:40,3790038.36,INGRESO
7595,1,1001,2,1002,2023-01-04 05:49:36,3772208.84,EGRESO
7596,1,1001,2,1002,2023-01-04 11:15:38,7522039.01,INGRESO
7597,1,1001,2,1002,2023-01-04 18:18:23,2900618.94,EGRESO
7598,1,1001,2,1002,2023-01-04 20:38:52,6805898.92,EGRESO
7599,1,1001,2,1002,2023-01-05 03:29:51,3567079.42,INGRESO
7600,1,1001,2,1002,2023-01-05 15:01:33,705578.01,EGRESO
7601,1,1001,2,1002,2023-01-05 16:52:09,6771207.84,EGRESO
7602,1,1001,2,1002,2023-01-05 18:04:47,1447283.58,INGRESO
7603,1,1001,2,1002,2023-01-05 20:24:21,1732749.56,EGRESO
7604,1,1001,2,1002,2023-01-05 20:54:52,114634.00,INGRESO
7605,1,1001,2,1002,2023-01-06 00:33:01,9345763.69,INGRESO
7606,1,1001,2,1002,2023-01-06 02:06:54,8314492.91,EGRESO
7607,1,1001,2,1002,2023-01-06 05:06:52,910754.71,INGRESO
7608,1,1001,2,1002,2023-01-06 08:35:56,9025367.06,EGRESO
7609,1,1001,2,1002,2023-01-06 15:23:19,7691523.22,INGRESO
7610,1,1001,2,1002,2023-01-06 19:47:29,9001041.58,INGRESO
7611,1,1001,2,1002,2023-01-07 00:12:33,9656564.05,EGRESO
7612,1,1001,2,1002,2023-01-07 08:37:11,5450509.19,INGRESO
7613,1,1001,2,1002,2023-01-07 08:48:27,9298459.73,INGRESO
7614,1,1001,2,1002,2023-01-07 13:00:46,3589685.88,INGRESO
7615,1,1001,2,1002,2023-01-08 03:22:15,7477014.69,EGRESO
7616,1,1001,2,1002,2023-01-08 08:47:30,8977283.28,EGRESO
7617,1,1001,2,1002,2023-01-08 17:23:00,2472475.65,EGRESO
7618,1,1001,2,1002,2023-01-08 21:26:38,4104709.35,INGRESO
7619,1,1001,2,1002,2023-01-09 01:30:48,1627136.83,INGRESO
7620,1,1001,2,1002,2023-01-09 12:12:57,4853775.43,INGRESO
7621,1,1001,2,1002,2023-01-09 14:06:33,3311100.56,EGRESO
7622,1,1001,2,1002,2023-01-09 15:37:56,5502583.33,EGRESO
7623,1,1001,2,1002,2023-01-09 17:20:38,8981680.39,EGRESO
7624,1,1001,2,1002,2023-01-10 01:46:55,8807212.67,EGRESO
7625,1,1001,2,1002,2023-01-10 08:05:39,3231156.46,INGRESO
7626,1,1001,2,1002,2023-01-10 08:41:45,3059422.20,EGRESO
7627,1,1001,2,1002,2023-01-10 16:28:46,4300044.89,INGRESO
7628,1,1001,2,1002,2023-01-10 18:19:01,8674786.28,INGRESO
7629,1,1001,2,1002,2023-01-11 01:22:10,2128491.67,EGRESO
7630,1,1001,2,1002,2023-01-11 02:31:49,5873312.59,EGRESO
7631,1,1001,2,1002,2023-01-11 06:35:12,8922452.61,INGRESO
7632,1,1001,2,1002,2023-01-11 07:13:00,3019018.23,EGRESO
7633,1,1001,2,1002,2023-01-11 21:59:32,3241159.27,EGRESO
7634,1,1001,2,1002,2023-01-12 02:59:29,9686205.33,INGRESO
7635,1,1001,2,1002,2023-01-12 03:14:05,5593077.34,INGRESO
7636,1,1001,2,1002,2023-01-12 09:27:32,7934713.14,INGRESO
7637,1,1001,2,1002,2023-01-12 12:04:28,3043165.41,INGRESO
7638,1,1001,2,1002,2023-01-12 12:20:09,9751252.21,INGRESO
7639,1,1001,2,1002,2023-01-13 02:42:04,7823659.38,EGRESO
7640,1,1001,2,1002,2023-01-13 02:52:13,4098497.57,INGRESO
7641,1,1001,2,1002,2023-01-13 11:13:58,2786651.19,INGRESO
7642,1,1001,2,1002,2023-01-13 15:25:20,4619376.76,INGRESO
7643,1,1001,2,1002,2023-01-13 23:37:23,8967204.35,EGRESO
7644,1,1001,2,1002,2023-01-14 05:37:56,6964632.24,INGRESO
7645,1,1001,2,1002,2023-01-14 08:53:51,1314331.45,INGRESO
7646,1,1001,2,1002,2023-01-14 16:16:16,9088600.97,EGRESO
7647,1,1001,2,1002,2023-01-14 18:38:50,546002.43,INGRESO
7648,1,1001,2,1002,2023-01-15 03:51:55,1540993.59,INGRESO
7649,1,1001,2,1002,2023-01-15 06:15:54,4744879.22,INGRESO
7650,1,1001,2,1002,2023-01-15 11:07:02,7208052.43,INGRESO
7651,1,1001,2,1002,2023-01-15 11:48:25,5622884.97,EGRESO
7652,1,1001,2,1002,2023-01-15 15:43:36,7965707.81,EGRESO
7653,1,1001,2,1002,2023-01-15 18:41:51,2186.92,EGRESO
7654,1,1001,2,1002,2023-01-16 01:39:12,1311447.25,EGRESO
7655,1,1001,2,1002,2023-01-16 06:02:33,6747429.81,INGRESO
7656,1,1001,2,1002,2023-01-16 15:36:49,7887304.94,INGRESO
7657,1,1001,2,1002,2023-01-16 21:22:26,8484318.29,INGRESO
7658,1,1001,2,1002,2023-01-17 04:27:26,2779180.73,INGRESO
7659,1,1001,2,1002,2023-01-17 05:42:03,5617870.64,INGRESO
7660,1,1001,2,1002,2023-01-17 18:07:22,5748874.92,INGRESO
7661,1,1001,2,1002,2023-01-17 23:35:38,2712537.54,EGRESO
7662,1,1001,2,1002,2023-01-18 01:26:33,6621526.65,INGRESO
7663,1,1001,2,1002,2023-01-18 02:07:32,155508.14,EGRESO
7664,1,1001,2,1002,2023-01-18 10:22:23,7482685.81,EGRESO
7665,1,1001,2,1002,2023-01-18 18:27:19,7317736.97,INGRESO
7666,1,1001,2,1002,2023-01-18 22:45:44,9631926.39,EGRESO
7667,1,1001,2,1002,2023-01-19 01:44:21,7753876.82,EGRESO
7668,1,1001,2,1002,2023-01-19 03:43:49,1606902.89,INGRESO
7669,1,1001,2,1002,2023-01-19 12:12:34,4783132.53,EGRESO
7670,1,1001,2,1002,2023-01-19 18:57:57,5640501.05,EGRESO
7671,1,1001,2,1002,2023-01-20 06:07:12,6921690.79,INGRESO
7672,1,1001,2,1002,2023-01-20 06:57:48,2118060.88,EGRESO
7673,1,1001,2,1002,2023-01-20 08:20:05,5943547.26,INGRESO
7674,1,1001,2,1002,2023-01-20 14:43:29,9997904.11,INGRESO
7675,1,1001,2,1002,2023-01-20 18:35:30,46867.76,INGRESO
7676,1,1001,2,1002,2023-01-21 07:37:36,8248675.81,INGRESO
7677,1,1001,2,1002,2023-01-21 09:25:42,3140691.49,EGRESO
7678,1,1001,2,1002,2023-01-21 15:46:33,6935071.97,EGRESO
7679,1,1001,2,1002,2023-01-21 16:31:29,2891363.00,INGRESO
7680,1,1001,2,1002,2023-01-22 00:07:47,7876666.32,INGRESO
7681,1,1001,2,1002,2023-01-22 03:19:47,5385912.08,INGRESO
7682,1,1001,2,1002,2023-01-22 08:44:38,282901.53,EGRESO
7683,1,1001,2,1002,2023-01-22 17:00:21,633351.95,EGRESO
7684,1,1001,2,1002,2023-01-23 03:40:34,7686040.49,EGRESO
7685,1,1001,2,1002,2023-01-23 07:13:22,9150479.72,INGRESO
7686,1,1001,2,1002,2023-01-23 08:06:33,2319503.42,EGRESO
7687,1,1001,2,1002,2023-01-23 14:30:15,5632265.89,EGRESO
7688,1,1001,2,1002,2023-01-24 03:11:49,8921196.09,INGRESO
7689,1,1001,2,1002,2023-01-24 10:28:27,9515257.64,INGRESO
7690,1,1001,2,1002,2023-01-24 14:51:11,1649417.01,EGRESO
7691,1,1001,2,1002,2023-01-24 19:31:16,7098223.19,EGRESO
7692,1,1001,2,1002,2023-01-25 09:02:07,7752374.17,INGRESO
7693,1,1001,2,1002,2023-01-25 09:41:33,5310655.77,INGRESO
7694,1,1001,2,1002,2023-01-25 12:11:45,4829973.15,EGRESO
7695,1,1001,2,1002,2023-01-25 13:15:53,3131416.96,EGRESO
7696,1,1001,2,1002,2023-01-26 01:22:47,9327762.06,EGRESO
7697,1,1001,2,1002,2023-01-26 08:06:15,3422864.43,INGRESO
7698,1,1001,2,1002,2023-01-26 12:01:17,4590941.77,INGRESO
7699,1,1001,2,1002,2023-01-26 14:35:27,4762384.24,INGRESO
7700,1,1001,2,1002,2023-01-27 02:30:57,984108.27,EGRESO
7701,1,1001,2,1002,2023-01-27 05:40:12,1411480.69,EGRESO
7702,1,1001,2,1002,2023-01-27 15:10:01,3534883.54,INGRESO
7703,1,1001,2,1002,2023-01-27 15:40:53,2433603.69,INGRESO
7704,1,1001,2,1002,2023-01-28 02:04:11,6037934.19,INGRESO
7705,1,1001,2,1002,2023-01-28 02:33:54,7627393.29,INGRESO
7706,1,1001,2,1002,2023-01-28 03:05:19,677801.06,EGRESO
7707,1,1001,2,1002,2023-01-28 19:46:13,5645455.27,EGRESO
7708,1,1001,2,1002,2023-01-29 03:38:11,9181816.65,INGRESO
7709,1,1001,2,1002,2023-01-29 06:59:13,3702077.75,EGRESO
7710,1,1001,2,1002,2023-01-29 09:34:49,8746581.27,EGRESO
7711,1,1001,2,1002,2023-01-29 22:52:51,8273964.15,INGRESO
7712,1,1001,2,1002,2023-01-30 09:12:40,7511074.55,INGRESO
7713,1,1001,2,1002,2023-01-30 13:55:26,652820.08,EGRESO
7714,1,1001,2,1002,2023-01-30 17:47:01,4901145.92,INGRESO
7715,1,1001,2,1002,2023-01-30 18:17:17,5602466.39,INGRESO
7716,1,1001,2,1002,2023-01-31 03:36:41,4876324.42,INGRESO
7717,1,1001,2,1002,2023-01-31 07:03:50,332712.89,INGRESO
7718,1,1001,2,1002,2023-01-31 16:18:24,5341240.19,EGRESO
7719,1,1001,2,1002,2023-01-31 18:02:40,4756423.39,INGRESO
7720,1,1001,2,1002,2023-01-31 20:29:16,7586599.76,EGRESO
7721,1,1001,2,1002,2023-02-01 02:18:38,5532251.32,INGRESO
7722,1,1001,2,1002,2023-02-01 04:37:15,5405380.94,INGRESO
7723,1,1001,2,1002,2023-02-01 10:37:45,2136802.63,EGRESO
7724,1,1001,2,1002,2023-02-01 17:14:24,8028455.80,INGRESO
7725,1,1001,2,1002,2023-02-01 21:27:22,5098721.39,EGRESO
7726,1,1001,2,1002,2023-02-02 02:26:36,1393551.46,EGRESO
7727,1,1001,2,1002,2023-02-02 04:37:33,1813741.88,INGRESO
7728,1,1001,2,1002,2023-02-02 05:08:40,9856127.48,EGRESO
7729,1,1001,2,1002,2023-02-02 15:55:21,6668104.90,INGRESO
7730,1,1001,2,1002,2023-02-02 17:36:36,7284986.57,EGRESO
7731,1,1001,2,1002,2023-02-03 00:54:56,4212318.99,INGRESO
7732,1,1001,2,1002,2023-02-03 01:38:47,8629584.12,INGRESO
7733,1,1001,2,1002,2023-02-03 06:43:47,1504599.62,INGRESO
7734,1,1001,2,1002,2023-02-03 21:02:58,7030404.10,INGRESO
7735,1,1001,2,1002,2023-02-04 02:43:37,814610.16,INGRESO
7736,1,1001,2,1002,2023-02-04 04:06:36,6256295.63,EGRESO
7737,1,1001,2,1002,2023-02-04 08:44:20,6076277.12,INGRESO
7738,1,1001,2,1002,2023-02-04 11:43:30,686376.68,EGRESO
7739,1,1001,2,1002,2023-02-05 01:57:26,9431304.61,INGRESO
7740,1,1001,2,1002,2023-02-05 08:02:46,1728587.44,INGRESO
7741,1,1001,2,1002,2023-02-05 09:46:00,2663455.50,INGRESO
7742,1,1001,2,1002,2023-02-05 21:13:35,7284395.15,EGRESO
7743,1,1001,2,1002,2023-02-06 06:12:33,8012044.03,INGRESO
7744,1,1001,2,1002,2023-02-06 12:40:09,5927059.37,INGRESO
7745,1,1001,2,1002,2023-02-06 13:21:06,7663298.84,INGRESO
7746,1,1001,2,1002,2023-02-06 14:48:20,6122381.03,INGRESO
7747,1,1001,2,1002,2023-02-07 05:53:27,8886062.17,INGRESO
7748,1,1001,2,1002,2023-02-07 10:04:57,7906064.25,EGRESO
7749,1,1001,2,1002,2023-02-07 15:56:20,7715140.89,INGRESO
7750,1,1001,2,1002,2023-02-07 15:56:41,310855.02,INGRESO
7751,1,1001,2,1002,2023-02-08 00:07:51,9403547.32,EGRESO
7752,1,1001,2,1002,2023-02-08 03:19:48,4385359.31,INGRESO
7753,1,1001,2,1002,2023-02-08 04:48:24,2963093.87,EGRESO
7754,1,1001,2,1002,2023-02-08 06:32:27,6218700.16,EGRESO
7755,1,1001,2,1002,2023-02-08 19:48:09,9383664.45,EGRESO
7756,1,1001,2,1002,2023-02-09 05:39:25,7813870.87,EGRESO
7757,1,1001,2,1002,2023-02-09 08:33:47,3376972.95,EGRESO
7758,1,1001,2,1002,2023-02-09 15:40:48,9652057.50,EGRESO
7759,1,1001,2,1002,2023-02-09 23:10:57,2081819.03,EGRESO
7760,1,1001,2,1002,2023-02-09 23:59:40,4567620.70,EGRESO
7761,1,1001,2,1002,2023-02-10 03:20:53,7957168.79,EGRESO
7762,1,1001,2,1002,2023-02-10 04:11:40,4614906.01,EGRESO
7763,1,1001,2,1002,2023-02-10 04:15:33,8316590.04,EGRESO
7764,1,1001,2,1002,2023-02-10 09:29:27,1891133.11,INGRESO
7765,1,1001,2,1002,2023-02-10 13:51:24,7979080.50,INGRESO
7766,1,1001,2,1002,2023-02-11 00:07:54,4385188.30,INGRESO
7767,1,1001,2,1002,2023-02-11 01:32:26,5718598.95,EGRESO
7768,1,1001,2,1002,2023-02-11 05:34:14,7521813.51,EGRESO
7769,1,1001,2,1002,2023-02-11 08:02:46,8734415.81,EGRESO
7770,1,1001,2,1002,2023-02-12 03:03:57,7610201.46,INGRESO
7771,1,1001,2,1002,2023-02-12 11:08:32,5957776.66,INGRESO
7772,1,1001,2,1002,2023-02-12 11:35:21,9185442.87,INGRESO
7773,1,1001,2,1002,2023-02-12 12:52:31,9670976.79,EGRESO
7774,1,1001,2,1002,2023-02-12 21:29:13,266142.12,INGRESO
7775,1,1001,2,1002,2023-02-13 16:05:32,3979408.85,INGRESO
7776,1,1001,2,1002,2023-02-13 20:21:14,1875854.17,INGRESO
7777,1,1001,2,1002,2023-02-13 20:36:07,475949.03,INGRESO
7778,1,1001,2,1002,2023-02-13 21:25:00,4783989.23,INGRESO
7779,1,1001,2,1002,2023-02-13 23:27:03,592380.36,EGRESO
7780,1,1001,2,1002,2023-02-14 07:09:20,8376953.67,EGRESO
7781,1,1001,2,1002,2023-02-14 07:26:00,2147007.91,INGRESO
7782,1,1001,2,1002,2023-02-14 11:19:44,5871442.62,INGRESO
7783,1,1001,2,1002,2023-02-14 18:53:12,4560968.31,INGRESO
7784,1,1001,2,1002,2023-02-14 19:24:45,2982021.17,EGRESO
7785,1,1001,2,1002,2023-02-15 04:36:03,5107498.25,EGRESO
7786,1,1001,2,1002,2023-02-15 12:17:02,9484066.41,EGRESO
7787,1,1001,2,1002,2023-02-15 12:54:55,7749386.46,INGRESO
7788,1,1001,2,1002,2023-02-15 13:36:21,5185033.69,INGRESO
7789,1,1001,2,1002,2023-02-15 17:35:03,5272415.94,EGRESO
7790,1,1001,2,1002,2023-02-16 08:06:09,6140843.68,INGRESO
7791,1,1001,2,1002,2023-02-16 18:35:11,7842591.60,EGRESO
7792,1,1001,2,1002,2023-02-16 20:21:22,4243626.20,EGRESO
7793,1,1001,2,1002,2023-02-16 21:24:36,3792345.15,INGRESO
7794,1,1001,2,1002,2023-02-16 22:33:22,7858705.95,EGRESO
7795,1,1001,2,1002,2023-02-17 00:48:53,2817407.10,INGRESO
7796,1,1001,2,1002,2023-02-17 04:41:07,3480424.58,INGRESO
7797,1,1001,2,1002,2023-02-17 10:06:01,6863329.22,INGRESO
7798,1,1001,2,1002,2023-02-17 18:18:34,5025080.38,EGRESO
7799,1,1001,2,1002,2023-02-17 18:20:45,7301266.78,INGRESO
7800,1,1001,2,1002,2023-02-18 01:35:15,2044387.96,INGRESO
7801,1,1001,2,1002,2023-02-18 06:45:05,4259639.24,EGRESO
7802,1,1001,2,1002,2023-02-18 15:14:50,3296250.38,INGRESO
7803,1,1001,2,1002,2023-02-18 15:38:46,4750177.96,INGRESO
7804,1,1001,2,1002,2023-02-18 19:21:47,9160303.57,EGRESO
7805,1,1001,2,1002,2023-02-18 21:45:54,219689.09,INGRESO
7806,1,1001,2,1002,2023-02-19 04:19:44,3563589.81,INGRESO
7807,1,1001,2,1002,2023-02-19 10:02:28,3926454.54,INGRESO
7808,1,1001,2,1002,2023-02-19 10:40:24,1759078.07,INGRESO
7809,1,1001,2,1002,2023-02-19 16:14:01,175916.60,EGRESO
7810,1,1001,2,1002,2023-02-19 22:52:43,5612711.20,INGRESO
7811,1,1001,2,1002,2023-02-20 09:03:52,8335055.22,EGRESO
7812,1,1001,2,1002,2023-02-20 13:39:11,3235800.96,EGRESO
7813,1,1001,2,1002,2023-02-20 17:20:36,4765055.78,INGRESO
7814,1,1001,2,1002,2023-02-20 18:35:55,5256914.36,EGRESO
7815,1,1001,2,1002,2023-02-20 18:50:15,7902853.54,INGRESO
7816,1,1001,2,1002,2023-02-21 10:34:22,6807782.74,EGRESO
7817,1,1001,2,1002,2023-02-21 13:39:34,3708498.32,EGRESO
7818,1,1001,2,1002,2023-02-21 19:45:11,1199848.25,INGRESO
7819,1,1001,2,1002,2023-02-21 19:48:28,2538866.28,INGRESO
7820,1,1001,2,1002,2023-02-22 01:09:33,389404.41,EGRESO
7821,1,1001,2,1002,2023-02-22 09:20:58,4400603.48,INGRESO
7822,1,1001,2,1002,2023-02-22 10:40:13,4537126.83,EGRESO
7823,1,1001,2,1002,2023-02-22 14:38:14,2322512.10,EGRESO
7824,1,1001,2,1002,2023-02-23 07:45:07,3358460.90,EGRESO
7825,1,1001,2,1002,2023-02-23 11:40:31,7752769.92,EGRESO
7826,1,1001,2,1002,2023-02-23 13:01:56,8599094.95,EGRESO
7827,1,1001,2,1002,2023-02-23 16:27:28,4229366.16,INGRESO
7828,1,1001,2,1002,2023-02-23 17:34:12,1075901.08,EGRESO
7829,1,1001,2,1002,2023-02-24 03:08:18,6709769.48,INGRESO
7830,1,1001,2,1002,2023-02-24 11:09:19,9009774.49,INGRESO
7831,1,1001,2,1002,2023-02-24 13:05:15,3281457.34,EGRESO
7832,1,1001,2,1002,2023-02-24 16:33:59,554463.47,INGRESO
7833,1,1001,2,1002,2023-02-25 07:33:01,6592944.76,EGRESO
7834,1,1001,2,1002,2023-02-25 08:30:45,4732812.52,EGRESO
7835,1,1001,2,1002,2023-02-25 13:07:15,7942849.69,INGRESO
7836,1,1001,2,1002,2023-02-25 23:49:01,23167.00,EGRESO
7837,1,1001,2,1002,2023-02-26 09:18:49,9868291.30,EGRESO
7838,1,1001,2,1002,2023-02-26 13:20:31,8302064.66,EGRESO
7839,1,1001,2,1002,2023-02-26 15:44:05,5645710.48,EGRESO
7840,1,1001,2,1002,2023-02-26 23:07:41,3872299.50,INGRESO
7841,1,1001,2,1002,2023-02-26 23:49:58,565502.93,EGRESO
7842,1,1001,2,1002,2023-02-27 00:36:36,9748882.16,INGRESO
7843,1,1001,2,1002,2023-02-27 02:12:58,2242464.99,EGRESO
7844,1,1001,2,1002,2023-02-27 09:55:55,9969066.81,INGRESO
7845,1,1001,2,1002,2023-02-27 19:58:01,1980617.27,EGRESO
7846,1,1001,2,1002,2023-02-28 01:10:41,6949008.93,EGRESO
7847,1,1001,2,1002,2023-02-28 12:26:35,2520927.96,EGRESO
7848,1,1001,2,1002,2023-02-28 13:07:46,4636672.04,EGRESO
7849,1,1001,2,1002,2023-02-28 14:54:50,6594167.08,EGRESO
7850,1,1001,2,1002,2023-02-28 15:55:39,7323173.25,INGRESO
7851,1,1001,2,1002,2023-02-28 19:06:23,5265114.10,INGRESO
7852,1,1001,2,1002,2023-02-28 22:08:56,1749682.53,INGRESO
7853,1,1001,2,1002,2023-03-01 08:20:55,7613757.36,EGRESO
7854,1,1001,2,1002,2023-03-01 11:07:26,1525056.20,EGRESO
7855,1,1001,2,1002,2023-03-01 12:16:00,7771939.64,INGRESO
7856,1,1001,2,1002,2023-03-01 12:23:36,8980439.47,EGRESO
7857,1,1001,2,1002,2023-03-02 03:57:10,1005233.48,INGRESO
7858,1,1001,2,1002,2023-03-02 06:46:22,9476005.35,EGRESO
7859,1,1001,2,1002,2023-03-02 17:11:36,1444961.77,INGRESO
7860,1,1001,2,1002,2023-03-02 17:45:18,7065026.97,EGRESO
7861,1,1001,2,1002,2023-03-03 03:43:01,7142191.07,EGRESO
7862,1,1001,2,1002,2023-03-03 07:10:26,2689410.01,EGRESO
7863,1,1001,2,1002,2023-03-03 09:49:30,4123155.54,INGRESO
7864,1,1001,2,1002,2023-03-03 13:26:40,6060193.52,INGRESO
7865,1,1001,2,1002,2023-03-04 01:34:25,8375272.80,INGRESO
7866,1,1001,2,1002,2023-03-04 04:46:28,6903430.49,EGRESO
7867,1,1001,2,1002,2023-03-04 12:20:18,2138726.55,EGRESO
7868,1,1001,2,1002,2023-03-04 17:44:18,5034756.76,EGRESO
7869,1,1001,2,1002,2023-03-05 10:30:23,3184656.26,INGRESO
7870,1,1001,2,1002,2023-03-05 15:17:46,2097597.13,EGRESO
7871,1,1001,2,1002,2023-03-05 15:20:11,7821603.86,INGRESO
7872,1,1001,2,1002,2023-03-05 15:59:33,5643063.61,INGRESO
7873,1,1001,2,1002,2023-03-06 05:36:13,8220686.06,EGRESO
7874,1,1001,2,1002,2023-03-06 05:39:26,1820431.79,INGRESO
7875,1,1001,2,1002,2023-03-06 05:44:42,8113654.54,EGRESO
7876,1,1001,2,1002,2023-03-06 06:40:34,4852989.89,INGRESO
7877,1,1001,2,1002,2023-03-06 11:26:02,3214725.19,INGRESO
7878,1,1001,2,1002,2023-03-06 23:21:07,8647788.27,EGRESO
7879,1,1001,2,1002,2023-03-07 02:12:31,720742.89,EGRESO
7880,1,1001,2,1002,2023-03-07 08:56:02,5616804.65,EGRESO
7881,1,1001,2,1002,2023-03-07 10:13:42,8581368.86,EGRESO
7882,1,1001,2,1002,2023-03-07 12:49:26,9512171.21,EGRESO
7883,1,1001,2,1002,2023-03-08 01:20:10,5194824.28,INGRESO
7884,1,1001,2,1002,2023-03-08 01:57:44,6334860.53,INGRESO
7885,1,1001,2,1002,2023-03-08 06:18:03,8015453.07,INGRESO
7886,1,1001,2,1002,2023-03-08 12:04:10,4344650.28,INGRESO
7887,1,1001,2,1002,2023-03-09 05:32:47,5294657.08,EGRESO
7888,1,1001,2,1002,2023-03-09 07:00:05,2941047.26,INGRESO
7889,1,1001,2,1002,2023-03-09 13:38:25,2646659.73,INGRESO
7890,1,1001,2,1002,2023-03-09 15:26:18,9909919.44,INGRESO
7891,1,1001,2,1002,2023-03-09 15:33:16,1462260.68,EGRESO
7892,1,1001,2,1002,2023-03-10 04:03:16,5201818.61,INGRESO
7893,1,1001,2,1002,2023-03-10 04:20:41,121837.29,EGRESO
7894,1,1001,2,1002,2023-03-10 09:53:20,2669837.32,INGRESO
7895,1,1001,2,1002,2023-03-10 18:32:26,6498827.15,EGRESO
7896,1,1001,2,1002,2023-03-11 09:17:39,5982668.73,EGRESO
7897,1,1001,2,1002,2023-03-11 14:28:18,783771.18,EGRESO
7898,1,1001,2,1002,2023-03-11 16:00:10,4129512.58,EGRESO
7899,1,1001,2,1002,2023-03-11 18:35:13,4489319.77,EGRESO
7900,1,1001,2,1002,2023-03-11 21:40:23,1719872.79,INGRESO
7901,1,1001,2,1002,2023-03-12 00:44:13,6363324.51,EGRESO
7902,1,1001,2,1002,2023-03-12 06:45:59,5850280.61,INGRESO
7903,1,1001,2,1002,2023-03-12 14:12:05,7285050.49,INGRESO
7904,1,1001,2,1002,2023-03-12 14:16:14,6021395.80,EGRESO
7905,1,1001,2,1002,2023-03-13 00:24:12,2071659.40,INGRESO
7906,1,1001,2,1002,2023-03-13 04:09:11,1749805.73,EGRESO
7907,1,1001,2,1002,2023-03-13 13:32:08,7215313.10,EGRESO
7908,1,1001,2,1002,2023-03-13 13:48:33,5034666.81,INGRESO
7909,1,1001,2,1002,2023-03-14 01:16:36,4009093.37,EGRESO
7910,1,1001,2,1002,2023-03-14 04:36:52,3233261.53,EGRESO
7911,1,1001,2,1002,2023-03-14 11:41:22,408229.44,EGRESO
7912,1,1001,2,1002,2023-03-14 12:07:20,7113836.17,EGRESO
7913,1,1001,2,1002,2023-03-15 00:44:31,592473.28,INGRESO
7914,1,1001,2,1002,2023-03-15 06:51:36,2883827.60,INGRESO
7915,1,1001,2,1002,2023-03-15 07:31:52,7292277.46,EGRESO
7916,1,1001,2,1002,2023-03-15 20:51:06,765852.70,EGRESO
7917,1,1001,2,1002,2023-03-15 21:05:44,5691233.62,EGRESO
7918,1,1001,2,1002,2023-03-15 22:44:23,6170182.28,INGRESO
7919,1,1001,2,1002,2023-03-16 03:34:47,9830883.96,EGRESO
7920,1,1001,2,1002,2023-03-16 08:26:13,298447.93,INGRESO
7921,1,1001,2,1002,2023-03-16 10:41:48,7198129.46,INGRESO
7922,1,1001,2,1002,2023-03-16 22:14:43,6158054.64,INGRESO
7923,1,1001,2,1002,2023-03-17 07:17:19,7896146.01,EGRESO
7924,1,1001,2,1002,2023-03-17 08:29:44,481711.80,EGRESO
7925,1,1001,2,1002,2023-03-17 08:45:49,5170694.71,EGRESO
7926,1,1001,2,1002,2023-03-17 17:09:32,8787474.35,EGRESO
7927,1,1001,2,1002,2023-03-18 01:19:30,8902936.93,INGRESO
7928,1,1001,2,1002,2023-03-18 04:24:56,3726287.70,INGRESO
7929,1,1001,2,1002,2023-03-18 11:43:25,5388151.15,EGRESO
7930,1,1001,2,1002,2023-03-18 20:55:20,2181908.20,INGRESO
7931,1,1001,2,1002,2023-03-18 21:20:07,3362210.39,INGRESO
7932,1,1001,2,1002,2023-03-19 11:50:42,6444697.07,INGRESO
7933,1,1001,2,1002,2023-03-19 18:47:16,9747479.67,EGRESO
7934,1,1001,2,1002,2023-03-19 20:48:44,4407097.48,INGRESO
7935,1,1001,2,1002,2023-03-19 23:27:42,1662060.18,INGRESO
7936,1,1001,2,1002,2023-03-20 03:16:37,5519678.94,EGRESO
7937,1,1001,2,1002,2023-03-20 16:45:21,920774.55,EGRESO
7938,1,1001,2,1002,2023-03-20 18:34:10,3074452.51,INGRESO
7939,1,1001,2,1002,2023-03-20 21:54:59,5139159.68,INGRESO
7940,1,1001,2,1002,2023-03-21 04:27:15,6383050.55,INGRESO
7941,1,1001,2,1002,2023-03-21 07:44:53,7210237.43,INGRESO
7942,1,1001,2,1002,2023-03-21 08:38:32,771859.94,EGRESO
7943,1,1001,2,1002,2023-03-21 16:02:18,5300536.68,EGRESO
7944,1,1001,2,1002,2023-03-22 00:33:37,2114206.00,INGRESO
7945,1,1001,2,1002,2023-03-22 08:18:36,5507338.30,INGRESO
7946,1,1001,2,1002,2023-03-22 11:20:06,2515173.91,INGRESO
7947,1,1001,2,1002,2023-03-22 13:13:26,2176575.63,INGRESO
7948,1,1001,2,1002,2023-03-22 15:09:44,6834368.34,INGRESO
7949,1,1001,2,1002,2023-03-23 04:13:24,6078380.32,EGRESO
7950,1,1001,2,1002,2023-03-23 08:45:06,5826014.58,INGRESO
7951,1,1001,2,1002,2023-03-23 12:05:06,5397891.48,INGRESO
7952,1,1001,2,1002,2023-03-23 14:32:35,1409844.42,INGRESO
7953,1,1001,2,1002,2023-03-23 23:48:25,875860.19,INGRESO
7954,1,1001,2,1002,2023-03-24 08:52:05,387707.09,EGRESO
7955,1,1001,2,1002,2023-03-24 12:08:34,8134948.15,EGRESO
7956,1,1001,2,1002,2023-03-24 15:22:42,6721494.36,INGRESO
7957,1,1001,2,1002,2023-03-24 21:22:51,9041915.16,INGRESO
7958,1,1001,2,1002,2023-03-25 01:22:55,2471736.53,EGRESO
7959,1,1001,2,1002,2023-03-25 08:45:31,4169262.89,EGRESO
7960,1,1001,2,1002,2023-03-25 13:44:01,4888301.49,INGRESO
7961,1,1001,2,1002,2023-03-25 18:55:16,3045388.94,INGRESO
7962,1,1001,2,1002,2023-03-25 20:01:46,8233985.15,INGRESO
7963,1,1001,2,1002,2023-03-25 23:04:17,2738967.19,INGRESO
7964,1,1001,2,1002,2023-03-26 09:48:02,8065929.42,EGRESO
7965,1,1001,2,1002,2023-03-26 11:03:35,3096362.05,EGRESO
7966,1,1001,2,1002,2023-03-26 17:05:23,2734950.33,INGRESO
7967,1,1001,2,1002,2023-03-26 17:26:43,732490.66,INGRESO
7968,1,1001,2,1002,2023-03-27 00:29:44,9432566.99,INGRESO
7969,1,1001,2,1002,2023-03-27 01:58:47,4580034.83,INGRESO
7970,1,1001,2,1002,2023-03-27 13:50:48,4926274.26,EGRESO
7971,1,1001,2,1002,2023-03-27 17:01:55,7511351.00,EGRESO
7972,1,1001,2,1002,2023-03-28 08:17:42,2917510.65,INGRESO
7973,1,1001,2,1002,2023-03-28 16:49:08,4423920.67,INGRESO
7974,1,1001,2,1002,2023-03-28 21:48:35,488962.63,INGRESO
7975,1,1001,2,1002,2023-03-28 22:45:11,1813381.57,INGRESO
7976,1,1001,2,1002,2023-03-29 06:22:42,8583658.39,EGRESO
7977,1,1001,2,1002,2023-03-29 17:05:39,1169427.29,INGRESO
7978,1,1001,2,1002,2023-03-29 19:57:53,3846201.98,INGRESO
7979,1,1001,2,1002,2023-03-29 21:48:57,3824404.99,EGRESO
7980,1,1001,2,1002,2023-03-30 03:48:30,4702512.86,EGRESO
7981,1,1001,2,1002,2023-03-30 05:49:05,6362570.83,EGRESO
7982,1,1001,2,1002,2023-03-30 09:27:57,7660967.70,INGRESO
7983,1,1001,2,1002,2023-03-30 14:05:55,2543135.17,INGRESO
7984,1,1001,2,1002,2023-03-31 03:18:40,7813142.81,EGRESO
7985,1,1001,2,1002,2023-03-31 11:18:39,5506008.50,INGRESO
7986,1,1001,2,1002,2023-03-31 16:02:07,9334957.33,EGRESO
7987,1,1001,2,1002,2023-03-31 16:48:56,4168764.34,EGRESO
7988,1,1001,2,1002,2023-04-01 00:04:40,6192102.64,EGRESO
7989,1,1001,2,1002,2023-04-01 02:27:24,582474.21,EGRESO
7990,1,1001,2,1002,2023-04-01 03:18:44,143825.50,INGRESO
7991,1,1001,2,1002,2023-04-01 03:24:15,9418322.07,INGRESO
7992,1,1001,2,1002,2023-04-01 06:41:33,3497996.80,INGRESO
7993,1,1001,2,1002,2023-04-01 07:44:13,783582.96,INGRESO
7994,1,1001,2,1002,2023-04-02 00:10:29,5129018.21,INGRESO
7995,1,1001,2,1002,2023-04-02 13:25:56,232882.57,INGRESO
7996,1,1001,2,1002,2023-04-02 14:56:24,7943116.68,INGRESO
7997,1,1001,2,1002,2023-04-02 15:45:00,9991620.58,EGRESO
7998,1,1001,2,1002,2023-04-02 16:35:11,8566916.58,EGRESO
7999,1,1001,2,1002,2023-04-02 18:29:16,2783594.24,EGRESO
8000,1,1001,2,1002,2023-04-03 10:31:57,5108704.65,EGRESO
8001,1,1001,2,1002,2023-04-03 12:39:52,6038947.52,INGRESO
8002,1,1001,2,1002,2023-04-03 13:24:51,4692282.60,INGRESO
8003,1,1001,2,1002,2023-04-03 18:47:26,3411838.63,EGRESO
8004,1,1001,2,1002,2023-04-04 03:38:54,8290813.35,INGRESO
8005,1,1001,2,1002,2023-04-04 06:09:40,5527002.28,EGRESO
8006,1,1001,2,1002,2023-04-04 18:35:25,7668894.57,EGRESO
8007,1,1001,2,1002,2023-04-04 19:13:10,974438.01,INGRESO
8008,1,1001,2,1002,2023-04-05 04:09:01,4507453.94,EGRESO
8009,1,1001,2,1002,2023-04-05 10:34:03,9440669.60,EGRESO
8010,1,1001,2,1002,2023-04-05 13:32:14,1732489.66,INGRESO
8011,1,1001,2,1002,2023-04-05 17:58:32,947297.65,EGRESO
8012,1,1001,2,1002,2023-04-06 07:37:41,7812327.81,EGRESO
8013,1,1001,2,1002,2023-04-06 08:01:38,5335975.12,EGRESO
8014,1,1001,2,1002,2023-04-06 12:12:51,2087931.45,EGRESO
8015,1,1001,2,1002,2023-04-06 13:01:34,8235067.57,EGRESO
8016,1,1001,2,1002,2023-04-06 14:06:35,656394.84,INGRESO
8017,1,1001,2,1002,2023-04-06 19:41:58,5615055.12,INGRESO
8018,1,1001,2,1002,2023-04-07 20:21:43,1848311.59,INGRESO
8019,1,1001,2,1002,2023-04-07 20:30:39,7289820.38,EGRESO
8020,1,1001,2,1002,2023-04-07 21:55:00,7187476.63,EGRESO
8021,1,1001,2,1002,2023-04-07 22:23:05,9742544.67,EGRESO
8022,1,1001,2,1002,2023-04-08 03:04:29,8281352.27,EGRESO
8023,1,1001,2,1002,2023-04-08 09:58:29,8377239.86,INGRESO
8024,1,1001,2,1002,2023-04-08 10:20:22,350094.02,INGRESO
8025,1,1001,2,1002,2023-04-08 22:30:20,9966342.67,INGRESO
8026,1,1001,2,1002,2023-04-09 04:09:53,3408957.14,EGRESO
8027,1,1001,2,1002,2023-04-09 13:19:37,7027514.27,INGRESO
8028,1,1001,2,1002,2023-04-09 13:26:55,8252718.71,EGRESO
8029,1,1001,2,1002,2023-04-09 23:54:08,3051534.27,INGRESO
8030,1,1001,2,1002,2023-04-10 05:00:29,2430472.85,EGRESO
8031,1,1001,2,1002,2023-04-10 11:55:34,2567118.92,EGRESO
8032,1,1001,2,1002,2023-04-10 19:22:10,482444.33,INGRESO
8033,1,1001,2,1002,2023-04-10 23:21:49,2791422.75,EGRESO
8034,1,1001,2,1002,2023-04-11 04:08:53,4957271.28,EGRESO
8035,1,1001,2,1002,2023-04-11 05:52:34,1209893.95,EGRESO
8036,1,1001,2,1002,2023-04-11 11:57:28,2258792.41,INGRESO
8037,1,1001,2,1002,2023-04-11 12:19:43,6146242.38,INGRESO
8038,1,1001,2,1002,2023-04-11 15:11:50,4697659.68,EGRESO
8039,1,1001,2,1002,2023-04-12 00:49:30,7060306.74,EGRESO
8040,1,1001,2,1002,2023-04-12 08:05:31,8352089.24,EGRESO
8041,1,1001,2,1002,2023-04-12 13:08:17,3579305.47,INGRESO
8042,1,1001,2,1002,2023-04-12 14:38:14,3937088.74,EGRESO
8043,1,1001,2,1002,2023-04-13 00:08:00,3444783.96,INGRESO
8044,1,1001,2,1002,2023-04-13 05:53:51,3583114.53,EGRESO
8045,1,1001,2,1002,2023-04-13 07:11:53,6749977.48,EGRESO
8046,1,1001,2,1002,2023-04-13 19:21:08,5284799.37,INGRESO
8047,1,1001,2,1002,2023-04-14 08:28:23,172665.27,EGRESO
8048,1,1001,2,1002,2023-04-14 09:24:24,1664626.42,INGRESO
8049,1,1001,2,1002,2023-04-14 13:07:58,4067275.64,EGRESO
8050,1,1001,2,1002,2023-04-14 14:46:41,354576.82,INGRESO
8051,1,1001,2,1002,2023-04-14 16:15:01,1216906.00,EGRESO
8052,1,1001,2,1002,2023-04-15 02:07:14,8203592.68,EGRESO
8053,1,1001,2,1002,2023-04-15 05:59:33,6867612.02,INGRESO
8054,1,1001,2,1002,2023-04-15 06:16:24,1620686.23,INGRESO
8055,1,1001,2,1002,2023-04-15 13:39:04,2427866.38,INGRESO
8056,1,1001,2,1002,2023-04-15 16:38:53,1439615.83,INGRESO
8057,1,1001,2,1002,2023-04-16 01:02:49,1711995.43,EGRESO
8058,1,1001,2,1002,2023-04-16 07:59:57,3180853.09,EGRESO
8059,1,1001,2,1002,2023-04-16 11:40:40,2070479.13,INGRESO
8060,1,1001,2,1002,2023-04-16 13:42:47,6364519.56,INGRESO
8061,1,1001,2,1002,2023-04-17 01:32:08,759128.74,INGRESO
8062,1,1001,2,1002,2023-04-17 14:37:03,6045558.94,EGRESO
8063,1,1001,2,1002,2023-04-17 17:11:50,7687374.85,EGRESO
8064,1,1001,2,1002,2023-04-17 18:05:45,3748380.77,EGRESO
8065,1,1001,2,1002,2023-04-17 19:52:16,5677560.42,INGRESO
8066,1,1001,2,1002,2023-04-18 02:27:23,77340.22,INGRESO
8067,1,1001,2,1002,2023-04-18 06:17:54,2974850.10,INGRESO
8068,1,1001,2,1002,2023-04-18 06:21:11,4526323.01,EGRESO
8069,1,1001,2,1002,2023-04-18 07:11:30,8949416.80,INGRESO
8070,1,1001,2,1002,2023-04-18 19:43:05,505188.91,EGRESO
8071,1,1001,2,1002,2023-04-18 23:29:32,3546753.70,EGRESO
8072,1,1001,2,1002,2023-04-19 06:46:49,5637752.16,INGRESO
8073,1,1001,2,1002,2023-04-19 09:25:10,9090703.85,EGRESO
8074,1,1001,2,1002,2023-04-19 18:16:07,8433280.56,INGRESO
8075,1,1001,2,1002,2023-04-19 23:28:04,7033914.89,EGRESO
8076,1,1001,2,1002,2023-04-20 04:57:26,601998.30,EGRESO
8077,1,1001,2,1002,2023-04-20 06:14:57,3196027.19,INGRESO
8078,1,1001,2,1002,2023-04-20 22:19:13,585906.67,INGRESO
8079,1,1001,2,1002,2023-04-20 23:58:51,1922769.79,INGRESO
8080,1,1001,2,1002,2023-04-21 10:34:24,1844004.34,EGRESO
8081,1,1001,2,1002,2023-04-21 11:25:54,6781379.62,EGRESO
8082,1,1001,2,1002,2023-04-21 18:33:05,1215270.25,EGRESO
8083,1,1001,2,1002,2023-04-21 20:02:54,89387.22,INGRESO
8084,1,1001,2,1002,2023-04-22 04:52:45,5109081.54,EGRESO
8085,1,1001,2,1002,2023-04-22 17:35:57,9578124.08,INGRESO
8086,1,1001,2,1002,2023-04-22 19:26:59,4453313.51,INGRESO
8087,1,1001,2,1002,2023-04-22 22:26:57,6463493.44,INGRESO
8088,1,1001,2,1002,2023-04-23 04:03:04,7275455.33,INGRESO
8089,1,1001,2,1002,2023-04-23 04:54:22,8023373.76,INGRESO
8090,1,1001,2,1002,2023-04-23 09:57:58,1001852.21,INGRESO
8091,1,1001,2,1002,2023-04-23 10:57:34,7644413.99,EGRESO
8092,1,1001,2,1002,2023-04-23 11:14:18,9589784.37,INGRESO
8093,1,1001,2,1002,2023-04-24 07:19:21,8602563.93,INGRESO
8094,1,1001,2,1002,2023-04-24 19:53:09,9532790.10,INGRESO
8095,1,1001,2,1002,2023-04-24 20:48:24,4007262.82,EGRESO
8096,1,1001,2,1002,2023-04-24 22:27:12,5913293.72,INGRESO
8097,1,1001,2,1002,2023-04-25 04:35:51,3453100.64,EGRESO
8098,1,1001,2,1002,2023-04-25 08:05:22,8995763.99,INGRESO
8099,1,1001,2,1002,2023-04-25 11:38:30,2775042.26,INGRESO
8100,1,1001,2,1002,2023-04-25 13:15:12,149333.20,EGRESO
8101,1,1001,2,1002,2023-04-25 16:06:42,2889767.89,INGRESO
8102,1,1001,2,1002,2023-04-25 20:37:56,9520071.53,EGRESO
8103,1,1001,2,1002,2023-04-26 05:58:34,9323302.94,INGRESO
8104,1,1001,2,1002,2023-04-26 16:19:42,1771874.69,EGRESO
8105,1,1001,2,1002,2023-04-26 17:58:15,212592.78,INGRESO
8106,1,1001,2,1002,2023-04-26 20:01:07,9946155.57,EGRESO
8107,1,1001,2,1002,2023-04-27 02:09:44,4125681.79,INGRESO
8108,1,1001,2,1002,2023-04-27 02:56:29,6573278.89,EGRESO
8109,1,1001,2,1002,2023-04-27 03:52:38,9472890.38,EGRESO
8110,1,1001,2,1002,2023-04-27 23:46:06,965887.14,INGRESO
8111,1,1001,2,1002,2023-04-28 01:12:30,798918.08,INGRESO
8112,1,1001,2,1002,2023-04-28 18:38:51,9142706.22,INGRESO
8113,1,1001,2,1002,2023-04-28 21:33:06,4798001.31,EGRESO
8114,1,1001,2,1002,2023-04-28 22:16:37,8927617.95,EGRESO
8115,1,1001,2,1002,2023-04-28 22:44:37,6242434.42,EGRESO
8116,1,1001,2,1002,2023-04-29 02:33:22,3457336.33,EGRESO
8117,1,1001,2,1002,2023-04-29 05:22:26,8446919.56,EGRESO
8118,1,1001,2,1002,2023-04-29 06:27:05,7611808.58,EGRESO
8119,1,1001,2,1002,2023-04-29 09:44:31,7515691.85,INGRESO
8120,1,1001,2,1002,2023-04-30 00:34:25,3668439.45,INGRESO
8121,1,1001,2,1002,2023-04-30 00:51:02,2488106.32,INGRESO
8122,1,1001,2,1002,2023-04-30 18:57:31,7993974.13,INGRESO
8123,1,1001,2,1002,2023-04-30 22:31:20,5878639.32,INGRESO
8124,1,1001,2,1002,2023-05-01 03:09:54,6116953.94,EGRESO
8125,1,1001,2,1002,2023-05-01 08:21:56,4055898.64,EGRESO
8126,1,1001,2,1002,2023-05-01 16:01:15,2953563.41,INGRESO
8127,1,1001,2,1002,2023-05-01 16:31:36,287614.86,EGRESO
8128,1,1001,2,1002,2023-05-02 06:38:37,5891864.44,EGRESO
8129,1,1001,2,1002,2023-05-02 07:23:32,7480277.65,EGRESO
8130,1,1001,2,1002,2023-05-02 08:41:21,1638080.50,INGRESO
8131,1,1001,2,1002,2023-05-02 19:23:46,8745732.77,INGRESO
8132,1,1001,2,1002,2023-05-03 00:56:52,4829323.45,EGRESO
8133,1,1001,2,1002,2023-05-03 11:26:00,3063338.82,EGRESO
8134,1,1001,2,1002,2023-05-03 12:20:10,4254097.28,INGRESO
8135,1,1001,2,1002,2023-05-03 21:57:52,1574745.28,INGRESO
8136,1,1001,2,1002,2023-05-03 23:05:40,7373226.84,INGRESO
8137,1,1001,2,1002,2023-05-04 02:24:22,7187379.05,EGRESO
8138,1,1001,2,1002,2023-05-04 02:37:36,7756458.54,EGRESO
8139,1,1001,2,1002,2023-05-04 04:47:41,432189.57,INGRESO
8140,1,1001,2,1002,2023-05-04 12:15:15,9839970.81,INGRESO
8141,1,1001,2,1002,2023-05-04 13:34:13,9489957.83,INGRESO
8142,1,1001,2,1002,2023-05-05 00:49:04,6274832.02,EGRESO
8143,1,1001,2,1002,2023-05-05 01:50:31,2744242.16,INGRESO
8144,1,1001,2,1002,2023-05-05 04:23:54,2179092.12,INGRESO
8145,1,1001,2,1002,2023-05-05 05:48:49,8907354.05,INGRESO
8146,1,1001,2,1002,2023-05-05 22:43:28,2451213.58,EGRESO
8147,1,1001,2,1002,2023-05-06 03:10:52,2839167.19,INGRESO
8148,1,1001,2,1002,2023-05-06 10:08:55,816534.52,INGRESO
8149,1,1001,2,1002,2023-05-06 10:39:09,5966173.83,EGRESO
8150,1,1001,2,1002,2023-05-06 10:56:54,396854.08,INGRESO
8151,1,1001,2,1002,2023-05-07 07:27:36,4925344.13,INGRESO
8152,1,1001,2,1002,2023-05-07 10:13:42,3840629.82,INGRESO
8153,1,1001,2,1002,2023-05-07 16:01:36,194914.25,EGRESO
8154,1,1001,2,1002,2023-05-07 21:57:05,2661691.04,INGRESO
8155,1,1001,2,1002,2023-05-08 00:12:01,5247669.61,INGRESO
8156,1,1001,2,1002,2023-05-08 02:08:41,7571184.77,EGRESO
8157,1,1001,2,1002,2023-05-08 10:25:27,9050186.95,EGRESO
8158,1,1001,2,1002,2023-05-08 20:08:10,8072599.98,INGRESO
8159,1,1001,2,1002,2023-05-09 03:19:51,4657168.22,INGRESO
8160,1,1001,2,1002,2023-05-09 08:17:19,1325349.64,INGRESO
8161,1,1001,2,1002,2023-05-09 11:12:36,6309401.86,INGRESO
8162,1,1001,2,1002,2023-05-09 20:06:13,2616215.47,EGRESO
8163,1,1001,2,1002,2023-05-10 05:13:29,1391232.60,EGRESO
8164,1,1001,2,1002,2023-05-10 17:37:20,2533895.72,INGRESO
8165,1,1001,2,1002,2023-05-10 21:52:10,6460841.29,EGRESO
8166,1,1001,2,1002,2023-05-10 22:17:40,2506841.84,INGRESO
8167,1,1001,2,1002,2023-05-11 13:42:53,8964134.05,EGRESO
8168,1,1001,2,1002,2023-05-11 13:54:10,2108518.75,INGRESO
8169,1,1001,2,1002,2023-05-11 16:53:37,2377605.84,EGRESO
8170,1,1001,2,1002,2023-05-11 19:45:46,282672.65,INGRESO
8171,1,1001,2,1002,2023-05-12 07:09:42,6304313.43,INGRESO
8172,1,1001,2,1002,2023-05-12 08:01:35,940136.10,INGRESO
8173,1,1001,2,1002,2023-05-12 09:51:27,4592717.03,EGRESO
8174,1,1001,2,1002,2023-05-12 10:14:12,1926397.10,INGRESO
8175,1,1001,2,1002,2023-05-12 16:36:00,6924460.07,EGRESO
8176,1,1001,2,1002,2023-05-12 18:35:10,8258794.34,EGRESO
8177,1,1001,2,1002,2023-05-13 04:50:59,7239661.30,INGRESO
8178,1,1001,2,1002,2023-05-13 09:01:17,4921253.82,EGRESO
8179,1,1001,2,1002,2023-05-13 11:07:37,9840983.46,EGRESO
8180,1,1001,2,1002,2023-05-13 14:25:16,4700890.54,INGRESO
8181,1,1001,2,1002,2023-05-14 01:39:37,7332168.36,EGRESO
8182,1,1001,2,1002,2023-05-14 03:27:28,7515283.51,EGRESO
8183,1,1001,2,1002,2023-05-14 07:54:38,620062.00,INGRESO
8184,1,1001,2,1002,2023-05-14 08:09:30,8622014.93,INGRESO
8185,1,1001,2,1002,2023-05-14 13:24:22,1558720.61,EGRESO
8186,1,1001,2,1002,2023-05-14 16:00:45,7062357.32,INGRESO
8187,1,1001,2,1002,2023-05-15 12:40:05,9464021.37,EGRESO
8188,1,1001,2,1002,2023-05-15 16:48:09,4889774.93,INGRESO
8189,1,1001,2,1002,2023-05-15 17:38:52,1970577.03,INGRESO
8190,1,1001,2,1002,2023-05-15 18:15:02,3627957.51,EGRESO
8191,1,1001,2,1002,2023-05-15 18:33:46,207912.15,EGRESO
8192,1,1001,2,1002,2023-05-16 00:58:02,1634821.86,INGRESO
8193,1,1001,2,1002,2023-05-16 12:59:44,8732451.67,EGRESO
8194,1,1001,2,1002,2023-05-16 14:36:26,5318835.85,EGRESO
8195,1,1001,2,1002,2023-05-16 22:43:33,9280934.88,EGRESO
8196,1,1001,2,1002,2023-05-17 05:49:24,4184517.76,EGRESO
8197,1,1001,2,1002,2023-05-17 07:38:10,7454909.35,EGRESO
8198,1,1001,2,1002,2023-05-17 12:38:58,6687104.79,INGRESO
8199,1,1001,2,1002,2023-05-17 18:04:03,4200712.30,EGRESO
8200,1,1001,2,1002,2023-05-17 23:57:23,2788725.31,EGRESO
8201,1,1001,2,1002,2023-05-18 05:36:36,5612406.22,INGRESO
8202,1,1001,2,1002,2023-05-18 05:41:27,9438110.78,INGRESO
8203,1,1001,2,1002,2023-05-18 14:47:01,3478235.16,INGRESO
8204,1,1001,2,1002,2023-05-18 15:28:34,3344396.83,INGRESO
8205,1,1001,2,1002,2023-05-18 19:06:06,1897614.02,EGRESO
8206,1,1001,2,1002,2023-05-19 06:43:11,8041310.20,EGRESO
8207,1,1001,2,1002,2023-05-19 07:37:54,570537.07,INGRESO
8208,1,1001,2,1002,2023-05-19 17:10:44,7280174.97,EGRESO
8209,1,1001,2,1002,2023-05-19 18:27:08,3646248.59,INGRESO
8210,1,1001,2,1002,2023-05-20 03:26:06,2596351.70,INGRESO
8211,1,1001,2,1002,2023-05-20 07:12:13,3611469.32,EGRESO
8212,1,1001,2,1002,2023-05-20 09:03:22,705303.28,INGRESO
8213,1,1001,2,1002,2023-05-20 12:51:46,6811250.76,INGRESO
8214,1,1001,2,1002,2023-05-20 20:47:33,9803173.01,EGRESO
8215,1,1001,2,1002,2023-05-20 23:47:59,5940817.08,INGRESO
8216,1,1001,2,1002,2023-05-21 04:24:44,607891.54,INGRESO
8217,1,1001,2,1002,2023-05-21 09:36:01,3065794.61,EGRESO
8218,1,1001,2,1002,2023-05-21 10:02:51,1165957.30,EGRESO
8219,1,1001,2,1002,2023-05-21 12:41:31,312660.92,INGRESO
8220,1,1001,2,1002,2023-05-21 23:08:30,9820079.75,INGRESO
8221,1,1001,2,1002,2023-05-22 10:15:49,5438306.51,INGRESO
8222,1,1001,2,1002,2023-05-22 13:43:18,6592714.00,INGRESO
8223,1,1001,2,1002,2023-05-22 17:33:49,4564591.76,INGRESO
8224,1,1001,2,1002,2023-05-22 21:36:00,9882356.65,INGRESO
8225,1,1001,2,1002,2023-05-23 07:55:40,6788543.35,EGRESO
8226,1,1001,2,1002,2023-05-23 11:29:41,6098060.66,EGRESO
8227,1,1001,2,1002,2023-05-23 15:55:27,9944757.60,INGRESO
8228,1,1001,2,1002,2023-05-23 21:04:04,6108555.94,INGRESO
8229,1,1001,2,1002,2023-05-24 00:04:09,8479832.59,EGRESO
8230,1,1001,2,1002,2023-05-24 05:01:07,1144100.37,EGRESO
8231,1,1001,2,1002,2023-05-24 09:14:42,6467463.38,INGRESO
8232,1,1001,2,1002,2023-05-24 11:01:09,2560882.43,EGRESO
8233,1,1001,2,1002,2023-05-25 20:06:10,997070.75,EGRESO
8234,1,1001,2,1002,2023-05-25 20:07:00,1823262.19,EGRESO
8235,1,1001,2,1002,2023-05-25 20:30:34,1501485.88,INGRESO
8236,1,1001,2,1002,2023-05-25 21:54:01,7620278.78,EGRESO
8237,1,1001,2,1002,2023-05-25 22:47:35,6066978.15,INGRESO
8238,1,1001,2,1002,2023-05-26 03:28:55,5265557.38,EGRESO
8239,1,1001,2,1002,2023-05-26 04:34:02,8283604.21,INGRESO
8240,1,1001,2,1002,2023-05-26 06:11:12,545833.42,EGRESO
8241,1,1001,2,1002,2023-05-26 10:38:00,5020270.80,INGRESO
8242,1,1001,2,1002,2023-05-27 06:53:05,2984861.46,EGRESO
8243,1,1001,2,1002,2023-05-27 15:51:03,2367554.11,INGRESO
8244,1,1001,2,1002,2023-05-27 15:53:56,831969.73,EGRESO
8245,1,1001,2,1002,2023-05-27 15:54:11,6379271.78,INGRESO
8246,1,1001,2,1002,2023-05-27 17:00:19,411862.69,INGRESO
8247,1,1001,2,1002,2023-05-28 03:40:01,8372067.00,INGRESO
8248,1,1001,2,1002,2023-05-28 05:41:04,3423441.37,INGRESO
8249,1,1001,2,1002,2023-05-28 06:16:24,7230996.14,INGRESO
8250,1,1001,2,1002,2023-05-28 14:59:54,919315.85,EGRESO
8251,1,1001,2,1002,2023-05-29 05:25:43,2303670.31,INGRESO
8252,1,1001,2,1002,2023-05-29 08:03:11,8008681.95,EGRESO
8253,1,1001,2,1002,2023-05-29 11:34:09,5594125.76,INGRESO
8254,1,1001,2,1002,2023-05-29 15:48:06,990638.59,EGRESO
8255,1,1001,2,1002,2023-05-29 18:33:09,9478529.23,INGRESO
8256,1,1001,2,1002,2023-05-29 23:27:41,2903535.02,EGRESO
8257,1,1001,2,1002,2023-05-30 03:37:55,4581465.39,EGRESO
8258,1,1001,2,1002,2023-05-30 05:25:18,4142698.82,EGRESO
8259,1,1001,2,1002,2023-05-30 10:06:23,6951360.56,INGRESO
8260,1,1001,2,1002,2023-05-30 14:07:34,5231104.43,EGRESO
8261,1,1001,2,1002,2023-05-31 05:52:15,568415.96,INGRESO
8262,1,1001,2,1002,2023-05-31 06:39:40,6779087.51,INGRESO
8263,1,1001,2,1002,2023-05-31 06:54:57,8237166.10,INGRESO
8264,1,1001,2,1002,2023-05-31 17:17:45,1276047.67,INGRESO
8265,1,1001,2,1002,2023-05-31 21:01:31,8650130.54,INGRESO
8266,1,1001,2,1002,2023-05-31 21:20:58,586067.95,INGRESO
8267,1,1001,2,1002,2023-06-01 07:01:53,9729580.13,EGRESO
8268,1,1001,2,1002,2023-06-01 16:00:28,5730165.38,EGRESO
8269,1,1001,2,1002,2023-06-01 19:34:39,9430747.67,EGRESO
8270,1,1001,2,1002,2023-06-01 23:30:45,4630808.76,INGRESO
8271,1,1001,2,1002,2023-06-02 00:36:31,4393385.52,EGRESO
8272,1,1001,2,1002,2023-06-02 03:36:32,8995266.28,INGRESO
8273,1,1001,2,1002,2023-06-02 17:41:59,4463651.74,INGRESO
8274,1,1001,2,1002,2023-06-02 18:20:21,7721206.06,INGRESO
8275,1,1001,2,1002,2023-06-03 01:23:41,8762160.54,INGRESO
8276,1,1001,2,1002,2023-06-03 07:15:14,3581592.00,EGRESO
8277,1,1001,2,1002,2023-06-03 16:10:36,8223440.89,EGRESO
8278,1,1001,2,1002,2023-06-03 20:45:04,9682122.11,INGRESO
8279,1,1001,2,1002,2023-06-03 23:31:17,8802603.25,INGRESO
8280,1,1001,2,1002,2023-06-04 03:42:38,301361.78,INGRESO
8281,1,1001,2,1002,2023-06-04 07:55:24,6817002.88,EGRESO
8282,1,1001,2,1002,2023-06-04 15:51:01,540792.63,EGRESO
8283,1,1001,2,1002,2023-06-04 19:35:04,9521994.41,EGRESO
8284,1,1001,2,1002,2023-06-05 08:18:38,4006984.31,EGRESO
8285,1,1001,2,1002,2023-06-05 11:09:20,2242173.38,INGRESO
8286,1,1001,2,1002,2023-06-05 21:38:41,7883992.04,INGRESO
8287,1,1001,2,1002,2023-06-05 22:57:10,4844812.01,INGRESO
8288,1,1001,2,1002,2023-06-06 06:15:38,1611355.37,INGRESO
8289,1,1001,2,1002,2023-06-06 12:37:30,7148112.86,EGRESO
8290,1,1001,2,1002,2023-06-06 20:51:22,7410917.00,EGRESO
8291,1,1001,2,1002,2023-06-06 23:36:03,938558.48,INGRESO
8292,1,1001,2,1002,2023-06-07 02:22:30,9981530.81,INGRESO
8293,1,1001,2,1002,2023-06-07 03:47:51,1383805.19,EGRESO
8294,1,1001,2,1002,2023-06-07 13:31:52,4046112.23,EGRESO
8295,1,1001,2,1002,2023-06-07 17:28:26,3556595.02,INGRESO
8296,1,1001,2,1002,2023-06-08 05:35:04,74374.07,INGRESO
8297,1,1001,2,1002,2023-06-08 05:44:20,8925692.43,EGRESO
8298,1,1001,2,1002,2023-06-08 09:11:31,1443430.72,EGRESO
8299,1,1001,2,1002,2023-06-08 11:10:40,2497526.69,INGRESO
8300,1,1001,2,1002,2023-06-08 23:25:24,4250432.78,INGRESO
8301,1,1001,2,1002,2023-06-09 02:10:52,9415929.57,EGRESO
8302,1,1001,2,1002,2023-06-09 03:40:51,1568679.47,INGRESO
8303,1,1001,2,1002,2023-06-09 20:02:59,3672652.83,INGRESO
8304,1,1001,2,1002,2023-06-09 20:50:44,6243345.01,EGRESO
8305,1,1001,2,1002,2023-06-10 01:50:17,6737968.06,EGRESO
8306,1,1001,2,1002,2023-06-10 07:11:17,6413549.66,INGRESO
8307,1,1001,2,1002,2023-06-10 07:29:38,2706404.25,EGRESO
8308,1,1001,2,1002,2023-06-10 09:02:39,205574.45,EGRESO
8309,1,1001,2,1002,2023-06-11 03:03:38,6798586.52,INGRESO
8310,1,1001,2,1002,2023-06-11 03:08:30,1208981.46,INGRESO
8311,1,1001,2,1002,2023-06-11 09:11:58,1892586.18,EGRESO
8312,1,1001,2,1002,2023-06-11 09:18:29,6791647.95,INGRESO
8313,1,1001,2,1002,2023-06-12 06:38:26,2860003.05,EGRESO
8314,1,1001,2,1002,2023-06-12 09:06:56,1476901.66,EGRESO
8315,1,1001,2,1002,2023-06-12 09:34:17,7109417.73,INGRESO
8316,1,1001,2,1002,2023-06-12 17:49:00,8304459.23,INGRESO
8317,1,1001,2,1002,2023-06-13 00:00:23,6654410.99,EGRESO
8318,1,1001,2,1002,2023-06-13 08:07:32,2291736.32,EGRESO
8319,1,1001,2,1002,2023-06-13 08:50:04,6156813.14,EGRESO
8320,1,1001,2,1002,2023-06-13 10:55:37,6362982.13,EGRESO
8321,1,1001,2,1002,2023-06-13 13:31:39,9620585.14,EGRESO
8322,1,1001,2,1002,2023-06-13 16:48:10,4430878.85,INGRESO
8323,1,1001,2,1002,2023-06-14 00:18:02,2712900.43,INGRESO
8324,1,1001,2,1002,2023-06-14 04:09:12,709977.54,INGRESO
8325,1,1001,2,1002,2023-06-14 04:10:00,4352021.09,EGRESO
8326,1,1001,2,1002,2023-06-14 08:08:09,5764992.39,EGRESO
8327,1,1001,2,1002,2023-06-14 11:59:20,5817951.27,INGRESO
8328,1,1001,2,1002,2023-06-14 15:03:26,6431170.34,INGRESO
8329,1,1001,2,1002,2023-06-15 00:50:24,3196225.89,EGRESO
8330,1,1001,2,1002,2023-06-15 03:56:14,9092554.38,INGRESO
8331,1,1001,2,1002,2023-06-15 16:27:56,9371559.93,INGRESO
8332,1,1001,2,1002,2023-06-15 17:51:05,1142404.35,EGRESO
8333,1,1001,2,1002,2023-06-16 01:20:06,1517073.18,INGRESO
8334,1,1001,2,1002,2023-06-16 07:36:35,3995293.67,EGRESO
8335,1,1001,2,1002,2023-06-16 08:12:33,9416046.57,EGRESO
8336,1,1001,2,1002,2023-06-16 11:24:38,5756539.24,EGRESO
8337,1,1001,2,1002,2023-06-16 12:46:08,3100880.74,INGRESO
8338,1,1001,2,1002,2023-06-17 14:08:04,4664364.21,EGRESO
8339,1,1001,2,1002,2023-06-17 14:17:20,941184.32,INGRESO
8340,1,1001,2,1002,2023-06-17 14:59:28,6681481.41,EGRESO
8341,1,1001,2,1002,2023-06-17 19:25:27,2587990.81,EGRESO
8342,1,1001,2,1002,2023-06-17 23:42:57,4368945.33,INGRESO
8343,1,1001,2,1002,2023-06-18 02:38:47,5532564.49,EGRESO
8344,1,1001,2,1002,2023-06-18 08:08:50,6647696.98,INGRESO
8345,1,1001,2,1002,2023-06-18 11:22:36,954129.37,INGRESO
8346,1,1001,2,1002,2023-06-18 15:12:57,9165809.01,INGRESO
8347,1,1001,2,1002,2023-06-18 22:31:37,9817811.41,EGRESO
8348,1,1001,2,1002,2023-06-19 15:54:49,6024486.40,EGRESO
8349,1,1001,2,1002,2023-06-19 16:02:42,1283228.12,EGRESO
8350,1,1001,2,1002,2023-06-19 18:38:45,3207498.92,INGRESO
8351,1,1001,2,1002,2023-06-19 21:17:40,7562913.23,EGRESO
8352,1,1001,2,1002,2023-06-20 06:29:12,4191996.95,INGRESO
8353,1,1001,2,1002,2023-06-20 09:59:40,1483226.65,INGRESO
8354,1,1001,2,1002,2023-06-20 17:19:48,3047000.72,EGRESO
8355,1,1001,2,1002,2023-06-20 19:19:40,68449.77,EGRESO
8356,1,1001,2,1002,2023-06-21 01:47:16,265766.04,EGRESO
8357,1,1001,2,1002,2023-06-21 07:41:08,3901456.42,EGRESO
8358,1,1001,2,1002,2023-06-21 07:51:13,5654516.00,EGRESO
8359,1,1001,2,1002,2023-06-21 14:47:36,2341491.71,INGRESO
8360,1,1001,2,1002,2023-06-21 14:50:38,195005.96,INGRESO
8361,1,1001,2,1002,2023-06-21 20:22:42,648179.67,INGRESO
8362,1,1001,2,1002,2023-06-22 08:55:27,3182296.49,INGRESO
8363,1,1001,2,1002,2023-06-22 16:47:50,5145723.82,INGRESO
8364,1,1001,2,1002,2023-06-22 18:31:04,1796789.17,INGRESO
8365,1,1001,2,1002,2023-06-22 20:17:41,9807009.16,EGRESO
8366,1,1001,2,1002,2023-06-22 20:55:43,8908199.60,INGRESO
8367,1,1001,2,1002,2023-06-23 02:54:26,6391373.75,EGRESO
8368,1,1001,2,1002,2023-06-23 04:18:38,4210990.41,EGRESO
8369,1,1001,2,1002,2023-06-23 13:25:58,7420339.65,INGRESO
8370,1,1001,2,1002,2023-06-23 15:41:19,5457328.89,INGRESO
8371,1,1001,2,1002,2023-06-24 00:19:26,9108553.73,EGRESO
8372,1,1001,2,1002,2023-06-24 00:29:01,9566764.78,INGRESO
8373,1,1001,2,1002,2023-06-24 09:25:31,4888554.91,EGRESO
8374,1,1001,2,1002,2023-06-24 17:46:35,7477191.38,INGRESO
8375,1,1001,2,1002,2023-06-24 22:49:47,8428371.96,INGRESO
8376,1,1001,2,1002,2023-06-25 05:44:44,8662068.07,EGRESO
8377,1,1001,2,1002,2023-06-25 07:00:48,527383.35,EGRESO
8378,1,1001,2,1002,2023-06-25 17:06:42,6401325.42,EGRESO
8379,1,1001,2,1002,2023-06-25 23:00:43,8420141.62,EGRESO
8380,1,1001,2,1002,2023-06-26 04:46:06,3070684.88,EGRESO
8381,1,1001,2,1002,2023-06-26 10:55:51,9750795.40,INGRESO
8382,1,1001,2,1002,2023-06-26 15:48:09,4564283.92,EGRESO
8383,1,1001,2,1002,2023-06-26 23:08:22,8142601.11,INGRESO
8384,1,1001,2,1002,2023-06-27 05:11:46,2047986.12,EGRESO
8385,1,1001,2,1002,2023-06-27 07:26:54,5595724.51,EGRESO
8386,1,1001,2,1002,2023-06-27 14:18:42,7485387.39,INGRESO
8387,1,1001,2,1002,2023-06-27 23:23:48,658422.52,INGRESO
8388,1,1001,2,1002,2023-06-28 00:05:36,8203906.35,EGRESO
8389,1,1001,2,1002,2023-06-28 10:47:14,3344923.97,EGRESO
8390,1,1001,2,1002,2023-06-28 23:54:41,3038706.13,INGRESO
8391,1,1001,2,1002,2023-06-28 23:56:59,2888922.02,EGRESO
8392,1,1001,2,1002,2023-06-29 00:47:50,9690774.47,INGRESO
8393,1,1001,2,1002,2023-06-29 11:49:57,2007252.26,EGRESO
8394,1,1001,2,1002,2023-06-29 13:54:22,2140879.07,EGRESO
8395,1,1001,2,1002,2023-06-29 16:04:44,904203.85,INGRESO
8396,1,1001,2,1002,2023-06-30 02:28:18,4185043.81,EGRESO
8397,1,1001,2,1002,2023-06-30 04:39:59,382265.65,INGRESO
8398,1,1001,2,1002,2023-06-30 08:25:42,3401693.79,INGRESO
8399,1,1001,2,1002,2023-06-30 12:15:34,7232054.23,EGRESO
8400,1,1001,2,1002,2023-06-30 18:55:38,9184444.06,EGRESO
8401,1,1001,2,1002,2023-06-30 21:44:37,8439309.31,EGRESO
8402,1,1001,2,1002,2023-07-01 01:34:03,3038063.15,EGRESO
8403,1,1001,2,1002,2023-07-01 01:46:01,5879906.52,INGRESO
8404,1,1001,2,1002,2023-07-01 02:52:33,7138256.36,INGRESO
8405,1,1001,2,1002,2023-07-01 10:26:48,453217.16,INGRESO
8406,1,1001,2,1002,2023-07-01 10:45:06,5596191.00,INGRESO
8407,1,1001,2,1002,2023-07-01 11:07:51,5851304.45,EGRESO
8408,1,1001,2,1002,2023-07-01 19:52:24,5181245.87,EGRESO
8409,1,1001,2,1002,2023-07-02 02:28:50,572643.86,EGRESO
8410,1,1001,2,1002,2023-07-02 03:20:19,8864104.89,EGRESO
8411,1,1001,2,1002,2023-07-02 04:12:28,3232061.07,EGRESO
8412,1,1001,2,1002,2023-07-02 05:54:43,6859947.42,EGRESO
8413,1,1001,2,1002,2023-07-02 10:53:11,1945566.64,INGRESO
8414,1,1001,2,1002,2023-07-02 23:23:19,5307962.89,EGRESO
8415,1,1001,2,1002,2023-07-03 00:54:57,7809547.25,INGRESO
8416,1,1001,2,1002,2023-07-03 06:32:31,3392571.76,INGRESO
8417,1,1001,2,1002,2023-07-03 13:25:26,9954198.93,INGRESO
8418,1,1001,2,1002,2023-07-03 14:22:47,6748426.93,INGRESO
8419,1,1001,2,1002,2023-07-03 22:26:02,3511027.95,EGRESO
8420,1,1001,2,1002,2023-07-04 04:17:19,142886.45,EGRESO
8421,1,1001,2,1002,2023-07-04 04:27:17,2879719.19,INGRESO
8422,1,1001,2,1002,2023-07-04 15:06:26,4195995.35,EGRESO
8423,1,1001,2,1002,2023-07-04 18:15:09,4581655.25,EGRESO
8424,1,1001,2,1002,2023-07-04 23:10:51,6355855.53,EGRESO
8425,1,1001,2,1002,2023-07-05 10:55:35,2798301.97,EGRESO
8426,1,1001,2,1002,2023-07-05 16:53:34,9456936.02,EGRESO
8427,1,1001,2,1002,2023-07-05 17:44:06,2171306.02,EGRESO
8428,1,1001,2,1002,2023-07-05 19:02:01,6779182.99,INGRESO
8429,1,1001,2,1002,2023-07-06 03:53:07,4571340.80,EGRESO
8430,1,1001,2,1002,2023-07-06 13:56:52,5730893.07,EGRESO
8431,1,1001,2,1002,2023-07-06 15:50:58,7943146.20,INGRESO
8432,1,1001,2,1002,2023-07-06 16:09:46,8301225.95,INGRESO
8433,1,1001,2,1002,2023-07-07 07:16:37,3286579.32,EGRESO
8434,1,1001,2,1002,2023-07-07 08:18:11,9033400.07,INGRESO
8435,1,1001,2,1002,2023-07-07 11:42:55,7909082.62,INGRESO
8436,1,1001,2,1002,2023-07-07 13:50:16,225504.53,INGRESO
8437,1,1001,2,1002,2023-07-08 13:47:18,6336313.97,EGRESO
8438,1,1001,2,1002,2023-07-08 14:18:55,8746878.48,INGRESO
8439,1,1001,2,1002,2023-07-08 17:29:04,2070640.83,EGRESO
8440,1,1001,2,1002,2023-07-08 23:31:45,1858819.67,EGRESO
8441,1,1001,2,1002,2023-07-09 01:32:10,3230513.87,EGRESO
8442,1,1001,2,1002,2023-07-09 03:59:16,9047387.52,EGRESO
8443,1,1001,2,1002,2023-07-09 10:09:00,8635789.72,INGRESO
8444,1,1001,2,1002,2023-07-09 18:53:57,9779516.13,INGRESO
8445,1,1001,2,1002,2023-07-09 20:14:58,1550928.71,EGRESO
8446,1,1001,2,1002,2023-07-09 21:20:46,5658682.26,INGRESO
8447,1,1001,2,1002,2023-07-10 05:35:09,187364.07,EGRESO
8448,1,1001,2,1002,2023-07-10 07:23:31,338220.15,INGRESO
8449,1,1001,2,1002,2023-07-10 09:33:32,5881022.40,INGRESO
8450,1,1001,2,1002,2023-07-10 16:02:14,918242.56,INGRESO
8451,1,1001,2,1002,2023-07-10 16:20:46,511730.05,EGRESO
8452,1,1001,2,1002,2023-07-10 23:43:36,168129.13,EGRESO
8453,1,1001,2,1002,2023-07-11 10:03:18,9770235.41,EGRESO
8454,1,1001,2,1002,2023-07-11 13:09:29,4247232.84,INGRESO
8455,1,1001,2,1002,2023-07-11 14:11:26,7133347.35,INGRESO
8456,1,1001,2,1002,2023-07-11 22:11:35,6153843.91,INGRESO
8457,1,1001,2,1002,2023-07-12 05:33:27,424350.97,EGRESO
8458,1,1001,2,1002,2023-07-12 06:14:13,2469691.39,EGRESO
8459,1,1001,2,1002,2023-07-12 15:29:15,2169960.52,INGRESO
8460,1,1001,2,1002,2023-07-12 18:54:19,2719753.29,EGRESO
8461,1,1001,2,1002,2023-07-12 21:57:54,7250615.04,INGRESO
8462,1,1001,2,1002,2023-07-13 04:28:15,7941703.38,EGRESO
8463,1,1001,2,1002,2023-07-13 05:24:47,4627527.02,EGRESO
8464,1,1001,2,1002,2023-07-13 08:40:02,7496136.63,INGRESO
8465,1,1001,2,1002,2023-07-13 09:55:56,6194014.00,INGRESO
8466,1,1001,2,1002,2023-07-14 00:36:23,797619.72,EGRESO
8467,1,1001,2,1002,2023-07-14 02:58:32,9780089.65,EGRESO
8468,1,1001,2,1002,2023-07-14 15:09:16,3142203.15,EGRESO
8469,1,1001,2,1002,2023-07-14 20:25:11,9777944.64,INGRESO
8470,1,1001,2,1002,2023-07-15 01:13:57,6397607.76,EGRESO
8471,1,1001,2,1002,2023-07-15 11:01:26,7150289.96,EGRESO
8472,1,1001,2,1002,2023-07-15 16:10:40,475825.45,EGRESO
8473,1,1001,2,1002,2023-07-15 22:21:03,632037.84,EGRESO
8474,1,1001,2,1002,2023-07-16 02:17:46,5675568.06,INGRESO
8475,1,1001,2,1002,2023-07-16 03:43:33,5863174.44,EGRESO
8476,1,1001,2,1002,2023-07-16 03:58:30,2651602.70,INGRESO
8477,1,1001,2,1002,2023-07-16 16:00:50,3770907.43,EGRESO
8478,1,1001,2,1002,2023-07-16 21:20:24,9152338.04,EGRESO
8479,1,1001,2,1002,2023-07-17 00:42:14,5328571.23,EGRESO
8480,1,1001,2,1002,2023-07-17 10:58:43,536392.44,INGRESO
8481,1,1001,2,1002,2023-07-17 14:44:54,1539034.12,INGRESO
8482,1,1001,2,1002,2023-07-17 18:25:38,1678804.89,INGRESO
8483,1,1001,2,1002,2023-07-18 00:34:31,7329910.81,INGRESO
8484,1,1001,2,1002,2023-07-18 03:13:48,7595303.64,EGRESO
8485,1,1001,2,1002,2023-07-18 04:36:39,7519864.18,INGRESO
8486,1,1001,2,1002,2023-07-18 13:15:23,7635578.53,EGRESO
8487,1,1001,2,1002,2023-07-18 13:40:12,3730014.65,EGRESO
8488,1,1001,2,1002,2023-07-18 17:14:05,6209062.22,INGRESO
8489,1,1001,2,1002,2023-07-19 00:59:11,2514893.86,INGRESO
8490,1,1001,2,1002,2023-07-19 05:30:06,6376026.16,EGRESO
8491,1,1001,2,1002,2023-07-19 08:05:57,3031853.35,EGRESO
8492,1,1001,2,1002,2023-07-19 18:20:29,1287187.04,EGRESO
8493,1,1001,2,1002,2023-07-19 23:14:24,6779351.29,EGRESO
8494,1,1001,2,1002,2023-07-20 02:58:01,5118786.41,EGRESO
8495,1,1001,2,1002,2023-07-20 03:17:46,8226933.67,EGRESO
8496,1,1001,2,1002,2023-07-20 07:04:50,5362177.30,EGRESO
8497,1,1001,2,1002,2023-07-20 20:07:31,4718816.64,INGRESO
8498,1,1001,2,1002,2023-07-20 22:00:15,3995826.91,INGRESO
8499,1,1001,2,1002,2023-07-21 02:33:57,7658822.24,EGRESO
8500,1,1001,2,1002,2023-07-21 04:59:10,4695291.39,EGRESO
8501,1,1001,2,1002,2023-07-21 10:32:40,7009551.65,INGRESO
8502,1,1001,2,1002,2023-07-21 18:50:50,3689455.09,EGRESO
8503,1,1001,2,1002,2023-07-22 09:10:14,6876977.69,EGRESO
8504,1,1001,2,1002,2023-07-22 15:10:39,841395.92,EGRESO
8505,1,1001,2,1002,2023-07-22 16:03:35,2163622.96,INGRESO
8506,1,1001,2,1002,2023-07-22 21:20:04,1547966.47,INGRESO
8507,1,1001,2,1002,2023-07-23 01:42:28,715243.31,EGRESO
8508,1,1001,2,1002,2023-07-23 08:46:25,2497857.03,INGRESO
8509,1,1001,2,1002,2023-07-23 11:23:13,8962277.79,INGRESO
8510,1,1001,2,1002,2023-07-23 20:30:30,4190918.18,INGRESO
8511,1,1001,2,1002,2023-07-24 03:33:10,5169301.13,INGRESO
8512,1,1001,2,1002,2023-07-24 14:51:46,8183013.89,INGRESO
8513,1,1001,2,1002,2023-07-24 19:46:29,2030610.13,INGRESO
8514,1,1001,2,1002,2023-07-24 23:53:47,1391984.12,EGRESO
8515,1,1001,2,1002,2023-07-25 02:07:34,352413.69,EGRESO
8516,1,1001,2,1002,2023-07-25 04:04:22,5881687.21,EGRESO
8517,1,1001,2,1002,2023-07-25 11:06:57,6204895.72,INGRESO
8518,1,1001,2,1002,2023-07-25 21:45:34,6938545.99,EGRESO
8519,1,1001,2,1002,2023-07-26 02:19:49,9209175.00,EGRESO
8520,1,1001,2,1002,2023-07-26 03:39:24,3928813.36,INGRESO
8521,1,1001,2,1002,2023-07-26 15:34:43,4743063.84,EGRESO
8522,1,1001,2,1002,2023-07-26 20:49:51,6032679.00,INGRESO
8523,1,1001,2,1002,2023-07-27 07:49:20,1035548.56,INGRESO
8524,1,1001,2,1002,2023-07-27 10:06:53,8762048.63,INGRESO
8525,1,1001,2,1002,2023-07-27 18:05:28,8609137.81,INGRESO
8526,1,1001,2,1002,2023-07-27 21:23:38,4742797.11,EGRESO
8527,1,1001,2,1002,2023-07-28 00:46:43,4500471.54,EGRESO
8528,1,1001,2,1002,2023-07-28 06:47:44,4237904.22,INGRESO
8529,1,1001,2,1002,2023-07-28 10:32:12,3364164.89,INGRESO
8530,1,1001,2,1002,2023-07-28 15:54:50,2199627.94,INGRESO
8531,1,1001,2,1002,2023-07-28 20:54:51,3094088.65,INGRESO
8532,1,1001,2,1002,2023-07-29 10:15:14,1217195.57,INGRESO
8533,1,1001,2,1002,2023-07-29 10:53:20,7049468.67,EGRESO
8534,1,1001,2,1002,2023-07-29 11:50:43,3709704.45,INGRESO
8535,1,1001,2,1002,2023-07-29 16:36:58,8770740.65,EGRESO
8536,1,1001,2,1002,2023-07-29 21:19:26,361709.50,EGRESO
8537,1,1001,2,1002,2023-07-30 10:00:20,8600473.23,INGRESO
8538,1,1001,2,1002,2023-07-30 18:32:14,3427848.07,INGRESO
8539,1,1001,2,1002,2023-07-30 20:02:28,1363548.12,EGRESO
8540,1,1001,2,1002,2023-07-30 23:14:43,1602416.21,EGRESO
8541,1,1001,2,1002,2023-07-30 23:23:31,6709630.08,INGRESO
8542,1,1001,2,1002,2023-07-31 03:06:53,6975518.58,INGRESO
8543,1,1001,2,1002,2023-07-31 03:25:36,9675063.88,INGRESO
8544,1,1001,2,1002,2023-07-31 12:23:39,6948271.79,EGRESO
8545,1,1001,2,1002,2023-07-31 18:02:59,4286688.29,EGRESO
8546,1,1001,2,1002,2023-07-31 18:48:00,9695589.00,EGRESO
8547,1,1001,2,1002,2023-08-01 04:11:04,4694150.80,INGRESO
8548,1,1001,2,1002,2023-08-01 08:19:58,222513.37,INGRESO
8549,1,1001,2,1002,2023-08-01 11:31:38,6087189.13,EGRESO
8550,1,1001,2,1002,2023-08-01 13:25:32,2512176.39,EGRESO
8551,1,1001,2,1002,2023-08-01 18:31:26,1782201.65,EGRESO
8552,1,1001,2,1002,2023-08-02 10:36:16,963625.51,INGRESO
8553,1,1001,2,1002,2023-08-02 11:12:58,2612023.26,EGRESO
8554,1,1001,2,1002,2023-08-02 13:36:43,7491599.78,EGRESO
8555,1,1001,2,1002,2023-08-02 18:20:44,3015101.26,INGRESO
8556,1,1001,2,1002,2023-08-03 09:00:31,8690114.54,INGRESO
8557,1,1001,2,1002,2023-08-03 09:58:08,4357066.88,EGRESO
8558,1,1001,2,1002,2023-08-03 15:00:33,3226717.65,INGRESO
8559,1,1001,2,1002,2023-08-03 18:40:48,2506882.73,INGRESO
8560,1,1001,2,1002,2023-08-04 08:46:32,8034669.65,EGRESO
8561,1,1001,2,1002,2023-08-04 15:48:33,8308887.57,INGRESO
8562,1,1001,2,1002,2023-08-04 21:39:59,2629393.90,INGRESO
8563,1,1001,2,1002,2023-08-04 21:47:02,7256897.31,INGRESO
8564,1,1001,2,1002,2023-08-05 07:25:38,2139124.62,EGRESO
8565,1,1001,2,1002,2023-08-05 09:21:49,2163472.36,EGRESO
8566,1,1001,2,1002,2023-08-05 16:56:05,1189873.06,INGRESO
8567,1,1001,2,1002,2023-08-05 22:16:44,3035256.42,EGRESO
8568,1,1001,2,1002,2023-08-06 04:39:36,7226140.67,INGRESO
8569,1,1001,2,1002,2023-08-06 04:54:43,1255509.77,EGRESO
8570,1,1001,2,1002,2023-08-06 19:56:18,4912959.88,EGRESO
8571,1,1001,2,1002,2023-08-06 23:34:52,4134583.84,EGRESO
8572,1,1001,2,1002,2023-08-07 00:33:15,7276151.27,EGRESO
8573,1,1001,2,1002,2023-08-07 02:53:43,6587671.80,EGRESO
8574,1,1001,2,1002,2023-08-07 09:22:11,5986877.90,INGRESO
8575,1,1001,2,1002,2023-08-07 20:19:02,2226746.95,INGRESO
8576,1,1001,2,1002,2023-08-08 06:23:17,3860852.09,EGRESO
8577,1,1001,2,1002,2023-08-08 09:26:02,7337476.86,INGRESO
8578,1,1001,2,1002,2023-08-08 13:07:13,6762613.68,EGRESO
8579,1,1001,2,1002,2023-08-08 22:26:07,5853181.64,INGRESO
8580,1,1001,2,1002,2023-08-09 06:20:06,3146232.23,EGRESO
8581,1,1001,2,1002,2023-08-09 07:03:45,6897399.72,INGRESO
8582,1,1001,2,1002,2023-08-09 14:32:04,1299185.60,INGRESO
8583,1,1001,2,1002,2023-08-09 16:50:27,2639872.09,INGRESO
8584,1,1001,2,1002,2023-08-10 03:29:40,1084959.67,INGRESO
8585,1,1001,2,1002,2023-08-10 03:48:15,6052812.75,EGRESO
8586,1,1001,2,1002,2023-08-10 10:56:08,4327805.72,INGRESO
8587,1,1001,2,1002,2023-08-10 23:41:24,4886004.30,EGRESO
8588,1,1001,2,1002,2023-08-11 06:42:55,4079600.40,EGRESO
8589,1,1001,2,1002,2023-08-11 17:19:03,1189091.27,EGRESO
8590,1,1001,2,1002,2023-08-11 23:22:29,2663582.46,EGRESO
8591,1,1001,2,1002,2023-08-11 23:38:45,9011042.94,INGRESO
8592,1,1001,2,1002,2023-08-12 01:34:12,4455917.37,EGRESO
8593,1,1001,2,1002,2023-08-12 06:57:28,9290200.64,EGRESO
8594,1,1001,2,1002,2023-08-12 15:16:39,9189274.93,EGRESO
8595,1,1001,2,1002,2023-08-12 19:14:55,5132691.56,EGRESO
8596,1,1001,2,1002,2023-08-13 07:07:29,8583428.45,EGRESO
8597,1,1001,2,1002,2023-08-13 14:14:14,2234057.59,EGRESO
8598,1,1001,2,1002,2023-08-13 14:16:29,8968865.89,EGRESO
8599,1,1001,2,1002,2023-08-13 15:28:03,9494552.10,INGRESO
8600,1,1001,2,1002,2023-08-14 10:24:16,4554791.05,EGRESO
8601,1,1001,2,1002,2023-08-14 13:38:19,2186315.25,INGRESO
8602,1,1001,2,1002,2023-08-14 20:27:11,5062578.43,INGRESO
8603,1,1001,2,1002,2023-08-14 23:40:24,1629878.53,INGRESO
8604,1,1001,2,1002,2023-08-15 14:33:25,1528108.53,INGRESO
8605,1,1001,2,1002,2023-08-15 14:38:56,7173228.23,EGRESO
8606,1,1001,2,1002,2023-08-15 20:44:10,5529341.07,INGRESO
8607,1,1001,2,1002,2023-08-15 23:58:17,5747887.03,EGRESO
8608,1,1001,2,1002,2023-08-16 06:50:31,1211496.81,EGRESO
8609,1,1001,2,1002,2023-08-16 14:13:06,4698765.45,INGRESO
8610,1,1001,2,1002,2023-08-16 14:24:27,7835032.89,INGRESO
8611,1,1001,2,1002,2023-08-16 18:45:56,9639905.19,INGRESO
8612,1,1001,2,1002,2023-08-17 05:07:43,4494758.36,INGRESO
8613,1,1001,2,1002,2023-08-17 12:17:35,2632065.52,INGRESO
8614,1,1001,2,1002,2023-08-17 16:57:04,8888382.90,EGRESO
8615,1,1001,2,1002,2023-08-17 18:39:04,151061.42,EGRESO
8616,1,1001,2,1002,2023-08-17 20:15:01,6471934.32,INGRESO
8617,1,1001,2,1002,2023-08-18 01:20:01,8555291.28,INGRESO
8618,1,1001,2,1002,2023-08-18 02:46:14,4078108.62,INGRESO
8619,1,1001,2,1002,2023-08-18 02:58:14,3242155.91,EGRESO
8620,1,1001,2,1002,2023-08-18 08:45:43,9594824.72,EGRESO
8621,1,1001,2,1002,2023-08-18 20:19:58,5609793.66,INGRESO
8622,1,1001,2,1002,2023-08-19 06:16:44,6830345.07,EGRESO
8623,1,1001,2,1002,2023-08-19 09:44:43,3433164.04,INGRESO
8624,1,1001,2,1002,2023-08-19 12:06:12,6991853.11,INGRESO
8625,1,1001,2,1002,2023-08-19 13:05:08,2449655.42,INGRESO
8626,1,1001,2,1002,2023-08-19 16:43:09,9926480.64,EGRESO
8627,1,1001,2,1002,2023-08-19 17:18:19,3326525.11,EGRESO
8628,1,1001,2,1002,2023-08-20 06:41:50,1411703.99,EGRESO
8629,1,1001,2,1002,2023-08-20 11:22:37,2739056.66,INGRESO
8630,1,1001,2,1002,2023-08-20 13:24:53,8429778.36,INGRESO
8631,1,1001,2,1002,2023-08-20 19:52:31,5847668.15,EGRESO
8632,1,1001,2,1002,2023-08-20 21:53:42,4688718.34,INGRESO
8633,1,1001,2,1002,2023-08-21 03:13:31,9161006.54,EGRESO
8634,1,1001,2,1002,2023-08-21 05:40:04,2100754.16,EGRESO
8635,1,1001,2,1002,2023-08-21 06:12:01,688346.76,INGRESO
8636,1,1001,2,1002,2023-08-21 06:26:10,2771799.60,EGRESO
8637,1,1001,2,1002,2023-08-22 07:43:09,2629272.25,INGRESO
8638,1,1001,2,1002,2023-08-22 12:15:14,2343023.17,EGRESO
8639,1,1001,2,1002,2023-08-22 17:25:06,4921036.56,INGRESO
8640,1,1001,2,1002,2023-08-22 19:18:00,2033109.13,INGRESO
8641,1,1001,2,1002,2023-08-22 20:40:47,3200943.33,INGRESO
8642,1,1001,2,1002,2023-08-23 03:43:51,4874688.41,EGRESO
8643,1,1001,2,1002,2023-08-23 05:13:31,9435081.60,EGRESO
8644,1,1001,2,1002,2023-08-23 05:38:07,1871406.09,EGRESO
8645,1,1001,2,1002,2023-08-23 19:06:02,4773597.99,INGRESO
8646,1,1001,2,1002,2023-08-24 08:08:33,5053353.13,EGRESO
8647,1,1001,2,1002,2023-08-24 10:30:27,1140406.39,INGRESO
8648,1,1001,2,1002,2023-08-24 11:58:54,6492490.97,INGRESO
8649,1,1001,2,1002,2023-08-24 20:03:27,6411658.94,EGRESO
8650,1,1001,2,1002,2023-08-25 02:59:26,3444022.51,INGRESO
8651,1,1001,2,1002,2023-08-25 07:29:54,3061667.79,EGRESO
8652,1,1001,2,1002,2023-08-25 09:44:21,2151580.97,EGRESO
8653,1,1001,2,1002,2023-08-25 11:01:05,5749454.46,INGRESO
8654,1,1001,2,1002,2023-08-26 00:26:24,7630214.46,EGRESO
8655,1,1001,2,1002,2023-08-26 08:00:25,9850986.49,INGRESO
8656,1,1001,2,1002,2023-08-26 13:49:54,2611019.53,INGRESO
8657,1,1001,2,1002,2023-08-26 14:22:30,9944874.47,EGRESO
8658,1,1001,2,1002,2023-08-26 15:51:27,7872279.50,INGRESO
8659,1,1001,2,1002,2023-08-27 00:27:36,7027210.47,INGRESO
8660,1,1001,2,1002,2023-08-27 13:39:33,8500084.88,INGRESO
8661,1,1001,2,1002,2023-08-27 16:02:26,9059335.46,INGRESO
8662,1,1001,2,1002,2023-08-27 16:58:44,8720445.43,EGRESO
8663,1,1001,2,1002,2023-08-27 22:59:08,8438168.31,EGRESO
8664,1,1001,2,1002,2023-08-28 00:00:55,9313198.02,EGRESO
8665,1,1001,2,1002,2023-08-28 00:53:03,975073.65,INGRESO
8666,1,1001,2,1002,2023-08-28 03:25:10,3065886.28,INGRESO
8667,1,1001,2,1002,2023-08-28 08:19:00,7765466.09,INGRESO
8668,1,1001,2,1002,2023-08-28 08:45:22,4680815.45,EGRESO
8669,1,1001,2,1002,2023-08-28 09:12:39,9748077.57,INGRESO
8670,1,1001,2,1002,2023-08-28 14:40:43,2697499.98,INGRESO
8671,1,1001,2,1002,2023-08-29 03:37:27,6726060.85,EGRESO
8672,1,1001,2,1002,2023-08-29 15:16:26,4108206.62,EGRESO
8673,1,1001,2,1002,2023-08-29 16:49:16,4307841.45,INGRESO
8674,1,1001,2,1002,2023-08-29 21:11:24,4289573.42,EGRESO
8675,1,1001,2,1002,2023-08-29 21:36:37,7856564.35,EGRESO
8676,1,1001,2,1002,2023-08-30 03:17:11,8182682.53,INGRESO
8677,1,1001,2,1002,2023-08-30 08:57:46,9840701.84,EGRESO
8678,1,1001,2,1002,2023-08-30 16:19:33,648133.97,EGRESO
8679,1,1001,2,1002,2023-08-30 18:21:05,5305920.94,EGRESO
8680,1,1001,2,1002,2023-08-31 02:07:46,18834.05,EGRESO
8681,1,1001,2,1002,2023-08-31 07:45:09,4978497.83,EGRESO
8682,1,1001,2,1002,2023-08-31 10:26:23,9257951.35,INGRESO
8683,1,1001,2,1002,2023-08-31 13:33:09,4950703.27,INGRESO
8684,1,1001,2,1002,2023-08-31 20:53:42,2807090.50,EGRESO
8685,1,1001,2,1002,2023-09-01 00:45:56,5882204.59,INGRESO
8686,1,1001,2,1002,2023-09-01 01:09:35,8149912.74,INGRESO
8687,1,1001,2,1002,2023-09-01 04:32:12,8171626.09,INGRESO
8688,1,1001,2,1002,2023-09-01 21:30:47,3323930.77,INGRESO
8689,1,1001,2,1002,2023-09-01 22:53:20,1979633.52,INGRESO
8690,1,1001,2,1002,2023-09-02 05:19:58,9363427.63,EGRESO
8691,1,1001,2,1002,2023-09-02 14:30:44,9862141.33,EGRESO
8692,1,1001,2,1002,2023-09-02 17:39:51,6826479.78,EGRESO
8693,1,1001,2,1002,2023-09-02 20:01:01,8503865.65,EGRESO
8694,1,1001,2,1002,2023-09-02 21:21:31,1624780.52,EGRESO
8695,1,1001,2,1002,2023-09-03 05:37:15,9902632.47,INGRESO
8696,1,1001,2,1002,2023-09-03 09:40:45,5924259.50,EGRESO
8697,1,1001,2,1002,2023-09-03 16:51:05,4308343.14,EGRESO
8698,1,1001,2,1002,2023-09-03 19:39:11,9899354.01,EGRESO
8699,1,1001,2,1002,2023-09-04 03:16:34,453319.05,INGRESO
8700,1,1001,2,1002,2023-09-04 05:51:08,1207355.72,EGRESO
8701,1,1001,2,1002,2023-09-04 06:57:52,3569115.63,EGRESO
8702,1,1001,2,1002,2023-09-04 12:35:14,7328248.95,EGRESO
8703,1,1001,2,1002,2023-09-04 14:31:59,702448.55,EGRESO
8704,1,1001,2,1002,2023-09-04 20:51:59,6550854.89,EGRESO
8705,1,1001,2,1002,2023-09-05 12:13:41,5794302.99,EGRESO
8706,1,1001,2,1002,2023-09-05 15:47:27,9374164.52,INGRESO
8707,1,1001,2,1002,2023-09-05 21:48:56,794500.75,EGRESO
8708,1,1001,2,1002,2023-09-05 22:52:23,6293451.41,EGRESO
8709,1,1001,2,1002,2023-09-06 07:03:16,2008247.57,EGRESO
8710,1,1001,2,1002,2023-09-06 10:32:46,5782132.78,INGRESO
8711,1,1001,2,1002,2023-09-06 11:52:25,4859794.61,INGRESO
8712,1,1001,2,1002,2023-09-06 20:38:05,6382949.63,EGRESO
8713,1,1001,2,1002,2023-09-07 01:43:33,1198468.98,INGRESO
8714,1,1001,2,1002,2023-09-07 03:43:04,9679108.15,INGRESO
8715,1,1001,2,1002,2023-09-07 13:30:41,2809935.74,EGRESO
8716,1,1001,2,1002,2023-09-07 18:14:19,3729915.35,EGRESO
8717,1,1001,2,1002,2023-09-07 18:27:12,1590039.14,EGRESO
8718,1,1001,2,1002,2023-09-08 01:23:19,7580933.47,INGRESO
8719,1,1001,2,1002,2023-09-08 09:15:17,9590147.43,EGRESO
8720,1,1001,2,1002,2023-09-08 12:08:04,127001.51,EGRESO
8721,1,1001,2,1002,2023-09-08 23:30:31,1604731.13,INGRESO
8722,1,1001,2,1002,2023-09-09 09:28:25,150346.35,EGRESO
8723,1,1001,2,1002,2023-09-09 09:58:45,5078850.03,EGRESO
8724,1,1001,2,1002,2023-09-09 15:39:28,8797318.01,EGRESO
8725,1,1001,2,1002,2023-09-09 16:13:05,6204741.20,INGRESO
8726,1,1001,2,1002,2023-09-09 19:04:20,9643826.24,EGRESO
8727,1,1001,2,1002,2023-09-10 11:34:02,8930836.22,INGRESO
8728,1,1001,2,1002,2023-09-10 16:21:53,5183894.29,INGRESO
8729,1,1001,2,1002,2023-09-10 16:48:47,8266494.51,INGRESO
8730,1,1001,2,1002,2023-09-10 17:00:22,2853954.05,INGRESO
8731,1,1001,2,1002,2023-09-10 20:37:48,3718450.24,INGRESO
8732,1,1001,2,1002,2023-09-11 03:59:51,9401603.90,INGRESO
8733,1,1001,2,1002,2023-09-11 04:07:38,2571297.08,INGRESO
8734,1,1001,2,1002,2023-09-11 06:22:51,3057554.70,INGRESO
8735,1,1001,2,1002,2023-09-11 22:33:39,5116993.96,EGRESO
8736,1,1001,2,1002,2023-09-12 04:38:52,3625684.23,EGRESO
8737,1,1001,2,1002,2023-09-12 04:56:31,4758400.22,EGRESO
8738,1,1001,2,1002,2023-09-12 07:36:45,4365832.58,EGRESO
8739,1,1001,2,1002,2023-09-12 07:37:41,4263369.05,EGRESO
8740,1,1001,2,1002,2023-09-12 09:02:15,8980477.31,INGRESO
8741,1,1001,2,1002,2023-09-13 06:50:51,7329845.86,EGRESO
8742,1,1001,2,1002,2023-09-13 12:08:07,2800544.00,EGRESO
8743,1,1001,2,1002,2023-09-13 12:10:22,1191039.68,INGRESO
8744,1,1001,2,1002,2023-09-13 17:56:58,2287587.72,INGRESO
8745,1,1001,2,1002,2023-09-14 01:41:38,6669754.53,EGRESO
8746,1,1001,2,1002,2023-09-14 16:13:28,7097419.55,EGRESO
8747,1,1001,2,1002,2023-09-14 17:33:02,6011545.67,EGRESO
8748,1,1001,2,1002,2023-09-14 23:00:00,3523624.29,INGRESO
8749,1,1001,2,1002,2023-09-15 02:06:24,2944864.80,EGRESO
8750,1,1001,2,1002,2023-09-15 06:18:52,3233494.99,INGRESO
8751,1,1001,2,1002,2023-09-15 06:21:10,4581214.64,INGRESO
8752,1,1001,2,1002,2023-09-15 16:14:21,4266525.69,INGRESO
8753,1,1001,2,1002,2023-09-16 01:07:27,7643589.80,EGRESO
8754,1,1001,2,1002,2023-09-16 02:26:56,3490693.65,INGRESO
8755,1,1001,2,1002,2023-09-16 02:46:02,4342555.58,INGRESO
8756,1,1001,2,1002,2023-09-16 16:28:36,1945730.70,INGRESO
8757,1,1001,2,1002,2023-09-17 00:38:57,7832616.37,INGRESO
8758,1,1001,2,1002,2023-09-17 03:08:14,3784879.77,INGRESO
8759,1,1001,2,1002,2023-09-17 15:00:09,6057291.95,INGRESO
8760,1,1001,2,1002,2023-09-17 17:30:12,4070519.16,INGRESO
8761,1,1001,2,1002,2023-09-17 18:21:24,8923328.40,INGRESO
8762,1,1001,2,1002,2023-09-18 01:49:23,9153112.67,EGRESO
8763,1,1001,2,1002,2023-09-18 05:02:02,296385.46,INGRESO
8764,1,1001,2,1002,2023-09-18 08:26:46,158860.63,INGRESO
8765,1,1001,2,1002,2023-09-18 15:03:36,7024834.31,EGRESO
8766,1,1001,2,1002,2023-09-19 08:39:29,6007597.56,INGRESO
8767,1,1001,2,1002,2023-09-19 11:05:55,2956524.43,EGRESO
8768,1,1001,2,1002,2023-09-19 12:21:23,7054500.98,INGRESO
8769,1,1001,2,1002,2023-09-19 14:57:34,5569954.67,INGRESO
8770,1,1001,2,1002,2023-09-19 21:20:45,7706618.13,INGRESO
8771,1,1001,2,1002,2023-09-19 22:57:07,8054766.22,EGRESO
8772,1,1001,2,1002,2023-09-20 02:05:06,4658728.93,INGRESO
8773,1,1001,2,1002,2023-09-20 14:23:03,3818085.26,INGRESO
8774,1,1001,2,1002,2023-09-20 15:08:12,4851878.39,EGRESO
8775,1,1001,2,1002,2023-09-20 17:53:39,4765982.13,INGRESO
8776,1,1001,2,1002,2023-09-20 18:23:58,7228046.03,EGRESO
8777,1,1001,2,1002,2023-09-20 23:30:19,1311601.92,INGRESO
8778,1,1001,2,1002,2023-09-21 00:20:23,6273145.40,INGRESO
8779,1,1001,2,1002,2023-09-21 01:21:28,1469446.86,INGRESO
8780,1,1001,2,1002,2023-09-21 11:45:37,1479784.88,INGRESO
8781,1,1001,2,1002,2023-09-21 22:05:36,1939688.25,INGRESO
8782,1,1001,2,1002,2023-09-22 07:22:30,8583702.55,INGRESO
8783,1,1001,2,1002,2023-09-22 08:03:54,8671298.30,EGRESO
8784,1,1001,2,1002,2023-09-22 12:13:15,7012700.17,EGRESO
8785,1,1001,2,1002,2023-09-22 15:41:53,5036243.82,INGRESO
8786,1,1001,2,1002,2023-09-23 00:26:18,706659.51,EGRESO
8787,1,1001,2,1002,2023-09-23 00:58:36,4649582.28,INGRESO
8788,1,1001,2,1002,2023-09-23 02:01:09,3191598.73,EGRESO
8789,1,1001,2,1002,2023-09-23 03:24:51,9087623.44,INGRESO
8790,1,1001,2,1002,2023-09-23 15:23:47,4527030.31,INGRESO
8791,1,1001,2,1002,2023-09-24 03:35:34,8991129.70,INGRESO
8792,1,1001,2,1002,2023-09-24 13:36:11,3318646.46,INGRESO
8793,1,1001,2,1002,2023-09-24 17:50:09,8265329.00,EGRESO
8794,1,1001,2,1002,2023-09-24 17:57:04,6595230.56,EGRESO
8795,1,1001,2,1002,2023-09-25 00:27:22,6965962.97,EGRESO
8796,1,1001,2,1002,2023-09-25 11:29:27,2053294.38,EGRESO
8797,1,1001,2,1002,2023-09-25 13:46:52,5853241.61,EGRESO
8798,1,1001,2,1002,2023-09-25 21:07:55,7931961.54,INGRESO
8799,1,1001,2,1002,2023-09-25 21:19:51,8787513.90,INGRESO
8800,1,1001,2,1002,2023-09-26 09:31:35,2608364.05,INGRESO
8801,1,1001,2,1002,2023-09-26 13:57:49,5496137.83,INGRESO
8802,1,1001,2,1002,2023-09-26 14:54:16,5463086.17,EGRESO
8803,1,1001,2,1002,2023-09-26 22:52:02,371954.83,EGRESO
8804,1,1001,2,1002,2023-09-27 02:23:02,9131612.10,EGRESO
8805,1,1001,2,1002,2023-09-27 18:11:35,4979961.55,EGRESO
8806,1,1001,2,1002,2023-09-27 19:44:40,1995871.68,EGRESO
8807,1,1001,2,1002,2023-09-27 22:35:57,1288997.19,INGRESO
8808,1,1001,2,1002,2023-09-28 03:46:28,6467261.11,EGRESO
8809,1,1001,2,1002,2023-09-28 13:40:26,3813426.59,INGRESO
8810,1,1001,2,1002,2023-09-28 17:54:45,9868395.06,INGRESO
8811,1,1001,2,1002,2023-09-28 19:11:14,249718.67,INGRESO
8812,1,1001,2,1002,2023-09-29 03:33:59,3668328.02,EGRESO
8813,1,1001,2,1002,2023-09-29 03:43:12,9168128.42,EGRESO
8814,1,1001,2,1002,2023-09-29 14:43:24,7424508.45,EGRESO
8815,1,1001,2,1002,2023-09-29 23:58:43,961303.45,EGRESO
8816,1,1001,2,1002,2023-09-30 15:44:15,3349031.07,INGRESO
8817,1,1001,2,1002,2023-09-30 18:07:58,9666183.91,EGRESO
8818,1,1001,2,1002,2023-09-30 18:22:23,1530965.81,EGRESO
8819,1,1001,2,1002,2023-09-30 21:46:44,7666693.53,EGRESO
8820,1,1001,2,1002,2023-10-01 00:54:21,1803962.02,EGRESO
8821,1,1001,2,1002,2023-10-01 04:12:57,7340423.96,EGRESO
8822,1,1001,2,1002,2023-10-01 17:05:56,1296775.20,EGRESO
8823,1,1001,2,1002,2023-10-01 21:48:51,6072719.81,INGRESO
8824,1,1001,2,1002,2023-10-02 01:39:58,8665042.07,EGRESO
8825,1,1001,2,1002,2023-10-02 11:04:26,5858536.91,INGRESO
8826,1,1001,2,1002,2023-10-02 15:20:16,6114406.88,INGRESO
8827,1,1001,2,1002,2023-10-02 22:03:03,583895.32,EGRESO
8828,1,1001,2,1002,2023-10-03 00:06:06,14116.57,INGRESO
8829,1,1001,2,1002,2023-10-03 10:04:08,2336432.63,INGRESO
8830,1,1001,2,1002,2023-10-03 17:16:40,3896021.15,INGRESO
8831,1,1001,2,1002,2023-10-03 21:42:28,6671617.49,INGRESO
8832,1,1001,2,1002,2023-10-04 09:00:41,2487348.67,INGRESO
8833,1,1001,2,1002,2023-10-04 12:47:34,9346482.24,EGRESO
8834,1,1001,2,1002,2023-10-04 13:47:41,2574074.78,INGRESO
8835,1,1001,2,1002,2023-10-04 17:03:31,8436721.75,INGRESO
8836,1,1001,2,1002,2023-10-04 21:00:24,432239.46,INGRESO
8837,1,1001,2,1002,2023-10-05 03:46:05,6359428.21,INGRESO
8838,1,1001,2,1002,2023-10-05 10:46:33,2729948.33,INGRESO
8839,1,1001,2,1002,2023-10-05 21:58:01,3871162.94,INGRESO
8840,1,1001,2,1002,2023-10-05 22:26:48,3111121.82,INGRESO
8841,1,1001,2,1002,2023-10-05 22:53:18,2048092.31,EGRESO
8842,1,1001,2,1002,2023-10-06 01:54:42,1659372.00,INGRESO
8843,1,1001,2,1002,2023-10-06 08:33:02,6899554.88,INGRESO
8844,1,1001,2,1002,2023-10-06 11:10:28,4102577.89,INGRESO
8845,1,1001,2,1002,2023-10-06 12:04:51,3154161.63,INGRESO
8846,1,1001,2,1002,2023-10-06 19:46:15,6275690.61,INGRESO
8847,1,1001,2,1002,2023-10-07 01:03:38,4810936.35,EGRESO
8848,1,1001,2,1002,2023-10-07 14:32:44,8323028.84,INGRESO
8849,1,1001,2,1002,2023-10-07 20:36:31,9070790.73,INGRESO
8850,1,1001,2,1002,2023-10-07 20:38:02,6172008.93,EGRESO
8851,1,1001,2,1002,2023-10-08 15:40:20,3429751.54,INGRESO
8852,1,1001,2,1002,2023-10-08 16:44:49,1287968.86,INGRESO
8853,1,1001,2,1002,2023-10-08 20:06:26,5897216.41,INGRESO
8854,1,1001,2,1002,2023-10-08 23:06:04,5305845.07,INGRESO
8855,1,1001,2,1002,2023-10-09 05:19:30,7255125.52,INGRESO
8856,1,1001,2,1002,2023-10-09 17:24:13,1402523.48,INGRESO
8857,1,1001,2,1002,2023-10-09 21:07:39,4988295.82,INGRESO
8858,1,1001,2,1002,2023-10-09 22:41:36,5683196.86,INGRESO
8859,1,1001,2,1002,2023-10-10 01:38:35,7978764.86,INGRESO
8860,1,1001,2,1002,2023-10-10 11:03:59,3138211.98,INGRESO
8861,1,1001,2,1002,2023-10-10 19:25:13,5262916.66,INGRESO
8862,1,1001,2,1002,2023-10-10 23:05:32,7786614.10,INGRESO
8863,1,1001,2,1002,2023-10-11 00:30:24,4049013.70,EGRESO
8864,1,1001,2,1002,2023-10-11 05:22:53,8081160.10,INGRESO
8865,1,1001,2,1002,2023-10-11 10:32:27,8380009.30,EGRESO
8866,1,1001,2,1002,2023-10-11 11:39:53,6622685.86,EGRESO
8867,1,1001,2,1002,2023-10-12 01:07:28,8539982.08,INGRESO
8868,1,1001,2,1002,2023-10-12 02:10:18,3180484.47,EGRESO
8869,1,1001,2,1002,2023-10-12 08:53:46,9674553.73,INGRESO
8870,1,1001,2,1002,2023-10-12 23:35:58,1239067.05,INGRESO
8871,1,1001,2,1002,2023-10-13 05:59:50,7394622.40,INGRESO
8872,1,1001,2,1002,2023-10-13 08:40:07,9201827.67,INGRESO
8873,1,1001,2,1002,2023-10-13 09:33:29,5324347.22,INGRESO
8874,1,1001,2,1002,2023-10-13 13:52:46,7058580.33,INGRESO
8875,1,1001,2,1002,2023-10-14 08:14:36,2637255.24,INGRESO
8876,1,1001,2,1002,2023-10-14 11:51:02,6311899.83,EGRESO
8877,1,1001,2,1002,2023-10-14 19:15:09,3517700.68,INGRESO
8878,1,1001,2,1002,2023-10-14 22:02:58,4559132.17,INGRESO
8879,1,1001,2,1002,2023-10-15 03:40:36,7200151.59,EGRESO
8880,1,1001,2,1002,2023-10-15 05:09:48,7860978.79,EGRESO
8881,1,1001,2,1002,2023-10-15 09:00:01,3967551.62,EGRESO
8882,1,1001,2,1002,2023-10-15 21:21:41,2740600.65,INGRESO
8883,1,1001,2,1002,2023-10-15 22:22:29,2361047.73,EGRESO
8884,1,1001,2,1002,2023-10-16 05:35:25,7464236.80,EGRESO
8885,1,1001,2,1002,2023-10-16 12:36:00,7511255.83,INGRESO
8886,1,1001,2,1002,2023-10-16 14:02:33,1668797.27,INGRESO
8887,1,1001,2,1002,2023-10-16 15:59:45,7762062.58,INGRESO
8888,1,1001,2,1002,2023-10-16 16:19:20,9943287.58,EGRESO
8889,1,1001,2,1002,2023-10-16 18:47:16,4354580.78,EGRESO
8890,1,1001,2,1002,2023-10-17 00:40:39,3513625.67,EGRESO
8891,1,1001,2,1002,2023-10-17 06:22:14,6686280.59,EGRESO
8892,1,1001,2,1002,2023-10-17 10:31:06,3944466.73,EGRESO
8893,1,1001,2,1002,2023-10-17 13:29:47,8955161.72,INGRESO
8894,1,1001,2,1002,2023-10-17 19:13:09,2821066.23,EGRESO
8895,1,1001,2,1002,2023-10-17 20:20:07,9756439.92,EGRESO
8896,1,1001,2,1002,2023-10-18 01:54:30,2441004.56,EGRESO
8897,1,1001,2,1002,2023-10-18 04:26:54,6505501.92,EGRESO
8898,1,1001,2,1002,2023-10-18 09:51:24,7717796.94,INGRESO
8899,1,1001,2,1002,2023-10-18 17:57:06,9887193.21,INGRESO
8900,1,1001,2,1002,2023-10-19 00:02:04,6847033.53,INGRESO
8901,1,1001,2,1002,2023-10-19 05:56:27,8933982.16,EGRESO
8902,1,1001,2,1002,2023-10-19 14:27:39,2770572.35,EGRESO
8903,1,1001,2,1002,2023-10-19 19:56:43,6366598.77,INGRESO
8904,1,1001,2,1002,2023-10-20 02:20:21,6090367.62,EGRESO
8905,1,1001,2,1002,2023-10-20 02:35:20,5170186.55,INGRESO
8906,1,1001,2,1002,2023-10-20 05:40:20,2700904.14,EGRESO
8907,1,1001,2,1002,2023-10-20 11:53:03,2378236.19,EGRESO
8908,1,1001,2,1002,2023-10-20 11:59:49,9555583.50,INGRESO
8909,1,1001,2,1002,2023-10-21 01:28:18,9897696.76,EGRESO
8910,1,1001,2,1002,2023-10-21 04:52:16,6280204.14,INGRESO
8911,1,1001,2,1002,2023-10-21 11:03:13,4538019.56,INGRESO
8912,1,1001,2,1002,2023-10-21 13:49:33,3607834.89,EGRESO
8913,1,1001,2,1002,2023-10-21 19:43:33,1021030.34,EGRESO
8914,1,1001,2,1002,2023-10-21 21:07:55,3699810.87,EGRESO
8915,1,1001,2,1002,2023-10-22 04:26:04,6414673.97,INGRESO
8916,1,1001,2,1002,2023-10-22 05:12:44,3070912.06,EGRESO
8917,1,1001,2,1002,2023-10-22 16:43:55,5629176.71,INGRESO
8918,1,1001,2,1002,2023-10-22 18:28:12,4559910.39,INGRESO
8919,1,1001,2,1002,2023-10-23 04:23:45,6296233.01,EGRESO
8920,1,1001,2,1002,2023-10-23 05:36:02,6839121.44,INGRESO
8921,1,1001,2,1002,2023-10-23 07:53:32,5971173.02,EGRESO
8922,1,1001,2,1002,2023-10-23 17:44:18,1511012.17,EGRESO
8923,1,1001,2,1002,2023-10-24 00:02:11,4784053.04,EGRESO
8924,1,1001,2,1002,2023-10-24 01:58:29,668029.71,INGRESO
8925,1,1001,2,1002,2023-10-24 03:33:11,8545463.90,EGRESO
8926,1,1001,2,1002,2023-10-24 08:20:30,118890.97,INGRESO
8927,1,1001,2,1002,2023-10-24 09:24:14,6199644.88,EGRESO
8928,1,1001,2,1002,2023-10-24 11:11:09,4340209.44,EGRESO
8929,1,1001,2,1002,2023-10-25 06:37:26,3784255.41,INGRESO
8930,1,1001,2,1002,2023-10-25 11:56:02,9205157.23,EGRESO
8931,1,1001,2,1002,2023-10-25 15:56:53,85933.08,EGRESO
8932,1,1001,2,1002,2023-10-25 18:59:35,3525396.08,INGRESO
8933,1,1001,2,1002,2023-10-25 23:04:24,5863440.94,INGRESO
8934,1,1001,2,1002,2023-10-26 04:42:39,5007333.10,EGRESO
8935,1,1001,2,1002,2023-10-26 06:44:26,161798.85,INGRESO
8936,1,1001,2,1002,2023-10-26 11:24:55,4300406.30,EGRESO
8937,1,1001,2,1002,2023-10-26 14:17:36,674128.15,INGRESO
8938,1,1001,2,1002,2023-10-27 05:17:20,7234338.16,EGRESO
8939,1,1001,2,1002,2023-10-27 10:02:08,7262179.29,INGRESO
8940,1,1001,2,1002,2023-10-27 16:18:41,2528879.88,EGRESO
8941,1,1001,2,1002,2023-10-27 20:38:21,7090571.39,EGRESO
8942,1,1001,2,1002,2023-10-28 06:40:46,4978347.58,INGRESO
8943,1,1001,2,1002,2023-10-28 09:09:43,4724926.61,EGRESO
8944,1,1001,2,1002,2023-10-28 19:45:44,2250589.77,EGRESO
8945,1,1001,2,1002,2023-10-28 22:01:18,354675.43,INGRESO
8946,1,1001,2,1002,2023-10-29 04:55:39,1516577.90,EGRESO
8947,1,1001,2,1002,2023-10-29 05:32:04,1780822.98,EGRESO
8948,1,1001,2,1002,2023-10-29 13:32:38,8561654.22,EGRESO
8949,1,1001,2,1002,2023-10-29 22:22:43,168555.85,INGRESO
8950,1,1001,2,1002,2023-10-30 00:44:26,3761843.55,INGRESO
8951,1,1001,2,1002,2023-10-30 04:26:12,139289.72,EGRESO
8952,1,1001,2,1002,2023-10-30 07:20:36,3658492.18,EGRESO
8953,1,1001,2,1002,2023-10-30 08:49:16,3593086.36,INGRESO
8954,1,1001,2,1002,2023-10-31 00:13:47,4990906.29,INGRESO
8955,1,1001,2,1002,2023-10-31 11:09:02,5199807.20,INGRESO
8956,1,1001,2,1002,2023-10-31 11:09:12,5203647.11,INGRESO
8957,1,1001,2,1002,2023-10-31 11:45:41,890821.57,EGRESO
8958,1,1001,2,1002,2023-11-01 03:34:26,3904223.51,EGRESO
8959,1,1001,2,1002,2023-11-01 05:48:39,5094563.31,EGRESO
8960,1,1001,2,1002,2023-11-01 10:15:39,506927.13,EGRESO
8961,1,1001,2,1002,2023-11-01 16:59:31,5047645.37,EGRESO
8962,1,1001,2,1002,2023-11-01 19:40:29,9988608.60,INGRESO
8963,1,1001,2,1002,2023-11-02 03:22:52,7260368.53,INGRESO
8964,1,1001,2,1002,2023-11-02 03:52:40,2677940.14,EGRESO
8965,1,1001,2,1002,2023-11-02 12:42:24,1310880.13,EGRESO
8966,1,1001,2,1002,2023-11-02 14:38:06,3151000.34,EGRESO
8967,1,1001,2,1002,2023-11-02 16:07:09,2658633.88,INGRESO
8968,1,1001,2,1002,2023-11-03 02:40:22,9029919.11,EGRESO
8969,1,1001,2,1002,2023-11-03 05:53:35,3400605.29,EGRESO
8970,1,1001,2,1002,2023-11-03 06:32:54,7624874.05,INGRESO
8971,1,1001,2,1002,2023-11-03 07:33:00,8735054.26,EGRESO
8972,1,1001,2,1002,2023-11-04 00:14:38,5825608.39,INGRESO
8973,1,1001,2,1002,2023-11-04 03:02:19,2799835.18,EGRESO
8974,1,1001,2,1002,2023-11-04 03:19:29,9501972.49,EGRESO
8975,1,1001,2,1002,2023-11-04 04:34:35,9373734.25,EGRESO
8976,1,1001,2,1002,2023-11-04 08:59:15,2454168.10,INGRESO
8977,1,1001,2,1002,2023-11-04 14:36:30,6372921.00,INGRESO
8978,1,1001,2,1002,2023-11-05 01:55:07,111586.92,INGRESO
8979,1,1001,2,1002,2023-11-05 14:53:53,4811712.16,INGRESO
8980,1,1001,2,1002,2023-11-05 16:31:10,5811960.09,EGRESO
8981,1,1001,2,1002,2023-11-05 22:47:14,6462543.00,INGRESO
8982,1,1001,2,1002,2023-11-06 01:07:53,5430207.80,EGRESO
8983,1,1001,2,1002,2023-11-06 04:14:57,4998975.39,EGRESO
8984,1,1001,2,1002,2023-11-06 14:27:00,1908990.58,EGRESO
8985,1,1001,2,1002,2023-11-06 16:22:08,8245873.77,INGRESO
8986,1,1001,2,1002,2023-11-07 07:19:21,6247932.68,INGRESO
8987,1,1001,2,1002,2023-11-07 08:48:46,2343936.38,INGRESO
8988,1,1001,2,1002,2023-11-07 12:24:09,385642.33,INGRESO
8989,1,1001,2,1002,2023-11-07 15:51:38,719139.98,INGRESO
8990,1,1001,2,1002,2023-11-07 21:23:53,4761057.95,INGRESO
8991,1,1001,2,1002,2023-11-08 04:37:54,6864419.07,EGRESO
8992,1,1001,2,1002,2023-11-08 12:37:36,1066116.85,EGRESO
8993,1,1001,2,1002,2023-11-08 13:11:05,4108430.95,INGRESO
8994,1,1001,2,1002,2023-11-08 16:31:24,1534742.88,EGRESO
8995,1,1001,2,1002,2023-11-08 19:21:34,1388348.60,EGRESO
8996,1,1001,2,1002,2023-11-09 02:26:22,1394527.95,INGRESO
8997,1,1001,2,1002,2023-11-09 10:16:27,9121109.71,EGRESO
8998,1,1001,2,1002,2023-11-09 10:39:56,4886235.47,EGRESO
8999,1,1001,2,1002,2023-11-09 14:01:11,3885506.99,INGRESO
9000,1,1001,2,1002,2023-11-09 15:14:25,6728096.38,EGRESO
9001,1,1001,2,1002,2023-11-10 04:16:09,1766179.69,EGRESO
9002,1,1001,2,1002,2023-11-10 07:47:49,7589155.02,EGRESO
9003,1,1001,2,1002,2023-11-10 10:37:49,5070925.80,INGRESO
9004,1,1001,2,1002,2023-11-10 11:50:44,7047308.24,INGRESO
9005,1,1001,2,1002,2023-11-10 15:54:05,7046105.61,INGRESO
9006,1,1001,2,1002,2023-11-11 06:49:51,2550819.96,INGRESO
9007,1,1001,2,1002,2023-11-11 10:16:56,4839515.39,EGRESO
9008,1,1001,2,1002,2023-11-11 16:10:40,9652194.54,INGRESO
9009,1,1001,2,1002,2023-11-11 17:29:56,6747019.65,EGRESO
9010,1,1001,2,1002,2023-11-11 23:14:47,7994940.47,EGRESO
9011,1,1001,2,1002,2023-11-12 03:15:42,8984557.13,INGRESO
9012,1,1001,2,1002,2023-11-12 11:03:24,3777499.03,INGRESO
9013,1,1001,2,1002,2023-11-12 13:49:47,6169487.67,EGRESO
9014,1,1001,2,1002,2023-11-12 22:39:53,1311319.24,INGRESO
9015,1,1001,2,1002,2023-11-13 02:16:51,3803318.92,EGRESO
9016,1,1001,2,1002,2023-11-13 04:19:15,1798102.03,INGRESO
9017,1,1001,2,1002,2023-11-13 16:09:57,7132237.83,EGRESO
9018,1,1001,2,1002,2023-11-13 16:22:16,3343207.80,EGRESO
9019,1,1001,2,1002,2023-11-13 20:38:15,6060990.39,EGRESO
9020,1,1001,2,1002,2023-11-14 09:20:07,3061716.08,EGRESO
9021,1,1001,2,1002,2023-11-14 09:24:59,6654174.72,INGRESO
9022,1,1001,2,1002,2023-11-14 15:34:04,3644112.56,INGRESO
9023,1,1001,2,1002,2023-11-14 18:00:15,2754701.91,INGRESO
9024,1,1001,2,1002,2023-11-15 03:45:15,4078320.74,INGRESO
9025,1,1001,2,1002,2023-11-15 08:26:03,934741.52,INGRESO
9026,1,1001,2,1002,2023-11-15 14:23:01,6586358.59,INGRESO
9027,1,1001,2,1002,2023-11-15 18:16:35,707487.81,INGRESO
9028,1,1001,2,1002,2023-11-16 05:41:58,8499923.22,INGRESO
9029,1,1001,2,1002,2023-11-16 15:44:41,480105.08,INGRESO
9030,1,1001,2,1002,2023-11-16 18:36:37,3610150.19,INGRESO
9031,1,1001,2,1002,2023-11-16 23:20:22,6870138.77,INGRESO
9032,1,1001,2,1002,2023-11-17 00:13:23,8221824.91,EGRESO
9033,1,1001,2,1002,2023-11-17 06:56:50,6177894.07,EGRESO
9034,1,1001,2,1002,2023-11-17 13:55:19,5542321.20,INGRESO
9035,1,1001,2,1002,2023-11-17 17:31:10,3297790.44,INGRESO
9036,1,1001,2,1002,2023-11-18 04:29:49,263921.00,EGRESO
9037,1,1001,2,1002,2023-11-18 12:29:12,571408.70,EGRESO
9038,1,1001,2,1002,2023-11-18 13:41:36,9766485.00,INGRESO
9039,1,1001,2,1002,2023-11-18 23:20:57,2895307.69,INGRESO
9040,1,1001,2,1002,2023-11-19 03:04:07,3754312.65,INGRESO
9041,1,1001,2,1002,2023-11-19 14:17:11,2564862.66,EGRESO
9042,1,1001,2,1002,2023-11-19 20:16:59,4777283.38,INGRESO
9043,1,1001,2,1002,2023-11-19 23:10:34,6546276.53,EGRESO
9044,1,1001,2,1002,2023-11-20 05:40:48,9593665.38,INGRESO
9045,1,1001,2,1002,2023-11-20 11:12:12,6334893.05,EGRESO
9046,1,1001,2,1002,2023-11-20 14:56:03,8653559.20,EGRESO
9047,1,1001,2,1002,2023-11-20 18:44:57,9767764.40,EGRESO
9048,1,1001,2,1002,2023-11-21 04:40:11,1648250.62,EGRESO
9049,1,1001,2,1002,2023-11-21 10:28:38,1004645.50,EGRESO
9050,1,1001,2,1002,2023-11-21 11:48:51,9678026.67,INGRESO
9051,1,1001,2,1002,2023-11-21 16:14:18,6759107.20,EGRESO
9052,1,1001,2,1002,2023-11-22 10:28:34,6615653.19,EGRESO
9053,1,1001,2,1002,2023-11-22 17:02:39,1641092.05,EGRESO
9054,1,1001,2,1002,2023-11-22 17:24:15,403034.78,INGRESO
9055,1,1001,2,1002,2023-11-22 21:27:48,6455285.62,EGRESO
9056,1,1001,2,1002,2023-11-22 22:17:05,8995491.44,EGRESO
9057,1,1001,2,1002,2023-11-22 22:37:03,9134133.99,EGRESO
9058,1,1001,2,1002,2023-11-23 05:03:30,5644249.02,INGRESO
9059,1,1001,2,1002,2023-11-23 06:18:31,2820023.87,EGRESO
9060,1,1001,2,1002,2023-11-23 09:14:47,3147441.80,INGRESO
9061,1,1001,2,1002,2023-11-23 18:12:52,3272168.58,INGRESO
9062,1,1001,2,1002,2023-11-23 23:18:41,1262677.36,INGRESO
9063,1,1001,2,1002,2023-11-24 00:34:38,5629143.29,INGRESO
9064,1,1001,2,1002,2023-11-24 00:54:38,2530821.87,INGRESO
9065,1,1001,2,1002,2023-11-24 09:59:56,5921715.71,INGRESO
9066,1,1001,2,1002,2023-11-24 15:02:58,2384765.96,EGRESO
9067,1,1001,2,1002,2023-11-24 19:31:27,3335487.07,INGRESO
9068,1,1001,2,1002,2023-11-25 07:46:42,4764067.51,INGRESO
9069,1,1001,2,1002,2023-11-25 13:37:29,4102877.33,EGRESO
9070,1,1001,2,1002,2023-11-25 15:32:54,8395659.07,INGRESO
9071,1,1001,2,1002,2023-11-25 18:05:40,8171463.02,INGRESO
9072,1,1001,2,1002,2023-11-26 00:44:05,4313811.45,EGRESO
9073,1,1001,2,1002,2023-11-26 03:22:35,5756519.58,INGRESO
9074,1,1001,2,1002,2023-11-26 07:09:24,57995.47,INGRESO
9075,1,1001,2,1002,2023-11-26 14:58:04,8078655.46,EGRESO
9076,1,1001,2,1002,2023-11-26 17:03:20,5596551.22,INGRESO
9077,1,1001,2,1002,2023-11-27 03:14:25,8762315.73,EGRESO
9078,1,1001,2,1002,2023-11-27 08:03:24,3645936.13,EGRESO
9079,1,1001,2,1002,2023-11-27 11:17:34,9104427.63,EGRESO
9080,1,1001,2,1002,2023-11-27 23:11:24,6367089.07,INGRESO
9081,1,1001,2,1002,2023-11-28 07:23:00,7951237.29,EGRESO
9082,1,1001,2,1002,2023-11-28 13:31:45,4357361.42,EGRESO
9083,1,1001,2,1002,2023-11-28 13:39:41,9606217.49,INGRESO
9084,1,1001,2,1002,2023-11-28 15:05:53,7326568.26,INGRESO
9085,1,1001,2,1002,2023-11-29 15:46:37,5454428.38,EGRESO
9086,1,1001,2,1002,2023-11-29 16:32:36,3034816.13,EGRESO
9087,1,1001,2,1002,2023-11-29 20:59:23,9529197.27,INGRESO
9088,1,1001,2,1002,2023-11-29 23:03:17,6990033.47,INGRESO
9089,1,1001,2,1002,2023-11-30 03:54:41,9969379.95,EGRESO
9090,1,1001,2,1002,2023-11-30 08:13:14,8335224.74,INGRESO
9091,1,1001,2,1002,2023-11-30 13:18:36,4962467.44,INGRESO
9092,1,1001,2,1002,2023-11-30 14:10:06,4666049.29,INGRESO
9093,1,1001,2,1002,2023-12-01 02:30:20,3434890.30,INGRESO
9094,1,1001,2,1002,2023-12-01 04:10:55,7768429.96,INGRESO
9095,1,1001,2,1002,2023-12-01 11:13:56,1992983.03,EGRESO
9096,1,1001,2,1002,2023-12-01 18:53:26,9161354.99,EGRESO
9097,1,1001,2,1002,2023-12-02 12:46:47,1519966.17,INGRESO
9098,1,1001,2,1002,2023-12-02 15:03:34,1658324.87,INGRESO
9099,1,1001,2,1002,2023-12-02 16:16:58,4379305.73,EGRESO
9100,1,1001,2,1002,2023-12-02 20:46:00,618716.81,INGRESO
9101,1,1001,2,1002,2023-12-02 21:14:04,8000102.51,EGRESO
9102,1,1001,2,1002,2023-12-03 06:15:12,7625341.81,INGRESO
9103,1,1001,2,1002,2023-12-03 08:43:58,4835820.61,INGRESO
9104,1,1001,2,1002,2023-12-03 15:13:21,2621785.31,INGRESO
9105,1,1001,2,1002,2023-12-03 22:49:17,36624.38,EGRESO
9106,1,1001,2,1002,2023-12-03 23:02:15,2055894.65,INGRESO
9107,1,1001,2,1002,2023-12-04 15:30:14,5833383.86,EGRESO
9108,1,1001,2,1002,2023-12-04 18:28:05,4929900.70,EGRESO
9109,1,1001,2,1002,2023-12-04 19:45:39,9883758.27,EGRESO
9110,1,1001,2,1002,2023-12-04 21:31:00,3060334.05,EGRESO
9111,1,1001,2,1002,2023-12-05 09:06:12,14757.30,EGRESO
9112,1,1001,2,1002,2023-12-05 11:29:01,8295023.90,EGRESO
9113,1,1001,2,1002,2023-12-05 11:59:48,8054583.31,EGRESO
9114,1,1001,2,1002,2023-12-05 14:02:10,5954651.49,EGRESO
9115,1,1001,2,1002,2023-12-05 16:14:54,7039306.06,INGRESO
9116,1,1001,2,1002,2023-12-05 17:58:14,7200654.98,INGRESO
9117,1,1001,2,1002,2023-12-06 01:21:11,3009614.61,EGRESO
9118,1,1001,2,1002,2023-12-06 07:32:11,3068153.46,EGRESO
9119,1,1001,2,1002,2023-12-06 18:11:20,9913747.56,EGRESO
9120,1,1001,2,1002,2023-12-06 18:36:26,2450235.51,INGRESO
9121,1,1001,2,1002,2023-12-06 20:30:03,160289.51,EGRESO
9122,1,1001,2,1002,2023-12-07 01:57:17,5968922.17,INGRESO
9123,1,1001,2,1002,2023-12-07 02:03:00,8013354.01,INGRESO
9124,1,1001,2,1002,2023-12-07 05:47:42,962242.06,EGRESO
9125,1,1001,2,1002,2023-12-07 12:35:26,359036.08,INGRESO
9126,1,1001,2,1002,2023-12-08 02:51:53,5462108.87,INGRESO
9127,1,1001,2,1002,2023-12-08 07:50:47,4687209.43,INGRESO
9128,1,1001,2,1002,2023-12-08 08:36:23,2303165.45,INGRESO
9129,1,1001,2,1002,2023-12-08 10:51:02,6820325.30,INGRESO
9130,1,1001,2,1002,2023-12-08 18:08:42,9164472.73,EGRESO
9131,1,1001,2,1002,2023-12-09 10:52:29,8398200.27,EGRESO
9132,1,1001,2,1002,2023-12-09 14:54:12,8672338.43,EGRESO
9133,1,1001,2,1002,2023-12-09 16:04:45,637707.52,INGRESO
9134,1,1001,2,1002,2023-12-09 19:34:12,2399265.70,EGRESO
9135,1,1001,2,1002,2023-12-10 01:32:57,5991699.94,INGRESO
9136,1,1001,2,1002,2023-12-10 02:24:36,6725646.26,INGRESO
9137,1,1001,2,1002,2023-12-10 02:47:42,8721798.47,INGRESO
9138,1,1001,2,1002,2023-12-10 06:17:30,5836635.16,EGRESO
9139,1,1001,2,1002,2023-12-10 19:24:09,8177173.87,EGRESO
9140,1,1001,2,1002,2023-12-11 03:21:51,6197310.95,EGRESO
9141,1,1001,2,1002,2023-12-11 05:33:49,1116273.76,INGRESO
9142,1,1001,2,1002,2023-12-11 07:32:28,632670.06,EGRESO
9143,1,1001,2,1002,2023-12-11 13:50:53,5613126.49,EGRESO
9144,1,1001,2,1002,2023-12-12 02:26:13,7240866.68,INGRESO
9145,1,1001,2,1002,2023-12-12 10:59:35,2155865.46,INGRESO
9146,1,1001,2,1002,2023-12-12 13:09:38,87141.02,EGRESO
9147,1,1001,2,1002,2023-12-12 19:12:34,4777653.84,EGRESO
9148,1,1001,2,1002,2023-12-13 05:09:23,804135.32,EGRESO
9149,1,1001,2,1002,2023-12-13 11:49:19,6647855.14,INGRESO
9150,1,1001,2,1002,2023-12-13 20:08:45,3218403.70,EGRESO
9151,1,1001,2,1002,2023-12-13 23:49:24,9909016.84,EGRESO
9152,1,1001,2,1002,2023-12-14 01:35:46,17394.20,INGRESO
9153,1,1001,2,1002,2023-12-14 04:31:35,9008570.13,INGRESO
9154,1,1001,2,1002,2023-12-14 08:10:10,9171888.53,INGRESO
9155,1,1001,2,1002,2023-12-14 15:35:03,9674223.38,INGRESO
9156,1,1001,2,1002,2023-12-15 01:14:40,1904737.12,INGRESO
9157,1,1001,2,1002,2023-12-15 02:52:10,5927698.46,INGRESO
9158,1,1001,2,1002,2023-12-15 11:49:47,8782713.99,INGRESO
9159,1,1001,2,1002,2023-12-15 17:44:04,2906909.95,EGRESO
9160,1,1001,2,1002,2023-12-16 10:09:52,6083785.67,INGRESO
9161,1,1001,2,1002,2023-12-16 13:31:12,3657415.58,INGRESO
9162,1,1001,2,1002,2023-12-16 14:40:24,1624061.77,INGRESO
9163,1,1001,2,1002,2023-12-16 22:46:28,2166142.92,INGRESO
9164,1,1001,2,1002,2023-12-17 06:46:10,7477783.52,EGRESO
9165,1,1001,2,1002,2023-12-17 08:28:50,7951984.03,INGRESO
9166,1,1001,2,1002,2023-12-17 09:43:15,9737970.33,INGRESO
9167,1,1001,2,1002,2023-12-17 16:13:36,266841.96,INGRESO
9168,1,1001,2,1002,2023-12-18 05:48:02,9210459.47,EGRESO
9169,1,1001,2,1002,2023-12-18 06:36:21,9191886.05,EGRESO
9170,1,1001,2,1002,2023-12-18 16:30:15,4576357.42,EGRESO
9171,1,1001,2,1002,2023-12-18 17:01:46,6496730.51,EGRESO
9172,1,1001,2,1002,2023-12-19 04:53:07,6134299.79,EGRESO
9173,1,1001,2,1002,2023-12-19 12:39:16,2036414.98,EGRESO
9174,1,1001,2,1002,2023-12-19 21:41:37,2607925.11,INGRESO
9175,1,1001,2,1002,2023-12-19 23:48:46,7824259.62,EGRESO
9176,1,1001,2,1002,2023-12-20 02:22:18,5818194.53,INGRESO
9177,1,1001,2,1002,2023-12-20 06:56:27,507675.88,INGRESO
9178,1,1001,2,1002,2023-12-20 11:03:23,7240673.78,INGRESO
9179,1,1001,2,1002,2023-12-20 14:17:55,516607.98,EGRESO
9180,1,1001,2,1002,2023-12-20 20:27:16,6884911.31,INGRESO
9181,1,1001,2,1002,2023-12-21 08:35:55,9160772.56,INGRESO
9182,1,1001,2,1002,2023-12-21 09:57:24,8239319.45,EGRESO
9183,1,1001,2,1002,2023-12-21 13:12:06,5519189.70,INGRESO
9184,1,1001,2,1002,2023-12-21 19:23:12,3232621.25,EGRESO
9185,1,1001,2,1002,2023-12-22 03:38:48,7578245.29,EGRESO
9186,1,1001,2,1002,2023-12-22 12:10:36,3433617.91,EGRESO
9187,1,1001,2,1002,2023-12-22 20:12:13,1387551.39,INGRESO
9188,1,1001,2,1002,2023-12-22 23:15:19,605179.65,EGRESO
9189,1,1001,2,1002,2023-12-23 08:23:52,4340549.46,INGRESO
9190,1,1001,2,1002,2023-12-23 11:36:42,1730270.36,INGRESO
9191,1,1001,2,1002,2023-12-23 13:58:33,5928456.13,INGRESO
9192,1,1001,2,1002,2023-12-23 22:33:12,8654441.04,EGRESO
9193,1,1001,2,1002,2023-12-24 00:20:46,2768385.65,EGRESO
9194,1,1001,2,1002,2023-12-24 00:28:09,7647318.73,INGRESO
9195,1,1001,2,1002,2023-12-24 15:41:29,7571782.55,EGRESO
9196,1,1001,2,1002,2023-12-24 16:11:19,7286345.57,EGRESO
9197,1,1001,2,1002,2023-12-24 23:01:36,3299297.48,EGRESO
9198,1,1001,2,1002,2023-12-25 08:27:28,5060232.15,INGRESO
9199,1,1001,2,1002,2023-12-25 10:58:40,5160746.34,INGRESO
9200,1,1001,2,1002,2023-12-25 13:32:10,8059952.59,INGRESO
9201,1,1001,2,1002,2023-12-25 18:10:24,1365634.30,INGRESO
9202,1,1001,2,1002,2023-12-26 07:35:20,6046939.81,INGRESO
9203,1,1001,2,1002,2023-12-26 08:01:31,1668758.70,EGRESO
9204,1,1001,2,1002,2023-12-26 10:52:25,5224561.11,INGRESO
9205,1,1001,2,1002,2023-12-26 20:51:06,2195472.13,EGRESO
9206,1,1001,2,1002,2023-12-26 23:04:06,8923902.37,EGRESO
9207,1,1001,2,1002,2023-12-27 12:44:33,2467246.07,EGRESO
9208,1,1001,2,1002,2023-12-27 12:57:54,7556492.40,EGRESO
9209,1,1001,2,1002,2023-12-27 13:47:03,7259035.56,EGRESO
9210,1,1001,2,1002,2023-12-27 17:23:28,9226510.96,EGRESO
9211,1,1001,2,1002,2023-12-27 20:25:38,8215526.29,EGRESO
9212,1,1001,2,1002,2023-12-27 20:51:47,9831574.22,EGRESO
9213,1,1001,2,1002,2023-12-28 00:21:45,9104224.27,INGRESO
9214,1,1001,2,1002,2023-12-28 01:05:03,4424561.25,EGRESO
9215,1,1001,2,1002,2023-12-28 03:01:15,1561252.20,INGRESO
9216,1,1001,2,1002,2023-12-28 20:56:47,4435886.25,INGRESO
9217,1,1001,2,1002,2023-12-29 14:08:11,1350049.59,EGRESO
9218,1,1001,2,1002,2023-12-29 19:51:09,9486182.45,INGRESO
9219,1,1001,2,1002,2023-12-29 21:27:07,1690540.53,EGRESO
9220,1,1001,2,1002,2023-12-29 22:57:04,1827424.80,EGRESO
9221,1,1001,2,1002,2023-12-30 07:34:53,4175673.17,INGRESO
9222,1,1001,2,1002,2023-12-30 11:28:12,3718660.71,INGRESO
9223,1,1001,2,1002,2023-12-30 18:07:37,7060157.59,EGRESO
9224,1,1001,2,1002,2023-12-30 23:34:24,8829388.33,INGRESO
9225,1,1001,2,1002,2023-12-31 01:19:56,4675022.45,INGRESO
9226,1,1001,2,1002,2023-12-31 07:37:22,7529133.81,INGRESO
9227,1,1001,2,1002,2023-12-31 15:50:53,3205550.44,EGRESO
9228,1,1001,2,1002,2023-12-31 17:48:57,2634625.31,INGRESO
9229,1,1001,2,1002,2023-12-31 20:02:12,3819484.22,EGRESO
9230,1,1001,2,1002,2023-12-31 21:46:28,45009.23,EGRESO
9231,1,1001,2,1002,2023-12-31 23:37:09,4557298.48,INGRESO
9232,1,1001,2,1002,2024-01-01 07:56:28,687266.66,INGRESO
9233,1,1001,2,1002,2024-01-01 11:52:33,3303984.43,INGRESO
9234,1,1001,2,1002,2024-01-01 17:05:46,1373664.73,INGRESO
9235,1,1001,2,1002,2024-01-01 17:10:42,292963.71,INGRESO
9236,1,1001,2,1002,2024-01-02 00:01:12,5965153.63,INGRESO
9237,1,1001,2,1002,2024-01-02 04:59:08,3989545.04,EGRESO
9238,1,1001,2,1002,2024-01-02 09:25:45,8172386.89,INGRESO
9239,1,1001,2,1002,2024-01-02 10:38:09,3782144.23,EGRESO
9240,1,1001,2,1002,2024-01-02 23:10:20,4378007.02,EGRESO
9241,1,1001,2,1002,2024-01-03 07:30:00,549486.26,EGRESO
9242,1,1001,2,1002,2024-01-03 10:22:43,1802609.67,INGRESO
9243,1,1001,2,1002,2024-01-03 16:08:14,877380.76,INGRESO
9244,1,1001,2,1002,2024-01-03 19:29:01,9752602.72,INGRESO
9245,1,1001,2,1002,2024-01-03 22:43:28,5655309.36,INGRESO
9246,1,1001,2,1002,2024-01-04 06:41:32,5554974.03,EGRESO
9247,1,1001,2,1002,2024-01-04 07:11:57,4579623.04,INGRESO
9248,1,1001,2,1002,2024-01-04 17:54:13,3683851.13,EGRESO
9249,1,1001,2,1002,2024-01-04 21:46:02,5633981.92,INGRESO
9250,1,1001,2,1002,2024-01-05 00:49:00,3995499.39,EGRESO
9251,1,1001,2,1002,2024-01-05 11:18:49,3388764.95,INGRESO
9252,1,1001,2,1002,2024-01-05 12:29:13,3727271.61,INGRESO
9253,1,1001,2,1002,2024-01-05 14:29:47,2118009.74,INGRESO
9254,1,1001,2,1002,2024-01-06 03:29:33,4389065.54,EGRESO
9255,1,1001,2,1002,2024-01-06 07:01:56,6534849.60,INGRESO
9256,1,1001,2,1002,2024-01-06 10:48:20,4740450.44,INGRESO
9257,1,1001,2,1002,2024-01-06 12:41:15,6446227.89,EGRESO
9258,1,1001,2,1002,2024-01-07 05:20:35,3519019.74,INGRESO
9259,1,1001,2,1002,2024-01-07 06:17:49,3878921.39,INGRESO
9260,1,1001,2,1002,2024-01-07 15:04:14,8530235.57,INGRESO
9261,1,1001,2,1002,2024-01-07 21:01:46,6512303.11,EGRESO
9262,1,1001,2,1002,2024-01-08 04:15:04,8788527.47,INGRESO
9263,1,1001,2,1002,2024-01-08 05:22:41,9436636.91,EGRESO
9264,1,1001,2,1002,2024-01-08 10:23:28,6951121.33,EGRESO
9265,1,1001,2,1002,2024-01-08 13:35:51,6508273.79,EGRESO
9266,1,1001,2,1002,2024-01-08 21:26:34,3363312.55,INGRESO
9267,1,1001,2,1002,2024-01-09 03:30:39,1588632.59,EGRESO
9268,1,1001,2,1002,2024-01-09 09:09:54,4459875.14,INGRESO
9269,1,1001,2,1002,2024-01-09 11:02:46,7047710.72,INGRESO
9270,1,1001,2,1002,2024-01-09 15:03:15,5610085.46,INGRESO
9271,1,1001,2,1002,2024-01-09 18:45:01,4672501.51,EGRESO
9272,1,1001,2,1002,2024-01-10 09:49:55,6187200.61,EGRESO
9273,1,1001,2,1002,2024-01-10 10:19:02,4108536.37,EGRESO
9274,1,1001,2,1002,2024-01-10 16:33:58,7372472.38,EGRESO
9275,1,1001,2,1002,2024-01-10 23:23:20,3206254.43,INGRESO
9276,1,1001,2,1002,2024-01-11 00:28:41,4019995.99,INGRESO
9277,1,1001,2,1002,2024-01-11 09:16:53,4452851.67,INGRESO
9278,1,1001,2,1002,2024-01-11 12:30:37,2154978.53,INGRESO
9279,1,1001,2,1002,2024-01-11 20:25:50,3088530.41,INGRESO
9280,1,1001,2,1002,2024-01-11 23:58:10,9837626.03,EGRESO
9281,1,1001,2,1002,2024-01-12 07:13:32,8039553.53,INGRESO
9282,1,1001,2,1002,2024-01-12 08:05:31,9421924.82,INGRESO
9283,1,1001,2,1002,2024-01-12 08:21:11,9181830.67,INGRESO
9284,1,1001,2,1002,2024-01-12 11:41:17,8513414.14,EGRESO
9285,1,1001,2,1002,2024-01-12 12:01:07,7381618.50,INGRESO
9286,1,1001,2,1002,2024-01-13 00:52:10,5597428.77,INGRESO
9287,1,1001,2,1002,2024-01-13 09:34:26,3268059.66,INGRESO
9288,1,1001,2,1002,2024-01-13 12:27:33,3961099.28,INGRESO
9289,1,1001,2,1002,2024-01-13 15:39:55,5068950.59,INGRESO
9290,1,1001,2,1002,2024-01-13 23:33:42,33735.42,INGRESO
9291,1,1001,2,1002,2024-01-14 00:29:36,9615133.21,INGRESO
9292,1,1001,2,1002,2024-01-14 10:15:52,6496142.21,EGRESO
9293,1,1001,2,1002,2024-01-14 11:14:55,7794102.90,EGRESO
9294,1,1001,2,1002,2024-01-14 18:40:24,4197556.32,EGRESO
9295,1,1001,2,1002,2024-01-15 04:14:55,9846492.31,INGRESO
9296,1,1001,2,1002,2024-01-15 05:00:01,5796545.11,INGRESO
9297,1,1001,2,1002,2024-01-15 07:43:21,6250994.22,INGRESO
9298,1,1001,2,1002,2024-01-15 09:54:52,1160020.85,EGRESO
9299,1,1001,2,1002,2024-01-15 13:18:00,3251902.15,INGRESO
9300,1,1001,2,1002,2024-01-15 23:13:35,9252445.61,INGRESO
9301,1,1001,2,1002,2024-01-16 04:21:10,4695461.82,INGRESO
9302,1,1001,2,1002,2024-01-16 12:27:43,4790672.02,EGRESO
9303,1,1001,2,1002,2024-01-16 13:22:12,7562400.68,EGRESO
9304,1,1001,2,1002,2024-01-16 18:30:05,899965.36,INGRESO
9305,1,1001,2,1002,2024-01-17 03:09:25,7667998.76,INGRESO
9306,1,1001,2,1002,2024-01-17 06:32:33,5401243.37,INGRESO
9307,1,1001,2,1002,2024-01-17 09:06:18,6659605.29,EGRESO
9308,1,1001,2,1002,2024-01-17 15:33:15,327428.52,INGRESO
9309,1,1001,2,1002,2024-01-17 16:14:41,3301799.23,INGRESO
9310,1,1001,2,1002,2024-01-17 21:03:22,9909013.81,EGRESO
9311,1,1001,2,1002,2024-01-18 11:06:20,6764834.89,EGRESO
9312,1,1001,2,1002,2024-01-18 13:19:44,8536734.81,EGRESO
9313,1,1001,2,1002,2024-01-18 18:09:41,3203523.60,INGRESO
9314,1,1001,2,1002,2024-01-18 19:08:55,5017844.94,EGRESO
9315,1,1001,2,1002,2024-01-19 01:32:49,4874535.51,EGRESO
9316,1,1001,2,1002,2024-01-19 12:30:26,9792138.11,INGRESO
9317,1,1001,2,1002,2024-01-19 15:19:06,4069759.23,INGRESO
9318,1,1001,2,1002,2024-01-19 18:50:05,5701973.91,EGRESO
9319,1,1001,2,1002,2024-01-20 06:36:41,5771154.36,INGRESO
9320,1,1001,2,1002,2024-01-20 09:32:44,9220557.86,EGRESO
9321,1,1001,2,1002,2024-01-20 20:27:11,2482623.98,INGRESO
9322,1,1001,2,1002,2024-01-20 22:41:00,9882087.07,EGRESO
9323,1,1001,2,1002,2024-01-21 04:52:57,9818023.07,INGRESO
9324,1,1001,2,1002,2024-01-21 08:53:33,4749882.39,INGRESO
9325,1,1001,2,1002,2024-01-21 09:23:38,2540892.23,EGRESO
9326,1,1001,2,1002,2024-01-21 11:59:58,2330755.86,INGRESO
9327,1,1001,2,1002,2024-01-21 17:18:52,8436637.29,EGRESO
9328,1,1001,2,1002,2024-01-21 18:09:43,158026.05,INGRESO
9329,1,1001,2,1002,2024-01-22 03:35:27,2290975.54,INGRESO
9330,1,1001,2,1002,2024-01-22 08:34:30,3817245.16,EGRESO
9331,1,1001,2,1002,2024-01-22 08:59:21,6403731.79,EGRESO
9332,1,1001,2,1002,2024-01-22 09:01:09,9507325.85,INGRESO
9333,1,1001,2,1002,2024-01-22 22:08:55,769847.97,INGRESO
9334,1,1001,2,1002,2024-01-23 01:13:24,4086209.24,EGRESO
9335,1,1001,2,1002,2024-01-23 07:10:27,3424314.85,EGRESO
9336,1,1001,2,1002,2024-01-23 08:40:21,8491382.79,EGRESO
9337,1,1001,2,1002,2024-01-23 19:03:29,1450901.23,EGRESO
9338,1,1001,2,1002,2024-01-24 04:45:36,9646228.53,INGRESO
9339,1,1001,2,1002,2024-01-24 12:45:46,2287292.70,INGRESO
9340,1,1001,2,1002,2024-01-24 17:59:35,1355108.74,INGRESO
9341,1,1001,2,1002,2024-01-24 18:08:36,1823447.99,EGRESO
9342,1,1001,2,1002,2024-01-24 19:30:02,1642045.55,INGRESO
9343,1,1001,2,1002,2024-01-25 02:06:19,2532453.22,INGRESO
9344,1,1001,2,1002,2024-01-25 07:00:08,3246754.41,EGRESO
9345,1,1001,2,1002,2024-01-25 13:35:51,850734.87,EGRESO
9346,1,1001,2,1002,2024-01-25 22:48:33,1138270.62,EGRESO
9347,1,1001,2,1002,2024-01-26 06:49:58,2212346.65,INGRESO
9348,1,1001,2,1002,2024-01-26 08:23:48,2324211.75,INGRESO
9349,1,1001,2,1002,2024-01-26 15:28:55,9143489.23,INGRESO
9350,1,1001,2,1002,2024-01-26 17:20:13,6799359.32,INGRESO
9351,1,1001,2,1002,2024-01-26 18:50:55,1093732.73,EGRESO
9352,1,1001,2,1002,2024-01-27 01:29:57,5336300.25,EGRESO
9353,1,1001,2,1002,2024-01-27 01:38:35,8025809.59,INGRESO
9354,1,1001,2,1002,2024-01-27 03:06:48,6741088.83,EGRESO
9355,1,1001,2,1002,2024-01-27 12:30:44,1747371.80,INGRESO
9356,1,1001,2,1002,2024-01-28 04:17:10,1038578.82,INGRESO
9357,1,1001,2,1002,2024-01-28 09:58:53,380075.25,INGRESO
9358,1,1001,2,1002,2024-01-28 12:42:59,9155951.81,EGRESO
9359,1,1001,2,1002,2024-01-28 17:40:22,9627124.28,INGRESO
9360,1,1001,2,1002,2024-01-29 05:25:18,4770815.42,INGRESO
9361,1,1001,2,1002,2024-01-29 06:21:05,1113434.08,EGRESO
9362,1,1001,2,1002,2024-01-29 18:40:56,3683660.86,EGRESO
9363,1,1001,2,1002,2024-01-29 19:13:58,10313.74,EGRESO
9364,1,1001,2,1002,2024-01-29 22:59:14,2512180.15,EGRESO
9365,1,1001,2,1002,2024-01-30 03:30:24,377287.42,INGRESO
9366,1,1001,2,1002,2024-01-30 05:24:38,6770586.34,EGRESO
9367,1,1001,2,1002,2024-01-30 13:41:25,9560895.06,INGRESO
9368,1,1001,2,1002,2024-01-30 18:49:10,4755971.32,EGRESO
9369,1,1001,2,1002,2024-01-30 22:40:57,7859437.00,EGRESO
9370,1,1001,2,1002,2024-01-31 02:52:35,6473073.00,INGRESO
9371,1,1001,2,1002,2024-01-31 04:36:29,9950668.13,EGRESO
9372,1,1001,2,1002,2024-01-31 07:55:03,3448160.32,EGRESO
9373,1,1001,2,1002,2024-01-31 11:02:48,8474181.64,EGRESO
9374,1,1001,2,1002,2024-01-31 12:10:26,9178401.44,INGRESO
9375,1,1001,2,1002,2024-01-31 17:07:14,7638856.36,INGRESO
9376,1,1001,2,1002,2024-01-31 17:25:37,9378114.86,EGRESO
9377,1,1001,2,1002,2024-01-31 21:12:50,5899295.79,INGRESO
9378,1,1001,2,1002,2024-02-01 07:32:37,6917538.79,INGRESO
9379,1,1001,2,1002,2024-02-01 12:18:14,5654172.28,EGRESO
9380,1,1001,2,1002,2024-02-01 12:31:11,5068825.54,INGRESO
9381,1,1001,2,1002,2024-02-01 14:29:24,2687108.54,INGRESO
9382,1,1001,2,1002,2024-02-02 00:43:37,3421942.69,INGRESO
9383,1,1001,2,1002,2024-02-02 07:14:45,557765.77,INGRESO
9384,1,1001,2,1002,2024-02-02 07:17:32,7492237.09,INGRESO
9385,1,1001,2,1002,2024-02-02 17:46:47,7609391.16,INGRESO
9386,1,1001,2,1002,2024-02-02 17:53:30,3328993.98,INGRESO
9387,1,1001,2,1002,2024-02-02 19:52:18,602697.95,INGRESO
9388,1,1001,2,1002,2024-02-03 04:16:24,6036533.65,INGRESO
9389,1,1001,2,1002,2024-02-03 08:09:47,2651422.74,EGRESO
9390,1,1001,2,1002,2024-02-03 16:45:51,1590591.03,INGRESO
9391,1,1001,2,1002,2024-02-03 18:17:59,1920374.50,INGRESO
9392,1,1001,2,1002,2024-02-04 03:38:24,6461206.33,EGRESO
9393,1,1001,2,1002,2024-02-04 03:43:36,2369237.72,INGRESO
9394,1,1001,2,1002,2024-02-04 05:26:51,8841770.90,EGRESO
9395,1,1001,2,1002,2024-02-04 12:16:13,5527605.62,INGRESO
9396,1,1001,2,1002,2024-02-04 21:52:25,9498345.27,INGRESO
9397,1,1001,2,1002,2024-02-05 06:56:02,7429643.42,EGRESO
9398,1,1001,2,1002,2024-02-05 11:33:22,4735974.59,INGRESO
9399,1,1001,2,1002,2024-02-05 13:10:10,304861.54,INGRESO
9400,1,1001,2,1002,2024-02-05 20:20:31,8542996.03,EGRESO
9401,1,1001,2,1002,2024-02-05 23:23:09,5574065.51,INGRESO
9402,1,1001,2,1002,2024-02-06 01:34:42,8533544.38,EGRESO
9403,1,1001,2,1002,2024-02-06 02:50:46,734213.81,EGRESO
9404,1,1001,2,1002,2024-02-06 03:47:45,1824682.60,INGRESO
9405,1,1001,2,1002,2024-02-06 14:56:56,1459991.98,EGRESO
9406,1,1001,2,1002,2024-02-06 19:41:27,6410154.74,INGRESO
9407,1,1001,2,1002,2024-02-07 10:48:57,7076589.32,INGRESO
9408,1,1001,2,1002,2024-02-07 13:59:50,4093381.27,EGRESO
9409,1,1001,2,1002,2024-02-07 16:51:11,9809136.78,EGRESO
9410,1,1001,2,1002,2024-02-07 17:10:10,1083119.43,INGRESO
9411,1,1001,2,1002,2024-02-07 22:46:07,8146461.22,INGRESO
9412,1,1001,2,1002,2024-02-08 00:55:05,3208532.58,EGRESO
9413,1,1001,2,1002,2024-02-08 09:50:12,8884642.29,EGRESO
9414,1,1001,2,1002,2024-02-08 10:57:52,1571534.48,INGRESO
9415,1,1001,2,1002,2024-02-08 12:28:37,4592975.02,EGRESO
9416,1,1001,2,1002,2024-02-08 19:50:50,5696863.06,EGRESO
9417,1,1001,2,1002,2024-02-09 02:52:58,466703.74,INGRESO
9418,1,1001,2,1002,2024-02-09 06:27:58,5543514.60,EGRESO
9419,1,1001,2,1002,2024-02-09 06:49:42,4891311.34,EGRESO
9420,1,1001,2,1002,2024-02-09 07:26:11,7812334.99,EGRESO
9421,1,1001,2,1002,2024-02-09 17:48:48,606702.21,EGRESO
9422,1,1001,2,1002,2024-02-10 06:51:09,9439964.18,INGRESO
9423,1,1001,2,1002,2024-02-10 12:32:03,1915224.73,INGRESO
9424,1,1001,2,1002,2024-02-10 15:28:35,9333504.58,EGRESO
9425,1,1001,2,1002,2024-02-10 21:10:32,6617227.88,INGRESO
9426,1,1001,2,1002,2024-02-11 01:35:45,2977818.80,INGRESO
9427,1,1001,2,1002,2024-02-11 02:18:45,4015412.23,INGRESO
9428,1,1001,2,1002,2024-02-11 03:00:06,1331975.12,INGRESO
9429,1,1001,2,1002,2024-02-11 19:14:34,6928846.15,EGRESO
9430,1,1001,2,1002,2024-02-11 22:03:40,9001999.85,INGRESO
9431,1,1001,2,1002,2024-02-12 00:34:30,6317264.20,INGRESO
9432,1,1001,2,1002,2024-02-12 04:36:09,1250128.85,INGRESO
9433,1,1001,2,1002,2024-02-12 17:46:32,5457114.88,INGRESO
9434,1,1001,2,1002,2024-02-12 19:10:40,7655130.81,EGRESO
9435,1,1001,2,1002,2024-02-13 09:12:57,823549.97,EGRESO
9436,1,1001,2,1002,2024-02-13 10:01:12,4071976.87,EGRESO
9437,1,1001,2,1002,2024-02-13 15:58:00,2202360.39,INGRESO
9438,1,1001,2,1002,2024-02-13 21:39:49,9317316.15,INGRESO
9439,1,1001,2,1002,2024-02-14 01:03:50,4598727.19,EGRESO
9440,1,1001,2,1002,2024-02-14 09:50:58,6138956.30,EGRESO
9441,1,1001,2,1002,2024-02-14 14:56:44,1543372.42,INGRESO
9442,1,1001,2,1002,2024-02-14 19:13:52,9642597.52,INGRESO
9443,1,1001,2,1002,2024-02-14 20:35:33,5707407.50,INGRESO
9444,1,1001,2,1002,2024-02-15 01:29:50,5700962.13,EGRESO
9445,1,1001,2,1002,2024-02-15 04:58:35,2076740.71,INGRESO
9446,1,1001,2,1002,2024-02-15 09:51:41,3769576.40,EGRESO
9447,1,1001,2,1002,2024-02-15 16:47:44,7363819.83,EGRESO
9448,1,1001,2,1002,2024-02-16 05:20:01,8098355.48,EGRESO
9449,1,1001,2,1002,2024-02-16 07:32:40,9551203.46,INGRESO
9450,1,1001,2,1002,2024-02-16 07:38:31,8609200.89,EGRESO
9451,1,1001,2,1002,2024-02-16 08:51:05,4563584.63,EGRESO
9452,1,1001,2,1002,2024-02-17 01:00:56,2520051.56,EGRESO
9453,1,1001,2,1002,2024-02-17 04:46:32,1442826.53,EGRESO
9454,1,1001,2,1002,2024-02-17 09:49:02,2639943.90,INGRESO
9455,1,1001,2,1002,2024-02-17 21:13:38,873287.27,INGRESO
9456,1,1001,2,1002,2024-02-17 23:09:05,1681474.97,EGRESO
9457,1,1001,2,1002,2024-02-18 00:07:09,8525994.51,EGRESO
9458,1,1001,2,1002,2024-02-18 13:10:29,1711677.80,EGRESO
9459,1,1001,2,1002,2024-02-18 15:02:54,4048034.52,EGRESO
9460,1,1001,2,1002,2024-02-18 17:43:15,2389546.79,INGRESO
9461,1,1001,2,1002,2024-02-19 02:04:35,6557947.19,EGRESO
9462,1,1001,2,1002,2024-02-19 03:48:01,8294159.68,INGRESO
9463,1,1001,2,1002,2024-02-19 15:15:37,1194680.15,EGRESO
9464,1,1001,2,1002,2024-02-19 15:49:42,1662820.26,INGRESO
9465,1,1001,2,1002,2024-02-19 18:25:27,7139934.13,EGRESO
9466,1,1001,2,1002,2024-02-20 01:32:19,8463061.96,INGRESO
9467,1,1001,2,1002,2024-02-20 04:57:10,9631706.14,EGRESO
9468,1,1001,2,1002,2024-02-20 14:45:10,7539483.17,EGRESO
9469,1,1001,2,1002,2024-02-20 18:08:46,98484.49,INGRESO
9470,1,1001,2,1002,2024-02-20 21:16:50,9621236.48,INGRESO
9471,1,1001,2,1002,2024-02-21 05:17:11,8242294.66,EGRESO
9472,1,1001,2,1002,2024-02-21 06:22:11,1912899.43,EGRESO
9473,1,1001,2,1002,2024-02-21 17:53:08,7954172.66,INGRESO
9474,1,1001,2,1002,2024-02-21 17:56:55,8749596.91,EGRESO
9475,1,1001,2,1002,2024-02-21 18:38:59,1952878.31,EGRESO
9476,1,1001,2,1002,2024-02-22 04:47:10,6723682.94,EGRESO
9477,1,1001,2,1002,2024-02-22 14:42:28,9575518.08,INGRESO
9478,1,1001,2,1002,2024-02-22 15:17:23,4559340.92,INGRESO
9479,1,1001,2,1002,2024-02-22 18:20:04,1572016.74,EGRESO
9480,1,1001,2,1002,2024-02-23 03:05:41,256024.41,EGRESO
9481,1,1001,2,1002,2024-02-23 08:42:32,2627098.39,INGRESO
9482,1,1001,2,1002,2024-02-23 09:41:23,491784.16,EGRESO
9483,1,1001,2,1002,2024-02-23 10:07:19,5841998.23,INGRESO
9484,1,1001,2,1002,2024-02-24 04:11:47,8097101.01,INGRESO
9485,1,1001,2,1002,2024-02-24 13:15:03,3484570.35,EGRESO
9486,1,1001,2,1002,2024-02-24 16:44:23,9784156.87,INGRESO
9487,1,1001,2,1002,2024-02-24 23:34:26,7755246.11,EGRESO
9488,1,1001,2,1002,2024-02-25 03:33:59,5659885.89,INGRESO
9489,1,1001,2,1002,2024-02-25 18:37:18,7004056.82,INGRESO
9490,1,1001,2,1002,2024-02-25 18:39:49,8274171.61,INGRESO
9491,1,1001,2,1002,2024-02-25 19:28:26,5123533.19,EGRESO
9492,1,1001,2,1002,2024-02-25 20:44:52,498362.83,INGRESO
9493,1,1001,2,1002,2024-02-26 05:00:21,8263401.79,INGRESO
9494,1,1001,2,1002,2024-02-26 06:40:03,879099.86,EGRESO
9495,1,1001,2,1002,2024-02-26 07:50:06,8875402.00,INGRESO
9496,1,1001,2,1002,2024-02-26 18:51:04,7038280.41,EGRESO
9497,1,1001,2,1002,2024-02-27 00:36:14,8786867.80,INGRESO
9498,1,1001,2,1002,2024-02-27 03:21:35,3644436.15,EGRESO
9499,1,1001,2,1002,2024-02-27 08:25:20,786903.03,INGRESO
9500,1,1001,2,1002,2024-02-27 11:24:08,4622007.05,EGRESO
9501,1,1001,2,1002,2024-02-27 11:57:36,299456.15,INGRESO
9502,1,1001,2,1002,2024-02-28 01:42:50,4600942.96,EGRESO
9503,1,1001,2,1002,2024-02-28 04:30:49,6037937.97,EGRESO
9504,1,1001,2,1002,2024-02-28 08:19:11,314295.03,EGRESO
9505,1,1001,2,1002,2024-02-28 15:13:28,4913368.82,INGRESO
9506,1,1001,2,1002,2024-02-29 01:15:39,7326496.59,INGRESO
9507,1,1001,2,1002,2024-02-29 03:22:14,9914258.71,INGRESO
9508,1,1001,2,1002,2024-02-29 06:36:01,8009725.87,INGRESO
9509,1,1001,2,1002,2024-02-29 17:23:13,8320340.71,INGRESO
9510,1,1001,2,1002,2024-03-01 07:40:49,9331957.14,EGRESO
9511,1,1001,2,1002,2024-03-01 10:58:54,8458444.22,INGRESO
9512,1,1001,2,1002,2024-03-01 14:51:12,5358588.84,INGRESO
9513,1,1001,2,1002,2024-03-01 17:38:05,8548710.89,INGRESO
9514,1,1001,2,1002,2024-03-01 23:53:45,8940872.13,EGRESO
9515,1,1001,2,1002,2024-03-02 05:12:54,7451004.01,EGRESO
9516,1,1001,2,1002,2024-03-02 07:30:08,8824957.92,INGRESO
9517,1,1001,2,1002,2024-03-02 20:12:04,3603205.59,EGRESO
9518,1,1001,2,1002,2024-03-02 21:40:31,1817151.13,INGRESO
9519,1,1001,2,1002,2024-03-02 23:02:49,5404152.67,INGRESO
9520,1,1001,2,1002,2024-03-03 01:32:42,9587523.46,INGRESO
9521,1,1001,2,1002,2024-03-03 06:06:28,5102589.28,EGRESO
9522,1,1001,2,1002,2024-03-03 16:53:06,4121829.90,EGRESO
9523,1,1001,2,1002,2024-03-03 17:07:14,3712970.18,INGRESO
9524,1,1001,2,1002,2024-03-04 04:18:27,5561746.43,EGRESO
9525,1,1001,2,1002,2024-03-04 07:36:30,6991447.87,EGRESO
9526,1,1001,2,1002,2024-03-04 07:39:06,9840162.60,INGRESO
9527,1,1001,2,1002,2024-03-04 12:09:55,5183123.90,INGRESO
9528,1,1001,2,1002,2024-03-04 12:31:39,3776713.74,INGRESO
9529,1,1001,2,1002,2024-03-04 16:03:08,5590074.80,EGRESO
9530,1,1001,2,1002,2024-03-04 20:13:41,2415426.74,INGRESO
9531,1,1001,2,1002,2024-03-05 03:52:55,6792361.75,EGRESO
9532,1,1001,2,1002,2024-03-05 04:16:15,8327940.57,EGRESO
9533,1,1001,2,1002,2024-03-05 12:10:15,335954.21,INGRESO
9534,1,1001,2,1002,2024-03-05 18:56:09,9342572.69,INGRESO
9535,1,1001,2,1002,2024-03-05 23:35:48,4499792.00,INGRESO
9536,1,1001,2,1002,2024-03-06 05:24:01,9400328.61,INGRESO
9537,1,1001,2,1002,2024-03-06 18:47:06,6263295.72,EGRESO
9538,1,1001,2,1002,2024-03-06 20:28:20,7006299.01,INGRESO
9539,1,1001,2,1002,2024-03-06 21:04:12,610985.24,INGRESO
9540,1,1001,2,1002,2024-03-06 23:36:11,9368668.05,INGRESO
9541,1,1001,2,1002,2024-03-07 00:15:44,318216.97,EGRESO
9542,1,1001,2,1002,2024-03-07 01:43:58,6004450.64,EGRESO
9543,1,1001,2,1002,2024-03-07 09:47:30,6967923.65,INGRESO
9544,1,1001,2,1002,2024-03-07 21:26:13,1426625.70,INGRESO
9545,1,1001,2,1002,2024-03-07 23:53:03,8868953.39,INGRESO
9546,1,1001,2,1002,2024-03-08 15:19:49,7371415.00,EGRESO
9547,1,1001,2,1002,2024-03-08 17:58:57,4039141.60,INGRESO
9548,1,1001,2,1002,2024-03-08 20:50:49,5317766.73,EGRESO
9549,1,1001,2,1002,2024-03-08 21:01:39,500403.45,INGRESO
9550,1,1001,2,1002,2024-03-09 01:57:06,2739276.33,EGRESO
9551,1,1001,2,1002,2024-03-09 04:41:45,8394425.63,EGRESO
9552,1,1001,2,1002,2024-03-09 12:00:10,4418254.51,EGRESO
9553,1,1001,2,1002,2024-03-09 15:30:18,3275134.46,INGRESO
9554,1,1001,2,1002,2024-03-09 22:52:29,4713519.79,INGRESO
9555,1,1001,2,1002,2024-03-10 02:26:14,3413943.77,INGRESO
9556,1,1001,2,1002,2024-03-10 08:44:38,88569.74,EGRESO
9557,1,1001,2,1002,2024-03-10 15:20:24,2627938.56,INGRESO
9558,1,1001,2,1002,2024-03-10 15:44:18,2617054.01,EGRESO
9559,1,1001,2,1002,2024-03-11 05:22:01,2682721.72,INGRESO
9560,1,1001,2,1002,2024-03-11 13:10:10,4467429.35,EGRESO
9561,1,1001,2,1002,2024-03-11 14:14:26,8043915.17,INGRESO
9562,1,1001,2,1002,2024-03-11 18:50:05,3476476.43,EGRESO
9563,1,1001,2,1002,2024-03-11 18:54:31,5093422.99,EGRESO
9564,1,1001,2,1002,2024-03-11 20:25:29,4425781.00,EGRESO
9565,1,1001,2,1002,2024-03-12 09:30:40,996261.45,EGRESO
9566,1,1001,2,1002,2024-03-12 10:49:53,277281.08,EGRESO
9567,1,1001,2,1002,2024-03-12 13:31:24,4374977.13,EGRESO
9568,1,1001,2,1002,2024-03-12 15:32:27,8469975.01,EGRESO
9569,1,1001,2,1002,2024-03-13 00:36:59,7704289.98,INGRESO
9570,1,1001,2,1002,2024-03-13 03:17:20,6495820.61,EGRESO
9571,1,1001,2,1002,2024-03-13 16:02:30,1438532.99,INGRESO
9572,1,1001,2,1002,2024-03-13 22:10:38,3242759.78,EGRESO
9573,1,1001,2,1002,2024-03-14 04:09:09,2445539.21,EGRESO
9574,1,1001,2,1002,2024-03-14 11:46:23,1488243.11,INGRESO
9575,1,1001,2,1002,2024-03-14 14:23:21,521353.40,EGRESO
9576,1,1001,2,1002,2024-03-14 18:02:57,6341655.72,EGRESO
9577,1,1001,2,1002,2024-03-15 04:21:57,5537645.24,EGRESO
9578,1,1001,2,1002,2024-03-15 06:22:17,2658334.00,EGRESO
9579,1,1001,2,1002,2024-03-15 16:20:38,7397328.38,INGRESO
9580,1,1001,2,1002,2024-03-15 21:32:49,609070.32,INGRESO
9581,1,1001,2,1002,2024-03-16 00:33:32,4231475.43,INGRESO
9582,1,1001,2,1002,2024-03-16 01:20:37,238888.46,EGRESO
9583,1,1001,2,1002,2024-03-16 08:42:30,6010953.43,INGRESO
9584,1,1001,2,1002,2024-03-16 13:21:43,3155183.29,INGRESO
9585,1,1001,2,1002,2024-03-16 20:34:48,4317164.10,INGRESO
9586,1,1001,2,1002,2024-03-17 01:52:12,8302717.35,INGRESO
9587,1,1001,2,1002,2024-03-17 05:30:35,1751881.70,EGRESO
9588,1,1001,2,1002,2024-03-17 10:24:35,7709672.85,EGRESO
9589,1,1001,2,1002,2024-03-17 16:56:17,5212251.07,INGRESO
9590,1,1001,2,1002,2024-03-18 02:07:27,1716535.45,EGRESO
9591,1,1001,2,1002,2024-03-18 08:33:47,9109972.88,EGRESO
9592,1,1001,2,1002,2024-03-18 08:46:36,688670.24,EGRESO
9593,1,1001,2,1002,2024-03-18 11:47:25,9586222.87,EGRESO
9594,1,1001,2,1002,2024-03-18 16:19:21,2382255.26,EGRESO
9595,1,1001,2,1002,2024-03-19 04:14:57,7696791.68,EGRESO
9596,1,1001,2,1002,2024-03-19 09:16:40,7078617.13,INGRESO
9597,1,1001,2,1002,2024-03-19 14:06:24,9328628.06,INGRESO
9598,1,1001,2,1002,2024-03-19 16:10:39,5596761.32,EGRESO
9599,1,1001,2,1002,2024-03-19 17:05:58,5103029.60,EGRESO
9600,1,1001,2,1002,2024-03-20 04:09:50,7202232.80,INGRESO
9601,1,1001,2,1002,2024-03-20 06:46:46,695728.50,EGRESO
9602,1,1001,2,1002,2024-03-20 08:30:09,6356968.90,INGRESO
9603,1,1001,2,1002,2024-03-20 12:43:32,5941218.84,EGRESO
9604,1,1001,2,1002,2024-03-20 13:18:17,9476508.67,EGRESO
9605,1,1001,2,1002,2024-03-21 02:12:10,7979065.59,EGRESO
9606,1,1001,2,1002,2024-03-21 05:17:00,8705291.21,EGRESO
9607,1,1001,2,1002,2024-03-21 15:27:36,3919982.62,EGRESO
9608,1,1001,2,1002,2024-03-21 16:43:12,537383.13,INGRESO
9609,1,1001,2,1002,2024-03-21 21:37:03,3678315.31,EGRESO
9610,1,1001,2,1002,2024-03-22 02:29:51,221561.94,INGRESO
9611,1,1001,2,1002,2024-03-22 07:51:16,8949967.97,INGRESO
9612,1,1001,2,1002,2024-03-22 16:12:17,2530173.73,EGRESO
9613,1,1001,2,1002,2024-03-22 17:14:20,9434679.52,INGRESO
9614,1,1001,2,1002,2024-03-22 21:06:57,2183049.19,INGRESO
9615,1,1001,2,1002,2024-03-23 00:17:09,6419216.56,INGRESO
9616,1,1001,2,1002,2024-03-23 03:37:45,5649870.39,EGRESO
9617,1,1001,2,1002,2024-03-23 04:44:46,3688599.54,EGRESO
9618,1,1001,2,1002,2024-03-23 15:19:33,685038.61,INGRESO
9619,1,1001,2,1002,2024-03-23 21:25:45,4012007.19,EGRESO
9620,1,1001,2,1002,2024-03-23 22:26:57,2418794.34,INGRESO
9621,1,1001,2,1002,2024-03-24 04:25:56,8350566.32,EGRESO
9622,1,1001,2,1002,2024-03-24 09:05:12,579937.87,INGRESO
9623,1,1001,2,1002,2024-03-24 14:53:18,64261.31,EGRESO
9624,1,1001,2,1002,2024-03-24 18:19:37,2747393.92,INGRESO
9625,1,1001,2,1002,2024-03-25 08:20:07,1545171.80,EGRESO
9626,1,1001,2,1002,2024-03-25 12:28:27,9160405.34,INGRESO
9627,1,1001,2,1002,2024-03-25 16:00:08,1134014.92,EGRESO
9628,1,1001,2,1002,2024-03-25 21:23:29,9788762.66,INGRESO
9629,1,1001,2,1002,2024-03-26 03:17:14,8081700.91,INGRESO
9630,1,1001,2,1002,2024-03-26 07:54:50,7277999.25,INGRESO
9631,1,1001,2,1002,2024-03-26 11:49:24,7561398.61,INGRESO
9632,1,1001,2,1002,2024-03-26 20:51:34,6153670.20,INGRESO
9633,1,1001,2,1002,2024-03-27 06:37:06,3121531.16,EGRESO
9634,1,1001,2,1002,2024-03-27 12:02:18,7155340.40,EGRESO
9635,1,1001,2,1002,2024-03-27 16:00:19,6832078.39,INGRESO
9636,1,1001,2,1002,2024-03-27 18:51:23,898780.82,EGRESO
9637,1,1001,2,1002,2024-03-27 22:16:48,543642.95,EGRESO
9638,1,1001,2,1002,2024-03-28 00:41:20,408212.11,EGRESO
9639,1,1001,2,1002,2024-03-28 02:22:36,3566699.72,EGRESO
9640,1,1001,2,1002,2024-03-28 11:55:20,9230203.94,EGRESO
9641,1,1001,2,1002,2024-03-28 22:03:57,2697605.29,EGRESO
9642,1,1001,2,1002,2024-03-29 04:02:00,1968773.29,EGRESO
9643,1,1001,2,1002,2024-03-29 09:07:03,4791946.51,EGRESO
9644,1,1001,2,1002,2024-03-29 14:56:35,5007906.41,INGRESO
9645,1,1001,2,1002,2024-03-29 22:41:35,566227.34,EGRESO
9646,1,1001,2,1002,2024-03-30 01:14:05,4113716.39,INGRESO
9647,1,1001,2,1002,2024-03-30 06:22:42,2147606.95,INGRESO
9648,1,1001,2,1002,2024-03-30 12:28:22,7001583.52,EGRESO
9649,1,1001,2,1002,2024-03-30 18:12:46,4367134.97,EGRESO
9650,1,1001,2,1002,2024-03-30 23:14:05,3677790.56,INGRESO
9651,1,1001,2,1002,2024-03-31 04:31:21,6640855.79,INGRESO
9652,1,1001,2,1002,2024-03-31 11:43:30,2177350.38,INGRESO
9653,1,1001,2,1002,2024-03-31 16:18:31,4504278.38,INGRESO
9654,1,1001,2,1002,2024-03-31 20:24:23,9423258.75,EGRESO
9655,1,1001,2,1002,2024-04-01 06:13:50,7627522.00,INGRESO
9656,1,1001,2,1002,2024-04-01 07:28:26,3033405.90,INGRESO
9657,1,1001,2,1002,2024-04-01 11:08:41,5924031.46,EGRESO
9658,1,1001,2,1002,2024-04-01 19:30:29,6007103.14,EGRESO
9659,1,1001,2,1002,2024-04-02 05:25:08,2030045.22,EGRESO
9660,1,1001,2,1002,2024-04-02 09:44:16,7554643.51,INGRESO
9661,1,1001,2,1002,2024-04-02 18:45:37,9435256.64,EGRESO
9662,1,1001,2,1002,2024-04-02 22:30:52,4573309.98,EGRESO
9663,1,1001,2,1002,2024-04-03 05:40:50,2237219.54,EGRESO
9664,1,1001,2,1002,2024-04-03 09:16:19,5554489.26,INGRESO
9665,1,1001,2,1002,2024-04-03 10:02:09,6099076.17,EGRESO
9666,1,1001,2,1002,2024-04-03 16:15:44,4941266.99,INGRESO
9667,1,1001,2,1002,2024-04-03 21:19:54,7819262.68,INGRESO
9668,1,1001,2,1002,2024-04-04 07:44:38,1933535.14,EGRESO
9669,1,1001,2,1002,2024-04-04 09:32:20,6295917.01,EGRESO
9670,1,1001,2,1002,2024-04-04 10:40:27,110790.02,INGRESO
9671,1,1001,2,1002,2024-04-04 15:58:13,4920127.67,EGRESO
9672,1,1001,2,1002,2024-04-05 06:01:21,1331250.83,EGRESO
9673,1,1001,2,1002,2024-04-05 07:00:13,6389627.62,INGRESO
9674,1,1001,2,1002,2024-04-05 21:23:17,6459235.09,INGRESO
9675,1,1001,2,1002,2024-04-05 22:08:31,7525490.54,EGRESO
9676,1,1001,2,1002,2024-04-06 04:47:41,5069677.60,INGRESO
9677,1,1001,2,1002,2024-04-06 06:18:51,8000840.38,EGRESO
9678,1,1001,2,1002,2024-04-06 07:46:49,5289800.84,INGRESO
9679,1,1001,2,1002,2024-04-06 12:05:48,1449966.12,INGRESO
9680,1,1001,2,1002,2024-04-06 16:10:05,2824253.96,INGRESO
9681,1,1001,2,1002,2024-04-07 11:06:11,9289427.83,EGRESO
9682,1,1001,2,1002,2024-04-07 14:23:06,5090600.38,EGRESO
9683,1,1001,2,1002,2024-04-07 14:26:01,9540883.18,EGRESO
9684,1,1001,2,1002,2024-04-07 14:42:06,6189134.28,INGRESO
9685,1,1001,2,1002,2024-04-07 17:17:50,4607754.42,INGRESO
9686,1,1001,2,1002,2024-04-08 01:45:46,4000491.20,INGRESO
9687,1,1001,2,1002,2024-04-08 05:38:05,2737627.92,EGRESO
9688,1,1001,2,1002,2024-04-08 13:17:35,9159988.76,EGRESO
9689,1,1001,2,1002,2024-04-08 15:29:29,4196829.38,INGRESO
9690,1,1001,2,1002,2024-04-09 06:25:08,6653258.80,EGRESO
9691,1,1001,2,1002,2024-04-09 09:07:32,4331681.81,INGRESO
9692,1,1001,2,1002,2024-04-09 12:08:35,41591.20,EGRESO
9693,1,1001,2,1002,2024-04-09 19:07:38,4164465.03,EGRESO
9694,1,1001,2,1002,2024-04-09 23:28:12,1847680.47,INGRESO
9695,1,1001,2,1002,2024-04-10 04:55:14,8861270.34,EGRESO
9696,1,1001,2,1002,2024-04-10 07:31:55,909844.89,INGRESO
9697,1,1001,2,1002,2024-04-10 09:53:12,5861066.96,EGRESO
9698,1,1001,2,1002,2024-04-10 13:53:01,8120963.33,EGRESO
9699,1,1001,2,1002,2024-04-11 04:40:46,4134557.67,EGRESO
9700,1,1001,2,1002,2024-04-11 13:05:29,5118902.72,INGRESO
9701,1,1001,2,1002,2024-04-11 16:46:29,1614494.13,EGRESO
9702,1,1001,2,1002,2024-04-11 18:40:19,2509582.60,INGRESO
9703,1,1001,2,1002,2024-04-12 05:00:07,5757732.82,EGRESO
9704,1,1001,2,1002,2024-04-12 06:26:50,3503463.99,EGRESO
9705,1,1001,2,1002,2024-04-12 07:31:54,6230639.58,INGRESO
9706,1,1001,2,1002,2024-04-12 19:10:30,5863832.72,EGRESO
9707,1,1001,2,1002,2024-04-12 21:44:43,7850198.23,EGRESO
9708,1,1001,2,1002,2024-04-13 09:39:18,2765815.38,INGRESO
9709,1,1001,2,1002,2024-04-13 12:14:33,8720425.63,EGRESO
9710,1,1001,2,1002,2024-04-13 19:46:59,7255389.03,INGRESO
9711,1,1001,2,1002,2024-04-13 23:26:51,5796093.16,INGRESO
9712,1,1001,2,1002,2024-04-14 00:05:11,9330780.64,EGRESO
9713,1,1001,2,1002,2024-04-14 02:30:36,5902181.92,INGRESO
9714,1,1001,2,1002,2024-04-14 06:47:18,3619703.12,EGRESO
9715,1,1001,2,1002,2024-04-14 15:46:11,3970927.09,EGRESO
9716,1,1001,2,1002,2024-04-15 03:19:43,8326931.24,EGRESO
9717,1,1001,2,1002,2024-04-15 03:58:17,6318972.92,EGRESO
9718,1,1001,2,1002,2024-04-15 07:42:17,6323892.35,EGRESO
9719,1,1001,2,1002,2024-04-15 09:27:44,6056648.50,INGRESO
9720,1,1001,2,1002,2024-04-15 10:48:25,6950295.40,INGRESO
9721,1,1001,2,1002,2024-04-16 11:53:54,8761638.58,EGRESO
9722,1,1001,2,1002,2024-04-16 18:10:53,769066.61,EGRESO
9723,1,1001,2,1002,2024-04-16 20:01:32,1545440.30,EGRESO
9724,1,1001,2,1002,2024-04-16 21:46:51,892804.47,EGRESO
9725,1,1001,2,1002,2024-04-17 01:58:52,456041.71,EGRESO
9726,1,1001,2,1002,2024-04-17 09:03:01,9110942.06,INGRESO
9727,1,1001,2,1002,2024-04-17 10:11:55,9766674.08,INGRESO
9728,1,1001,2,1002,2024-04-17 10:36:05,4387050.63,INGRESO
9729,1,1001,2,1002,2024-04-17 12:36:34,5594267.73,INGRESO
9730,1,1001,2,1002,2024-04-18 04:07:59,2332848.30,INGRESO
9731,1,1001,2,1002,2024-04-18 20:36:06,2894389.13,INGRESO
9732,1,1001,2,1002,2024-04-18 23:48:30,4782249.01,EGRESO
9733,1,1001,2,1002,2024-04-18 23:57:51,1775530.66,INGRESO
9734,1,1001,2,1002,2024-04-19 00:49:54,3449331.68,EGRESO
9735,1,1001,2,1002,2024-04-19 01:37:14,295981.68,EGRESO
9736,1,1001,2,1002,2024-04-19 05:58:55,1630695.39,EGRESO
9737,1,1001,2,1002,2024-04-19 20:50:58,4808299.19,EGRESO
9738,1,1001,2,1002,2024-04-20 02:50:41,8377196.95,EGRESO
9739,1,1001,2,1002,2024-04-20 09:23:47,9271403.28,EGRESO
9740,1,1001,2,1002,2024-04-20 19:14:07,3855526.84,EGRESO
9741,1,1001,2,1002,2024-04-20 20:37:09,5964724.06,INGRESO
9742,1,1001,2,1002,2024-04-20 21:19:34,1234368.65,EGRESO
9743,1,1001,2,1002,2024-04-20 22:54:23,7842019.74,EGRESO
9744,1,1001,2,1002,2024-04-21 07:00:57,2961589.83,INGRESO
9745,1,1001,2,1002,2024-04-21 08:48:58,1987513.43,INGRESO
9746,1,1001,2,1002,2024-04-21 15:38:41,8583543.07,EGRESO
9747,1,1001,2,1002,2024-04-21 17:47:47,6447252.32,INGRESO
9748,1,1001,2,1002,2024-04-22 01:40:26,9660017.22,EGRESO
9749,1,1001,2,1002,2024-04-22 12:25:26,2276713.14,EGRESO
9750,1,1001,2,1002,2024-04-22 16:32:37,6458510.80,INGRESO
9751,1,1001,2,1002,2024-04-22 19:49:00,8027218.07,EGRESO
9752,1,1001,2,1002,2024-04-23 04:16:11,4669395.81,INGRESO
9753,1,1001,2,1002,2024-04-23 09:19:23,2533306.08,INGRESO
9754,1,1001,2,1002,2024-04-23 11:06:54,1631370.40,EGRESO
9755,1,1001,2,1002,2024-04-23 14:28:38,9010072.83,INGRESO
9756,1,1001,2,1002,2024-04-23 23:46:38,1162130.44,INGRESO
9757,1,1001,2,1002,2024-04-24 03:40:08,7369549.67,INGRESO
9758,1,1001,2,1002,2024-04-24 07:14:26,290661.22,EGRESO
9759,1,1001,2,1002,2024-04-24 10:48:58,457227.70,INGRESO
9760,1,1001,2,1002,2024-04-24 12:58:36,220222.05,EGRESO
9761,1,1001,2,1002,2024-04-24 20:08:05,2331198.93,EGRESO
9762,1,1001,2,1002,2024-04-25 10:16:15,2936935.11,EGRESO
9763,1,1001,2,1002,2024-04-25 11:47:41,7395279.58,EGRESO
9764,1,1001,2,1002,2024-04-25 22:02:25,8068801.61,EGRESO
9765,1,1001,2,1002,2024-04-25 23:24:32,4338528.48,INGRESO
9766,1,1001,2,1002,2024-04-26 03:09:29,8327471.43,INGRESO
9767,1,1001,2,1002,2024-04-26 09:55:13,7461544.92,EGRESO
9768,1,1001,2,1002,2024-04-26 09:58:49,7336612.25,INGRESO
9769,1,1001,2,1002,2024-04-26 22:12:44,1029593.80,INGRESO
9770,1,1001,2,1002,2024-04-27 01:34:47,7387714.67,EGRESO
9771,1,1001,2,1002,2024-04-27 03:05:24,6441664.52,EGRESO
9772,1,1001,2,1002,2024-04-27 08:31:23,308077.96,INGRESO
9773,1,1001,2,1002,2024-04-27 22:17:47,4646945.90,EGRESO
9774,1,1001,2,1002,2024-04-28 06:47:51,446126.37,INGRESO
9775,1,1001,2,1002,2024-04-28 12:44:25,4458967.66,EGRESO
9776,1,1001,2,1002,2024-04-28 13:54:11,3748823.27,INGRESO
9777,1,1001,2,1002,2024-04-28 20:54:47,3610111.93,EGRESO
9778,1,1001,2,1002,2024-04-29 09:01:12,4676726.91,EGRESO
9779,1,1001,2,1002,2024-04-29 09:47:53,3630247.76,INGRESO
9780,1,1001,2,1002,2024-04-29 12:22:06,7105335.55,EGRESO
9781,1,1001,2,1002,2024-04-29 15:52:28,8488072.91,EGRESO
9782,1,1001,2,1002,2024-04-29 23:49:17,4394602.91,EGRESO
9783,1,1001,2,1002,2024-04-30 05:59:35,779502.17,EGRESO
9784,1,1001,2,1002,2024-04-30 22:46:07,939279.77,INGRESO
9785,1,1001,2,1002,2024-04-30 22:55:02,5807293.32,EGRESO
9786,1,1001,2,1002,2024-04-30 23:55:21,919144.44,EGRESO
9787,1,1001,2,1002,2024-05-01 06:32:23,311929.41,EGRESO
9788,1,1001,2,1002,2024-05-01 10:44:58,8000793.78,INGRESO
9789,1,1001,2,1002,2024-05-01 18:35:31,3052937.85,INGRESO
9790,1,1001,2,1002,2024-05-01 18:47:33,5418316.26,EGRESO
9791,1,1001,2,1002,2024-05-02 01:07:01,9186570.53,EGRESO
9792,1,1001,2,1002,2024-05-02 04:02:08,7137326.99,EGRESO
9793,1,1001,2,1002,2024-05-02 06:20:19,6988080.26,EGRESO
9794,1,1001,2,1002,2024-05-02 20:07:36,8877704.40,EGRESO
9795,1,1001,2,1002,2024-05-02 21:01:11,6711377.84,EGRESO
9796,1,1001,2,1002,2024-05-03 08:48:08,8745011.53,INGRESO
9797,1,1001,2,1002,2024-05-03 13:23:27,3483482.34,INGRESO
9798,1,1001,2,1002,2024-05-03 17:20:37,5808148.34,INGRESO
9799,1,1001,2,1002,2024-05-03 18:42:25,9667459.62,EGRESO
9800,1,1001,2,1002,2024-05-03 18:43:04,6874529.83,EGRESO
9801,1,1001,2,1002,2024-05-04 04:56:42,8950988.66,EGRESO
9802,1,1001,2,1002,2024-05-04 15:16:12,7820540.97,EGRESO
9803,1,1001,2,1002,2024-05-04 20:09:23,1905498.15,EGRESO
9804,1,1001,2,1002,2024-05-04 21:07:31,8245785.36,EGRESO
9805,1,1001,2,1002,2024-05-05 01:31:37,7005133.51,INGRESO
9806,1,1001,2,1002,2024-05-05 06:01:18,8916175.67,INGRESO
9807,1,1001,2,1002,2024-05-05 13:33:28,250686.92,EGRESO
9808,1,1001,2,1002,2024-05-05 17:03:03,3571559.65,EGRESO
9809,1,1001,2,1002,2024-05-06 00:40:19,7226382.29,INGRESO
9810,1,1001,2,1002,2024-05-06 03:08:09,5452626.23,EGRESO
9811,1,1001,2,1002,2024-05-06 11:34:39,7019889.71,EGRESO
9812,1,1001,2,1002,2024-05-06 23:40:28,5645659.57,INGRESO
9813,1,1001,2,1002,2024-05-07 00:56:04,2955750.79,INGRESO
9814,1,1001,2,1002,2024-05-07 02:11:05,6265155.14,EGRESO
9815,1,1001,2,1002,2024-05-07 05:12:35,7167369.96,INGRESO
9816,1,1001,2,1002,2024-05-07 06:41:08,2648719.60,EGRESO
9817,1,1001,2,1002,2024-05-07 21:55:35,1062908.65,INGRESO
9818,1,1001,2,1002,2024-05-08 03:56:55,2624103.89,EGRESO
9819,1,1001,2,1002,2024-05-08 04:41:25,4335011.15,EGRESO
9820,1,1001,2,1002,2024-05-08 10:43:01,9209423.62,INGRESO
9821,1,1001,2,1002,2024-05-08 11:04:54,6978101.57,EGRESO
9822,1,1001,2,1002,2024-05-08 18:26:27,356960.35,EGRESO
9823,1,1001,2,1002,2024-05-09 05:39:14,7868006.50,EGRESO
9824,1,1001,2,1002,2024-05-09 05:44:57,7065406.68,INGRESO
9825,1,1001,2,1002,2024-05-09 14:52:30,4372840.81,INGRESO
9826,1,1001,2,1002,2024-05-09 23:37:18,4507045.02,INGRESO
9827,1,1001,2,1002,2024-05-10 06:23:44,4042636.65,EGRESO
9828,1,1001,2,1002,2024-05-10 10:44:56,9307442.42,INGRESO
9829,1,1001,2,1002,2024-05-10 11:37:18,5638693.43,EGRESO
9830,1,1001,2,1002,2024-05-10 19:45:09,9262492.29,INGRESO
9831,1,1001,2,1002,2024-05-10 23:59:36,8593039.85,EGRESO
9832,1,1001,2,1002,2024-05-11 04:52:16,6789578.84,INGRESO
9833,1,1001,2,1002,2024-05-11 05:59:48,1577452.82,INGRESO
9834,1,1001,2,1002,2024-05-11 14:39:15,9180697.99,INGRESO
9835,1,1001,2,1002,2024-05-11 16:12:50,2771976.92,INGRESO
9836,1,1001,2,1002,2024-05-11 16:21:01,3872051.30,EGRESO
9837,1,1001,2,1002,2024-05-12 04:37:13,777491.67,INGRESO
9838,1,1001,2,1002,2024-05-12 06:34:02,5584236.14,EGRESO
9839,1,1001,2,1002,2024-05-12 11:01:56,8817100.65,INGRESO
9840,1,1001,2,1002,2024-05-12 14:01:17,8464202.49,INGRESO
9841,1,1001,2,1002,2024-05-13 04:56:02,9336715.46,EGRESO
9842,1,1001,2,1002,2024-05-13 08:44:33,8626203.93,INGRESO
9843,1,1001,2,1002,2024-05-13 11:47:55,3634646.22,EGRESO
9844,1,1001,2,1002,2024-05-13 20:04:35,8941809.36,EGRESO
9845,1,1001,2,1002,2024-05-13 20:06:06,7944436.05,EGRESO
9846,1,1001,2,1002,2024-05-14 03:11:53,1969193.71,EGRESO
9847,1,1001,2,1002,2024-05-14 12:00:27,2245943.32,INGRESO
9848,1,1001,2,1002,2024-05-14 13:27:53,699901.40,EGRESO
9849,1,1001,2,1002,2024-05-14 14:42:00,6055852.10,EGRESO
9850,1,1001,2,1002,2024-05-14 19:16:14,9863505.45,EGRESO
9851,1,1001,2,1002,2024-05-15 03:26:48,8367769.87,INGRESO
9852,1,1001,2,1002,2024-05-15 16:38:06,7019310.67,EGRESO
9853,1,1001,2,1002,2024-05-15 19:30:21,2246282.60,INGRESO
9854,1,1001,2,1002,2024-05-15 20:10:22,5559501.47,EGRESO
9855,1,1001,2,1002,2024-05-15 22:03:59,6047785.65,EGRESO
9856,1,1001,2,1002,2024-05-16 04:16:48,911671.49,EGRESO
9857,1,1001,2,1002,2024-05-16 20:39:31,5708866.61,INGRESO
9858,1,1001,2,1002,2024-05-16 20:50:41,3361415.65,EGRESO
9859,1,1001,2,1002,2024-05-16 22:51:14,1104350.29,EGRESO
9860,1,1001,2,1002,2024-05-17 03:32:50,8836227.96,EGRESO
9861,1,1001,2,1002,2024-05-17 05:31:56,1105819.61,EGRESO
9862,1,1001,2,1002,2024-05-17 09:17:53,6162991.74,INGRESO
9863,1,1001,2,1002,2024-05-17 11:57:13,8941318.17,INGRESO
9864,1,1001,2,1002,2024-05-17 22:11:27,3382969.20,EGRESO
9865,1,1001,2,1002,2024-05-18 00:41:17,7980171.78,INGRESO
9866,1,1001,2,1002,2024-05-18 11:43:29,416707.76,INGRESO
9867,1,1001,2,1002,2024-05-18 14:50:10,3274095.76,INGRESO
9868,1,1001,2,1002,2024-05-18 19:35:44,4929989.45,EGRESO
9869,1,1001,2,1002,2024-05-19 03:33:51,4660767.18,EGRESO
9870,1,1001,2,1002,2024-05-19 03:40:24,1304463.49,EGRESO
9871,1,1001,2,1002,2024-05-19 06:33:26,8984742.27,EGRESO
9872,1,1001,2,1002,2024-05-19 09:27:59,1437369.28,EGRESO
9873,1,1001,2,1002,2024-05-19 15:20:46,8786875.17,INGRESO
9874,1,1001,2,1002,2024-05-20 02:01:01,3472175.75,INGRESO
9875,1,1001,2,1002,2024-05-20 04:33:00,7144522.64,INGRESO
9876,1,1001,2,1002,2024-05-20 05:17:44,6351959.26,INGRESO
9877,1,1001,2,1002,2024-05-20 09:57:20,1044978.41,INGRESO
9878,1,1001,2,1002,2024-05-20 11:33:11,7578669.86,INGRESO
9879,1,1001,2,1002,2024-05-21 12:29:57,3995816.27,INGRESO
9880,1,1001,2,1002,2024-05-21 12:38:58,6061436.03,INGRESO
9881,1,1001,2,1002,2024-05-21 13:31:41,7557696.39,EGRESO
9882,1,1001,2,1002,2024-05-21 23:43:05,375877.99,INGRESO
9883,1,1001,2,1002,2024-05-22 01:35:28,8229162.50,INGRESO
9884,1,1001,2,1002,2024-05-22 05:35:40,995751.71,EGRESO
9885,1,1001,2,1002,2024-05-22 12:22:08,9942475.02,INGRESO
9886,1,1001,2,1002,2024-05-22 16:38:00,3789785.36,INGRESO
9887,1,1001,2,1002,2024-05-22 16:46:16,215124.32,EGRESO
9888,1,1001,2,1002,2024-05-22 23:45:34,1115436.33,INGRESO
9889,1,1001,2,1002,2024-05-23 03:41:14,4616225.02,INGRESO
9890,1,1001,2,1002,2024-05-23 11:04:17,9044864.91,EGRESO
9891,1,1001,2,1002,2024-05-23 11:27:10,9625626.06,INGRESO
9892,1,1001,2,1002,2024-05-23 11:41:39,3545723.10,EGRESO
9893,1,1001,2,1002,2024-05-23 18:41:12,2455511.48,INGRESO
9894,1,1001,2,1002,2024-05-24 02:01:27,113204.12,EGRESO
9895,1,1001,2,1002,2024-05-24 12:51:40,2669889.77,EGRESO
9896,1,1001,2,1002,2024-05-24 14:41:52,717568.17,EGRESO
9897,1,1001,2,1002,2024-05-24 19:19:11,600131.26,EGRESO
9898,1,1001,2,1002,2024-05-25 12:57:53,2247772.44,INGRESO
9899,1,1001,2,1002,2024-05-25 20:10:01,306569.71,INGRESO
9900,1,1001,2,1002,2024-05-25 20:13:01,7113558.50,INGRESO
9901,1,1001,2,1002,2024-05-25 21:30:30,4618106.35,INGRESO
9902,1,1001,2,1002,2024-05-26 02:33:36,7356148.03,INGRESO
9903,1,1001,2,1002,2024-05-26 05:01:24,1942055.85,INGRESO
9904,1,1001,2,1002,2024-05-26 09:58:01,3537937.70,EGRESO
9905,1,1001,2,1002,2024-05-26 11:06:38,533486.79,INGRESO
9906,1,1001,2,1002,2024-05-26 13:11:54,8670437.91,INGRESO
9907,1,1001,2,1002,2024-05-26 16:21:44,2894446.17,INGRESO
9908,1,1001,2,1002,2024-05-27 03:05:02,5239710.01,INGRESO
9909,1,1001,2,1002,2024-05-27 07:06:10,6929800.19,INGRESO
9910,1,1001,2,1002,2024-05-27 22:52:47,76765.35,INGRESO
9911,1,1001,2,1002,2024-05-27 23:54:58,7841786.10,INGRESO
9912,1,1001,2,1002,2024-05-28 01:25:39,2908023.66,INGRESO
9913,1,1001,2,1002,2024-05-28 01:27:54,7402240.28,EGRESO
9914,1,1001,2,1002,2024-05-28 10:18:01,4132061.85,EGRESO
9915,1,1001,2,1002,2024-05-28 15:40:36,6515143.80,INGRESO
9916,1,1001,2,1002,2024-05-28 19:15:27,938277.37,INGRESO
9917,1,1001,2,1002,2024-05-29 06:34:30,8304147.20,INGRESO
9918,1,1001,2,1002,2024-05-29 14:56:13,1775135.24,EGRESO
9919,1,1001,2,1002,2024-05-29 19:38:35,9203625.24,INGRESO
9920,1,1001,2,1002,2024-05-29 20:10:11,5812395.67,EGRESO
9921,1,1001,2,1002,2024-05-29 20:17:27,3737921.11,EGRESO
9922,1,1001,2,1002,2024-05-30 03:16:35,8139979.40,EGRESO
9923,1,1001,2,1002,2024-05-30 03:44:48,5273633.18,EGRESO
9924,1,1001,2,1002,2024-05-30 04:51:16,2955916.76,INGRESO
9925,1,1001,2,1002,2024-05-30 05:03:07,7752924.30,INGRESO
9926,1,1001,2,1002,2024-05-30 09:04:21,1313516.79,INGRESO
9927,1,1001,2,1002,2024-05-30 19:36:17,64038.33,INGRESO
9928,1,1001,2,1002,2024-05-31 00:02:35,7009150.40,INGRESO
9929,1,1001,2,1002,2024-05-31 16:05:46,7771597.68,EGRESO
9930,1,1001,2,1002,2024-05-31 22:41:21,4111558.15,INGRESO
9931,1,1001,2,1002,2024-05-31 23:19:52,4459254.86,INGRESO
9932,1,1001,2,1002,2024-06-01 00:23:15,8840656.39,INGRESO
9933,1,1001,2,1002,2024-06-01 01:52:56,7186927.19,EGRESO
9934,1,1001,2,1002,2024-06-01 08:12:21,2669370.88,INGRESO
9935,1,1001,2,1002,2024-06-01 08:37:31,2024242.48,INGRESO
9936,1,1001,2,1002,2024-06-01 08:40:18,468599.63,EGRESO
9937,1,1001,2,1002,2024-06-02 05:25:53,9288050.82,EGRESO
9938,1,1001,2,1002,2024-06-02 05:33:29,1791274.24,EGRESO
9939,1,1001,2,1002,2024-06-02 05:41:20,6132948.38,EGRESO
9940,1,1001,2,1002,2024-06-02 13:44:28,7463109.83,EGRESO
9941,1,1001,2,1002,2024-06-02 19:12:17,4029899.56,EGRESO
9942,1,1001,2,1002,2024-06-02 19:20:32,1409227.17,EGRESO
9943,1,1001,2,1002,2024-06-02 20:58:38,8715934.16,INGRESO
9944,1,1001,2,1002,2024-06-03 00:10:12,4170617.58,INGRESO
9945,1,1001,2,1002,2024-06-03 08:26:56,7790273.10,INGRESO
9946,1,1001,2,1002,2024-06-03 10:06:59,5440750.68,EGRESO
9947,1,1001,2,1002,2024-06-03 14:29:22,9125081.48,EGRESO
9948,1,1001,2,1002,2024-06-03 17:26:13,7942156.51,INGRESO
9949,1,1001,2,1002,2024-06-04 11:04:31,2008404.43,EGRESO
9950,1,1001,2,1002,2024-06-04 11:30:14,6627727.77,EGRESO
9951,1,1001,2,1002,2024-06-04 17:43:20,5326462.65,INGRESO
9952,1,1001,2,1002,2024-06-04 20:21:04,4883717.89,EGRESO
9953,1,1001,2,1002,2024-06-05 01:16:05,8735074.52,EGRESO
9954,1,1001,2,1002,2024-06-05 04:35:58,9053500.17,INGRESO
9955,1,1001,2,1002,2024-06-05 13:14:50,8310229.92,INGRESO
9956,1,1001,2,1002,2024-06-05 15:52:50,8972964.47,EGRESO
9957,1,1001,2,1002,2024-06-05 22:42:01,4855189.12,EGRESO
9958,1,1001,2,1002,2024-06-06 04:42:16,9889953.06,INGRESO
9959,1,1001,2,1002,2024-06-06 16:24:26,6792822.83,EGRESO
9960,1,1001,2,1002,2024-06-06 20:29:18,6061864.75,INGRESO
9961,1,1001,2,1002,2024-06-06 21:49:40,5684692.54,EGRESO
9962,1,1001,2,1002,2024-06-07 00:15:45,7405705.22,INGRESO
9963,1,1001,2,1002,2024-06-07 12:03:48,5004023.14,EGRESO
9964,1,1001,2,1002,2024-06-07 17:49:06,5689592.67,INGRESO
9965,1,1001,2,1002,2024-06-07 19:15:55,2085323.59,EGRESO
9966,1,1001,2,1002,2024-06-07 23:42:23,6881172.16,INGRESO
9967,1,1001,2,1002,2024-06-08 00:19:34,1903513.61,INGRESO
9968,1,1001,2,1002,2024-06-08 05:25:05,68478.90,EGRESO
9969,1,1001,2,1002,2024-06-08 20:02:04,721020.36,INGRESO
9970,1,1001,2,1002,2024-06-08 20:05:38,8382652.59,EGRESO
9971,1,1001,2,1002,2024-06-09 12:17:36,6255138.11,EGRESO
9972,1,1001,2,1002,2024-06-09 13:34:37,7144257.52,EGRESO
9973,1,1001,2,1002,2024-06-09 14:29:06,6973500.55,INGRESO
9974,1,1001,2,1002,2024-06-09 17:24:23,7622402.55,INGRESO
9975,1,1001,2,1002,2024-06-09 20:38:21,9574459.69,EGRESO
9976,1,1001,2,1002,2024-06-10 01:00:05,7669347.35,EGRESO
9977,1,1001,2,1002,2024-06-10 01:38:57,1893658.41,EGRESO
9978,1,1001,2,1002,2024-06-10 04:29:01,8569957.24,EGRESO
9979,1,1001,2,1002,2024-06-10 17:57:52,6258120.82,INGRESO
9980,1,1001,2,1002,2024-06-10 23:36:56,5851845.53,EGRESO
9981,1,1001,2,1002,2024-06-11 02:46:46,3778353.53,EGRESO
9982,1,1001,2,1002,2024-06-11 03:13:13,8536581.97,EGRESO
9983,1,1001,2,1002,2024-06-11 14:34:18,5273612.99,INGRESO
9984,1,1001,2,1002,2024-06-11 17:04:34,7589039.89,EGRESO
9985,1,1001,2,1002,2024-06-11 20:45:05,591152.04,EGRESO
9986,1,1001,2,1002,2024-06-12 08:28:22,7857205.59,EGRESO
9987,1,1001,2,1002,2024-06-12 09:30:23,8449297.14,EGRESO
9988,1,1001,2,1002,2024-06-12 11:43:11,2824499.04,INGRESO
9989,1,1001,2,1002,2024-06-12 16:17:49,1262721.37,INGRESO
9990,1,1001,2,1002,2024-06-12 23:34:38,9144692.21,EGRESO
9991,1,1001,2,1002,2024-06-12 23:50:38,5636513.62,INGRESO
9992,1,1001,2,1002,2024-06-13 02:50:45,3292951.40,INGRESO
9993,1,1001,2,1002,2024-06-13 16:11:31,8928647.57,INGRESO
9994,1,1001,2,1002,2024-06-13 19:37:34,7668807.41,EGRESO
9995,1,1001,2,1002,2024-06-13 20:20:23,9774195.27,EGRESO
9996,1,1001,2,1002,2024-06-14 11:13:43,5906918.43,INGRESO
9997,1,1001,2,1002,2024-06-14 16:10:53,8933853.53,INGRESO
9998,1,1001,2,1002,2024-06-14 19:18:28,8937357.22,INGRESO
9999,1,1001,2,1002,2024-06-14 21:07:08,8297165.54,INGRESO
10000,1,1001,2,1002,2024-06-15 12:37:35,3119651.76,INGRESO
10001,1,1001,2,1002,2024-06-15 17:42:36,2383563.32,EGRESO
10002,1,1001,2,1002,2024-06-15 19:38:18,6838227.85,INGRESO
10003,1,1001,2,1002,2024-06-15 21:56:44,9788484.31,EGRESO
10004,1,1001,2,1002,2024-06-16 02:44:26,1759619.07,INGRESO
10005,1,1001,2,1002,2024-06-16 07:54:47,2214910.82,EGRESO
10006,1,1001,2,1002,2024-06-16 15:02:59,1744628.64,INGRESO
10007,1,1001,2,1002,2024-06-16 15:41:15,7003071.20,EGRESO
10008,1,1001,2,1002,2024-06-17 04:30:09,7003342.14,EGRESO
10009,1,1001,2,1002,2024-06-17 04:35:35,8270204.05,INGRESO
10010,1,1001,2,1002,2024-06-17 12:34:55,3943642.68,INGRESO
10011,1,1001,2,1002,2024-06-17 15:23:01,8020071.84,EGRESO
10012,1,1001,2,1002,2024-06-17 18:33:27,4873911.97,INGRESO
10013,1,1001,2,1002,2024-06-17 19:44:34,7491578.40,INGRESO
10014,1,1001,2,1002,2024-06-18 07:35:39,7365606.21,EGRESO
10015,1,1001,2,1002,2024-06-18 08:04:09,6285280.59,EGRESO
10016,1,1001,2,1002,2024-06-18 08:04:35,9642865.64,INGRESO
10017,1,1001,2,1002,2024-06-18 08:41:10,7007530.49,EGRESO
10018,1,1001,2,1002,2024-06-18 08:44:53,8882238.22,EGRESO
10019,1,1001,2,1002,2024-06-19 00:51:06,962863.38,INGRESO
10020,1,1001,2,1002,2024-06-19 02:03:25,1176458.52,EGRESO
10021,1,1001,2,1002,2024-06-19 09:57:50,3955533.81,EGRESO
10022,1,1001,2,1002,2024-06-19 10:25:41,5745472.99,EGRESO
10023,1,1001,2,1002,2024-06-19 12:25:33,8474451.49,INGRESO
10024,1,1001,2,1002,2024-06-19 14:36:40,5638271.66,EGRESO
10025,1,1001,2,1002,2024-06-20 00:33:11,7089808.34,EGRESO
10026,1,1001,2,1002,2024-06-20 10:56:38,1076644.54,EGRESO
10027,1,1001,2,1002,2024-06-20 15:14:16,4181892.59,EGRESO
10028,1,1001,2,1002,2024-06-20 19:13:44,9984826.43,INGRESO
10029,1,1001,2,1002,2024-06-21 10:55:03,1218299.67,INGRESO
10030,1,1001,2,1002,2024-06-21 14:11:08,3378170.25,INGRESO
10031,1,1001,2,1002,2024-06-21 20:25:38,1747444.62,INGRESO
10032,1,1001,2,1002,2024-06-21 21:44:56,9020378.03,EGRESO
10033,1,1001,2,1002,2024-06-22 06:11:06,4630777.16,EGRESO
10034,1,1001,2,1002,2024-06-22 16:32:28,8680037.78,INGRESO
10035,1,1001,2,1002,2024-06-22 17:09:08,3349371.08,EGRESO
10036,1,1001,2,1002,2024-06-22 20:53:46,2259529.87,INGRESO
10037,1,1001,2,1002,2024-06-22 22:58:36,5884100.31,INGRESO
10038,1,1001,2,1002,2024-06-23 01:27:34,2482150.71,EGRESO
10039,1,1001,2,1002,2024-06-23 10:24:41,6769072.80,INGRESO
10040,1,1001,2,1002,2024-06-23 14:36:32,1514913.34,INGRESO
10041,1,1001,2,1002,2024-06-23 16:53:20,9081904.21,EGRESO
10042,1,1001,2,1002,2024-06-24 03:33:03,8201676.46,INGRESO
10043,1,1001,2,1002,2024-06-24 06:46:34,5456670.70,INGRESO
10044,1,1001,2,1002,2024-06-24 11:44:56,9622999.83,INGRESO
10045,1,1001,2,1002,2024-06-24 16:58:00,4376648.51,INGRESO
10046,1,1001,2,1002,2024-06-24 22:26:08,3384546.82,EGRESO
10047,1,1001,2,1002,2024-06-25 01:00:18,9590391.86,EGRESO
10048,1,1001,2,1002,2024-06-25 06:23:54,9536089.87,EGRESO
10049,1,1001,2,1002,2024-06-25 08:24:35,1151709.35,INGRESO
10050,1,1001,2,1002,2024-06-25 17:46:50,4314749.55,EGRESO
10051,1,1001,2,1002,2024-06-25 18:27:21,6328127.38,INGRESO
10052,1,1001,2,1002,2024-06-25 23:10:03,6034036.08,INGRESO
10053,1,1001,2,1002,2024-06-26 04:03:01,556408.49,INGRESO
10054,1,1001,2,1002,2024-06-26 09:52:16,5676368.49,INGRESO
10055,1,1001,2,1002,2024-06-26 13:26:34,2434046.28,INGRESO
10056,1,1001,2,1002,2024-06-26 21:55:38,1412117.01,EGRESO
10057,1,1001,2,1002,2024-06-26 22:15:06,7574711.74,EGRESO
10058,1,1001,2,1002,2024-06-27 00:13:39,6725085.64,EGRESO
10059,1,1001,2,1002,2024-06-27 11:58:09,3336821.88,INGRESO
10060,1,1001,2,1002,2024-06-27 12:42:57,6425185.09,INGRESO
10061,1,1001,2,1002,2024-06-27 12:51:46,5506946.63,INGRESO
10062,1,1001,2,1002,2024-06-27 21:11:21,8537087.66,INGRESO
10063,1,1001,2,1002,2024-06-28 04:05:22,6568464.83,EGRESO
10064,1,1001,2,1002,2024-06-28 12:01:28,6440687.87,INGRESO
10065,1,1001,2,1002,2024-06-28 12:18:29,3323245.79,INGRESO
10066,1,1001,2,1002,2024-06-28 14:06:12,1380160.87,EGRESO
10067,1,1001,2,1002,2024-06-28 21:45:37,4068715.53,INGRESO
10068,1,1001,2,1002,2024-06-29 00:50:32,8250975.26,EGRESO
10069,1,1001,2,1002,2024-06-29 05:10:35,5625404.74,INGRESO
10070,1,1001,2,1002,2024-06-29 06:24:07,1240441.83,EGRESO
10071,1,1001,2,1002,2024-06-29 11:07:01,2894964.79,EGRESO
10072,1,1001,2,1002,2024-06-29 11:59:16,1999563.19,INGRESO
10073,1,1001,2,1002,2024-06-30 02:17:43,3576348.06,EGRESO
10074,1,1001,2,1002,2024-06-30 16:48:38,2160272.50,EGRESO
10075,1,1001,2,1002,2024-06-30 19:46:01,1976353.68,EGRESO
10076,1,1001,2,1002,2024-06-30 21:27:41,8950297.36,EGRESO
10077,1,1001,2,1002,2024-07-01 03:46:56,9080710.73,EGRESO
10078,1,1001,2,1002,2024-07-01 08:00:00,9001988.35,EGRESO
10079,1,1001,2,1002,2024-07-01 11:25:28,5076568.40,INGRESO
10080,1,1001,2,1002,2024-07-01 18:16:21,5787762.32,INGRESO
10081,1,1001,2,1002,2024-07-02 00:04:43,7056574.33,EGRESO
10082,1,1001,2,1002,2024-07-02 07:51:09,1578750.52,EGRESO
10083,1,1001,2,1002,2024-07-02 13:35:21,2483587.38,EGRESO
10084,1,1001,2,1002,2024-07-02 14:53:43,5006005.22,EGRESO
10085,1,1001,2,1002,2024-07-02 19:28:26,8711819.30,EGRESO
10086,1,1001,2,1002,2024-07-03 00:55:48,5867776.99,EGRESO
10087,1,1001,2,1002,2024-07-03 09:13:43,5115816.12,EGRESO
10088,1,1001,2,1002,2024-07-03 09:23:33,780821.71,EGRESO
10089,1,1001,2,1002,2024-07-03 12:03:41,1575196.34,EGRESO
10090,1,1001,2,1002,2024-07-03 19:28:36,3117241.52,INGRESO
10091,1,1001,2,1002,2024-07-04 02:43:54,5186776.32,EGRESO
10092,1,1001,2,1002,2024-07-04 09:36:15,6968899.13,INGRESO
10093,1,1001,2,1002,2024-07-04 19:25:04,7121916.19,INGRESO
10094,1,1001,2,1002,2024-07-04 20:24:44,8937060.10,EGRESO
10095,1,1001,2,1002,2024-07-04 23:19:57,4632741.90,INGRESO
10096,1,1001,2,1002,2024-07-05 02:39:13,4921165.52,EGRESO
10097,1,1001,2,1002,2024-07-05 13:07:44,7158994.95,EGRESO
10098,1,1001,2,1002,2024-07-05 20:14:07,5475340.16,INGRESO
10099,1,1001,2,1002,2024-07-05 21:01:41,319256.85,EGRESO
10100,1,1001,2,1002,2024-07-06 00:40:09,2402636.57,EGRESO
10101,1,1001,2,1002,2024-07-06 09:20:50,9944614.79,INGRESO
10102,1,1001,2,1002,2024-07-06 13:55:32,4685910.80,INGRESO
10103,1,1001,2,1002,2024-07-06 20:57:34,5279629.41,EGRESO
10104,1,1001,2,1002,2024-07-07 00:53:33,4970061.24,INGRESO
10105,1,1001,2,1002,2024-07-07 10:45:06,1301230.48,INGRESO
10106,1,1001,2,1002,2024-07-07 12:36:29,3116369.32,EGRESO
10107,1,1001,2,1002,2024-07-07 15:09:36,3885895.33,EGRESO
10108,1,1001,2,1002,2024-07-08 00:35:34,2995931.90,INGRESO
10109,1,1001,2,1002,2024-07-08 01:47:47,6697990.37,EGRESO
10110,1,1001,2,1002,2024-07-08 09:16:07,5363725.23,EGRESO
10111,1,1001,2,1002,2024-07-08 13:22:11,1279081.50,EGRESO
10112,1,1001,2,1002,2024-07-09 02:08:17,1118345.97,INGRESO
10113,1,1001,2,1002,2024-07-09 08:36:54,7437314.60,EGRESO
10114,1,1001,2,1002,2024-07-09 20:05:23,6045500.45,INGRESO
10115,1,1001,2,1002,2024-07-09 21:10:57,3533845.28,EGRESO
10116,1,1001,2,1002,2024-07-10 03:27:39,9114054.04,EGRESO
10117,1,1001,2,1002,2024-07-10 16:41:52,2178969.44,INGRESO
10118,1,1001,2,1002,2024-07-10 19:15:51,1625625.56,INGRESO
10119,1,1001,2,1002,2024-07-10 21:38:16,632745.60,EGRESO
10120,1,1001,2,1002,2024-07-10 23:45:24,9766945.20,EGRESO
10121,1,1001,2,1002,2024-07-11 02:36:12,7736140.48,EGRESO
10122,1,1001,2,1002,2024-07-11 09:16:33,2933260.82,INGRESO
10123,1,1001,2,1002,2024-07-11 12:19:01,6546906.99,INGRESO
10124,1,1001,2,1002,2024-07-11 19:23:00,8356188.78,EGRESO
10125,1,1001,2,1002,2024-07-12 02:50:22,8015792.63,INGRESO
10126,1,1001,2,1002,2024-07-12 03:34:14,6575283.96,EGRESO
10127,1,1001,2,1002,2024-07-12 05:13:39,3055618.79,INGRESO
10128,1,1001,2,1002,2024-07-12 12:41:03,2501981.97,INGRESO
10129,1,1001,2,1002,2024-07-12 16:42:18,2361056.61,INGRESO
10130,1,1001,2,1002,2024-07-13 06:30:13,325827.56,INGRESO
10131,1,1001,2,1002,2024-07-13 08:35:47,8830519.16,INGRESO
10132,1,1001,2,1002,2024-07-13 16:21:37,3659666.83,INGRESO
10133,1,1001,2,1002,2024-07-13 19:23:19,6711302.64,EGRESO
10134,1,1001,2,1002,2024-07-14 09:08:00,4576978.58,INGRESO
10135,1,1001,2,1002,2024-07-14 10:00:33,4876938.22,EGRESO
10136,1,1001,2,1002,2024-07-14 12:23:01,6149265.06,INGRESO
10137,1,1001,2,1002,2024-07-14 17:16:06,6065073.23,INGRESO
10138,1,1001,2,1002,2024-07-14 18:52:44,2905306.72,INGRESO
10139,1,1001,2,1002,2024-07-15 03:05:29,4500432.08,INGRESO
10140,1,1001,2,1002,2024-07-15 07:15:02,9160111.96,INGRESO
10141,1,1001,2,1002,2024-07-15 14:53:16,940932.76,EGRESO
10142,1,1001,2,1002,2024-07-15 20:20:57,9708020.12,INGRESO
10143,1,1001,2,1002,2024-07-15 20:53:56,4293125.55,EGRESO
10144,1,1001,2,1002,2024-07-15 22:32:51,9573040.03,EGRESO
10145,1,1001,2,1002,2024-07-16 00:53:45,2357245.98,EGRESO
10146,1,1001,2,1002,2024-07-16 02:05:27,1963870.96,EGRESO
10147,1,1001,2,1002,2024-07-16 19:33:13,8435108.66,EGRESO
10148,1,1001,2,1002,2024-07-16 19:45:16,1625287.67,EGRESO
10149,1,1001,2,1002,2024-07-16 20:55:48,3901150.57,EGRESO
10150,1,1001,2,1002,2024-07-17 05:19:37,793093.33,EGRESO
10151,1,1001,2,1002,2024-07-17 06:44:17,8833289.23,EGRESO
10152,1,1001,2,1002,2024-07-17 12:30:35,9197120.80,INGRESO
10153,1,1001,2,1002,2024-07-17 15:59:48,7980951.18,EGRESO
10154,1,1001,2,1002,2024-07-18 10:46:24,5701715.07,INGRESO
10155,1,1001,2,1002,2024-07-18 14:51:54,4963577.37,INGRESO
10156,1,1001,2,1002,2024-07-18 14:59:06,8557024.86,EGRESO
10157,1,1001,2,1002,2024-07-18 15:37:13,3613841.39,EGRESO
10158,1,1001,2,1002,2024-07-18 21:31:54,2217358.43,EGRESO
10159,1,1001,2,1002,2024-07-19 00:06:22,9393057.26,EGRESO
10160,1,1001,2,1002,2024-07-19 03:21:48,1674811.03,INGRESO
10161,1,1001,2,1002,2024-07-19 07:00:36,2109046.03,INGRESO
10162,1,1001,2,1002,2024-07-19 19:50:05,2398879.66,INGRESO
10163,1,1001,2,1002,2024-07-20 04:39:38,7305652.03,INGRESO
10164,1,1001,2,1002,2024-07-20 04:48:02,4128151.29,EGRESO
10165,1,1001,2,1002,2024-07-20 06:21:11,9344961.64,EGRESO
10166,1,1001,2,1002,2024-07-20 09:18:03,9729209.21,EGRESO
10167,1,1001,2,1002,2024-07-20 16:07:29,2123346.23,EGRESO
10168,1,1001,2,1002,2024-07-20 21:34:10,7428623.26,INGRESO
10169,1,1001,2,1002,2024-07-21 00:11:20,491029.24,EGRESO
10170,1,1001,2,1002,2024-07-21 00:40:28,8698291.99,INGRESO
10171,1,1001,2,1002,2024-07-21 00:59:37,2815378.37,EGRESO
10172,1,1001,2,1002,2024-07-21 11:39:00,4066346.79,EGRESO
10173,1,1001,2,1002,2024-07-21 13:16:16,2639135.23,EGRESO
10174,1,1001,2,1002,2024-07-21 21:48:19,5090117.22,EGRESO
10175,1,1001,2,1002,2024-07-22 02:11:38,735527.67,EGRESO
10176,1,1001,2,1002,2024-07-22 08:38:03,3898327.67,EGRESO
10177,1,1001,2,1002,2024-07-22 09:35:33,6658889.53,EGRESO
10178,1,1001,2,1002,2024-07-22 15:42:37,3201450.11,EGRESO
10179,1,1001,2,1002,2024-07-23 03:51:16,7060559.77,EGRESO
10180,1,1001,2,1002,2024-07-23 08:47:53,6001845.22,INGRESO
10181,1,1001,2,1002,2024-07-23 16:25:34,5564629.94,INGRESO
10182,1,1001,2,1002,2024-07-23 21:24:25,1823966.79,INGRESO
10183,1,1001,2,1002,2024-07-24 02:43:55,9223527.95,EGRESO
10184,1,1001,2,1002,2024-07-24 07:37:19,5834743.90,EGRESO
10185,1,1001,2,1002,2024-07-24 08:21:26,7837270.59,INGRESO
10186,1,1001,2,1002,2024-07-24 23:16:52,7756980.75,EGRESO
10187,1,1001,2,1002,2024-07-25 03:35:50,6871668.47,EGRESO
10188,1,1001,2,1002,2024-07-25 03:55:11,7028731.24,EGRESO
10189,1,1001,2,1002,2024-07-25 08:07:03,5921590.17,EGRESO
10190,1,1001,2,1002,2024-07-25 08:22:54,6462319.02,INGRESO
10191,1,1001,2,1002,2024-07-26 04:07:02,3597970.68,INGRESO
10192,1,1001,2,1002,2024-07-26 11:48:30,1490552.36,EGRESO
10193,1,1001,2,1002,2024-07-26 15:59:26,802141.58,EGRESO
10194,1,1001,2,1002,2024-07-26 21:17:18,6364061.89,EGRESO
10195,1,1001,2,1002,2024-07-27 05:54:36,8766878.93,EGRESO
10196,1,1001,2,1002,2024-07-27 11:30:00,6790008.84,EGRESO
10197,1,1001,2,1002,2024-07-27 15:49:59,2365597.56,INGRESO
10198,1,1001,2,1002,2024-07-27 17:18:01,5000554.33,INGRESO
10199,1,1001,2,1002,2024-07-28 05:44:04,4180749.67,INGRESO
10200,1,1001,2,1002,2024-07-28 11:47:50,4611833.21,INGRESO
10201,1,1001,2,1002,2024-07-28 13:51:02,786925.81,INGRESO
10202,1,1001,2,1002,2024-07-28 14:38:49,4247309.86,EGRESO
10203,1,1001,2,1002,2024-07-28 17:08:53,2616343.54,INGRESO
10204,1,1001,2,1002,2024-07-29 03:41:48,5033864.50,EGRESO
10205,1,1001,2,1002,2024-07-29 06:42:45,7774767.49,EGRESO
10206,1,1001,2,1002,2024-07-29 16:18:35,4164827.34,INGRESO
10207,1,1001,2,1002,2024-07-29 19:29:21,7102381.29,INGRESO
10208,1,1001,2,1002,2024-07-29 22:50:05,1136659.42,EGRESO
10209,1,1001,2,1002,2024-07-30 03:31:18,7539416.92,EGRESO
10210,1,1001,2,1002,2024-07-30 16:29:25,7567146.19,INGRESO
10211,1,1001,2,1002,2024-07-30 17:59:14,551789.75,INGRESO
10212,1,1001,2,1002,2024-07-30 20:25:46,8521234.30,INGRESO
10213,1,1001,2,1002,2024-07-31 02:40:04,1527404.09,EGRESO
10214,1,1001,2,1002,2024-07-31 03:49:39,5273117.75,INGRESO
10215,1,1001,2,1002,2024-07-31 08:45:13,7396929.42,INGRESO
10216,1,1001,2,1002,2024-07-31 13:29:04,2165454.04,EGRESO
10217,1,1001,2,1002,2024-08-01 03:03:24,9872844.20,INGRESO
10218,1,1001,2,1002,2024-08-01 04:40:17,9169999.60,EGRESO
10219,1,1001,2,1002,2024-08-01 15:00:34,2076405.89,INGRESO
10220,1,1001,2,1002,2024-08-01 22:16:38,2875742.43,EGRESO
10221,1,1001,2,1002,2024-08-02 04:58:55,7205083.54,EGRESO
10222,1,1001,2,1002,2024-08-02 13:44:32,9182974.47,EGRESO
10223,1,1001,2,1002,2024-08-02 17:12:12,6816387.82,INGRESO
10224,1,1001,2,1002,2024-08-02 17:12:29,657824.29,EGRESO
10225,1,1001,2,1002,2024-08-02 22:11:12,4377195.89,EGRESO
10226,1,1001,2,1002,2024-08-03 06:46:31,3537383.02,INGRESO
10227,1,1001,2,1002,2024-08-03 15:24:45,1236347.78,EGRESO
10228,1,1001,2,1002,2024-08-03 16:52:49,2855493.12,EGRESO
10229,1,1001,2,1002,2024-08-03 18:03:45,3287952.57,INGRESO
10230,1,1001,2,1002,2024-08-04 03:28:03,2118450.85,INGRESO
10231,1,1001,2,1002,2024-08-04 10:28:45,4513121.15,INGRESO
10232,1,1001,2,1002,2024-08-04 20:01:06,4867286.84,INGRESO
10233,1,1001,2,1002,2024-08-04 21:50:37,559656.28,INGRESO
10234,1,1001,2,1002,2024-08-05 05:49:00,1454676.74,INGRESO
10235,1,1001,2,1002,2024-08-05 08:06:34,6329745.99,EGRESO
10236,1,1001,2,1002,2024-08-05 11:57:44,8036841.01,EGRESO
10237,1,1001,2,1002,2024-08-05 13:33:39,122097.54,INGRESO
10238,1,1001,2,1002,2024-08-05 20:16:18,6407522.56,EGRESO
10239,1,1001,2,1002,2024-08-06 08:37:18,6545789.30,EGRESO
10240,1,1001,2,1002,2024-08-06 09:01:18,7070554.17,INGRESO
10241,1,1001,2,1002,2024-08-06 21:42:09,6712750.01,INGRESO
10242,1,1001,2,1002,2024-08-06 22:57:16,8207256.19,EGRESO
10243,1,1001,2,1002,2024-08-07 14:15:15,1702689.78,EGRESO
10244,1,1001,2,1002,2024-08-07 16:13:44,5079661.48,INGRESO
10245,1,1001,2,1002,2024-08-07 18:00:25,54541.80,INGRESO
10246,1,1001,2,1002,2024-08-07 18:20:02,7496528.54,INGRESO
10247,1,1001,2,1002,2024-08-08 05:12:31,931351.12,EGRESO
10248,1,1001,2,1002,2024-08-08 15:53:46,3721462.59,INGRESO
10249,1,1001,2,1002,2024-08-08 19:37:13,9524533.30,EGRESO
10250,1,1001,2,1002,2024-08-08 23:44:43,5282281.11,EGRESO
10251,1,1001,2,1002,2024-08-09 02:22:32,1085884.72,INGRESO
10252,1,1001,2,1002,2024-08-09 02:35:15,4527893.45,EGRESO
10253,1,1001,2,1002,2024-08-09 07:24:14,8493898.58,INGRESO
10254,1,1001,2,1002,2024-08-09 08:17:35,6248856.57,INGRESO
10255,1,1001,2,1002,2024-08-09 12:03:18,1202959.34,EGRESO
10256,1,1001,2,1002,2024-08-09 12:34:48,2621072.32,INGRESO
10257,1,1001,2,1002,2024-08-10 04:17:25,2170865.45,INGRESO
10258,1,1001,2,1002,2024-08-10 06:33:45,3150233.34,INGRESO
10259,1,1001,2,1002,2024-08-10 11:08:51,4004912.81,INGRESO
10260,1,1001,2,1002,2024-08-10 17:20:54,6503395.86,INGRESO
10261,1,1001,2,1002,2024-08-11 00:03:17,5490392.54,EGRESO
10262,1,1001,2,1002,2024-08-11 16:49:54,9077005.38,INGRESO
10263,1,1001,2,1002,2024-08-11 17:03:44,5950077.37,EGRESO
10264,1,1001,2,1002,2024-08-11 22:57:29,4422223.28,INGRESO
10265,1,1001,2,1002,2024-08-12 01:19:56,2041988.16,INGRESO
10266,1,1001,2,1002,2024-08-12 02:35:48,4570370.48,EGRESO
10267,1,1001,2,1002,2024-08-12 14:40:47,822119.94,INGRESO
10268,1,1001,2,1002,2024-08-12 21:06:15,6154299.97,INGRESO
10269,1,1001,2,1002,2024-08-13 00:59:03,4721938.04,EGRESO
10270,1,1001,2,1002,2024-08-13 06:50:31,3188996.99,EGRESO
10271,1,1001,2,1002,2024-08-13 15:42:56,9824824.71,EGRESO
10272,1,1001,2,1002,2024-08-13 18:58:49,2352755.86,INGRESO
10273,1,1001,2,1002,2024-08-13 19:09:01,9396253.11,INGRESO
10274,1,1001,2,1002,2024-08-14 04:36:01,485744.23,INGRESO
10275,1,1001,2,1002,2024-08-14 07:21:53,7162226.43,EGRESO
10276,1,1001,2,1002,2024-08-14 12:31:43,1806780.63,EGRESO
10277,1,1001,2,1002,2024-08-14 23:01:54,6191053.73,EGRESO
10278,1,1001,2,1002,2024-08-15 07:37:35,6786864.28,INGRESO
10279,1,1001,2,1002,2024-08-15 11:50:43,8646252.31,EGRESO
10280,1,1001,2,1002,2024-08-15 13:01:38,8327856.70,EGRESO
10281,1,1001,2,1002,2024-08-15 15:03:32,4983289.57,INGRESO
10282,1,1001,2,1002,2024-08-16 07:00:57,4502954.28,EGRESO
10283,1,1001,2,1002,2024-08-16 19:43:44,4457840.85,INGRESO
10284,1,1001,2,1002,2024-08-16 22:34:19,1201052.01,EGRESO
10285,1,1001,2,1002,2024-08-16 23:38:43,6735637.70,EGRESO
10286,1,1001,2,1002,2024-08-17 00:08:47,2964649.39,EGRESO
10287,1,1001,2,1002,2024-08-17 07:20:58,3651025.55,EGRESO
10288,1,1001,2,1002,2024-08-17 09:05:12,7527659.70,INGRESO
10289,1,1001,2,1002,2024-08-17 09:34:32,8709391.19,INGRESO
10290,1,1001,2,1002,2024-08-17 11:40:37,2904128.69,EGRESO
10291,1,1001,2,1002,2024-08-18 01:19:47,7020932.83,INGRESO
10292,1,1001,2,1002,2024-08-18 02:06:31,1302825.97,EGRESO
10293,1,1001,2,1002,2024-08-18 10:53:16,7089762.42,EGRESO
10294,1,1001,2,1002,2024-08-18 18:13:33,2935567.46,INGRESO
10295,1,1001,2,1002,2024-08-19 00:30:01,3284946.08,INGRESO
10296,1,1001,2,1002,2024-08-19 00:53:36,3486018.81,INGRESO
10297,1,1001,2,1002,2024-08-19 03:58:15,5964805.56,EGRESO
10298,1,1001,2,1002,2024-08-19 14:13:10,6350844.12,EGRESO
10299,1,1001,2,1002,2024-08-19 19:04:59,9671666.79,INGRESO
10300,1,1001,2,1002,2024-08-19 22:11:36,5281464.55,EGRESO
10301,1,1001,2,1002,2024-08-20 00:36:08,8471926.63,INGRESO
10302,1,1001,2,1002,2024-08-20 12:58:13,2853237.19,EGRESO
10303,1,1001,2,1002,2024-08-20 15:19:59,7155664.74,EGRESO
10304,1,1001,2,1002,2024-08-20 15:57:41,8706008.56,INGRESO
10305,1,1001,2,1002,2024-08-21 05:09:12,4461714.74,INGRESO
10306,1,1001,2,1002,2024-08-21 16:26:15,5266178.69,EGRESO
10307,1,1001,2,1002,2024-08-21 22:40:00,2307539.79,EGRESO
10308,1,1001,2,1002,2024-08-21 23:06:48,1894431.14,INGRESO
10309,1,1001,2,1002,2024-08-22 01:17:01,183177.90,INGRESO
10310,1,1001,2,1002,2024-08-22 05:44:29,7999123.52,INGRESO
10311,1,1001,2,1002,2024-08-22 16:54:30,2974145.10,INGRESO
10312,1,1001,2,1002,2024-08-22 21:24:13,7722417.09,INGRESO
10313,1,1001,2,1002,2024-08-22 22:57:41,6439918.97,INGRESO
10314,1,1001,2,1002,2024-08-23 09:43:29,8136027.92,INGRESO
10315,1,1001,2,1002,2024-08-23 11:23:09,1139718.80,INGRESO
10316,1,1001,2,1002,2024-08-23 17:02:55,4958481.05,EGRESO
10317,1,1001,2,1002,2024-08-23 19:22:17,6183133.96,INGRESO
10318,1,1001,2,1002,2024-08-23 20:47:39,1528974.83,EGRESO
10319,1,1001,2,1002,2024-08-24 00:43:13,7250693.33,INGRESO
10320,1,1001,2,1002,2024-08-24 10:27:54,6623201.53,EGRESO
10321,1,1001,2,1002,2024-08-24 12:23:47,4825656.74,EGRESO
10322,1,1001,2,1002,2024-08-24 12:42:09,3781758.59,INGRESO
10323,1,1001,2,1002,2024-08-25 00:39:23,550501.48,INGRESO
10324,1,1001,2,1002,2024-08-25 02:27:41,961559.76,EGRESO
10325,1,1001,2,1002,2024-08-25 02:38:33,4033584.29,INGRESO
10326,1,1001,2,1002,2024-08-25 16:05:08,9849253.81,INGRESO
10327,1,1001,2,1002,2024-08-26 00:09:15,3396291.97,EGRESO
10328,1,1001,2,1002,2024-08-26 04:03:46,7935026.19,EGRESO
10329,1,1001,2,1002,2024-08-26 15:12:02,9284156.15,EGRESO
10330,1,1001,2,1002,2024-08-26 17:27:37,157312.79,EGRESO
10331,1,1001,2,1002,2024-08-26 19:05:16,8592841.66,EGRESO
10332,1,1001,2,1002,2024-08-27 00:29:12,7110161.19,INGRESO
10333,1,1001,2,1002,2024-08-27 03:19:23,1262606.18,EGRESO
10334,1,1001,2,1002,2024-08-27 04:23:57,1834846.29,EGRESO
10335,1,1001,2,1002,2024-08-27 09:47:23,8199154.91,EGRESO
10336,1,1001,2,1002,2024-08-27 14:10:47,1074103.25,INGRESO
10337,1,1001,2,1002,2024-08-28 03:22:50,8349869.06,EGRESO
10338,1,1001,2,1002,2024-08-28 08:32:31,6665706.50,INGRESO
10339,1,1001,2,1002,2024-08-28 14:24:28,4792507.22,INGRESO
10340,1,1001,2,1002,2024-08-28 18:47:31,8523901.27,EGRESO
10341,1,1001,2,1002,2024-08-28 19:20:47,831996.25,EGRESO
10342,1,1001,2,1002,2024-08-28 22:53:53,335126.39,INGRESO
10343,1,1001,2,1002,2024-08-29 04:22:56,7363731.70,INGRESO
10344,1,1001,2,1002,2024-08-29 08:04:07,943270.21,INGRESO
10345,1,1001,2,1002,2024-08-29 11:49:50,7326012.48,INGRESO
10346,1,1001,2,1002,2024-08-29 22:07:21,7909792.69,EGRESO
10347,1,1001,2,1002,2024-08-30 00:04:09,9096370.01,EGRESO
10348,1,1001,2,1002,2024-08-30 15:06:35,889035.65,EGRESO
10349,1,1001,2,1002,2024-08-30 18:53:51,386613.80,INGRESO
10350,1,1001,2,1002,2024-08-30 20:40:40,7143457.69,INGRESO
10351,1,1001,2,1002,2024-08-31 06:01:13,9199205.84,EGRESO
10352,1,1001,2,1002,2024-08-31 19:16:37,4111707.40,EGRESO
10353,1,1001,2,1002,2024-08-31 21:09:13,3334601.65,EGRESO
10354,1,1001,2,1002,2024-08-31 23:05:03,2463873.95,INGRESO
10355,1,1001,2,1002,2024-08-31 23:05:42,8084790.78,INGRESO
10356,1,1001,2,1002,2024-09-01 00:17:23,2370223.55,EGRESO
10357,1,1001,2,1002,2024-09-01 02:59:19,4806457.20,EGRESO
10358,1,1001,2,1002,2024-09-01 06:24:55,6230612.55,INGRESO
10359,1,1001,2,1002,2024-09-01 08:14:17,8527463.31,EGRESO
10360,1,1001,2,1002,2024-09-01 08:28:37,6686123.86,EGRESO
10361,1,1001,2,1002,2024-09-02 02:11:44,5716275.65,EGRESO
10362,1,1001,2,1002,2024-09-02 06:20:36,2881434.76,INGRESO
10363,1,1001,2,1002,2024-09-02 11:49:06,905661.21,EGRESO
10364,1,1001,2,1002,2024-09-02 12:26:05,2577610.49,EGRESO
10365,1,1001,2,1002,2024-09-02 14:15:03,1603814.54,EGRESO
10366,1,1001,2,1002,2024-09-03 04:39:49,8350175.58,EGRESO
10367,1,1001,2,1002,2024-09-03 12:35:23,5069358.02,INGRESO
10368,1,1001,2,1002,2024-09-03 15:50:03,5142272.26,EGRESO
10369,1,1001,2,1002,2024-09-03 18:03:48,8324580.97,EGRESO
10370,1,1001,2,1002,2024-09-03 18:13:04,1004866.20,EGRESO
10371,1,1001,2,1002,2024-09-04 00:15:28,9266979.44,EGRESO
10372,1,1001,2,1002,2024-09-04 07:15:08,5306867.52,INGRESO
10373,1,1001,2,1002,2024-09-04 07:22:21,7084971.82,INGRESO
10374,1,1001,2,1002,2024-09-04 11:04:11,2013641.89,INGRESO
10375,1,1001,2,1002,2024-09-04 18:56:14,9234122.48,INGRESO
10376,1,1001,2,1002,2024-09-05 07:30:04,6376826.31,EGRESO
10377,1,1001,2,1002,2024-09-05 12:15:14,7547513.80,INGRESO
10378,1,1001,2,1002,2024-09-05 15:03:09,5437893.91,INGRESO
10379,1,1001,2,1002,2024-09-05 16:24:01,8818746.11,INGRESO
10380,1,1001,2,1002,2024-09-06 01:29:41,8094938.06,INGRESO
10381,1,1001,2,1002,2024-09-06 08:27:23,8174430.31,EGRESO
10382,1,1001,2,1002,2024-09-06 11:15:36,9824681.69,EGRESO
10383,1,1001,2,1002,2024-09-06 12:20:09,3911589.62,EGRESO
10384,1,1001,2,1002,2024-09-06 14:07:09,4889501.10,EGRESO
10385,1,1001,2,1002,2024-09-07 02:47:49,7783381.76,EGRESO
10386,1,1001,2,1002,2024-09-07 08:21:38,5849233.42,EGRESO
10387,1,1001,2,1002,2024-09-07 14:00:48,796421.14,INGRESO
10388,1,1001,2,1002,2024-09-07 14:51:33,3973224.66,INGRESO
10389,1,1001,2,1002,2024-09-07 20:38:38,4191085.62,INGRESO
10390,1,1001,2,1002,2024-09-07 20:52:16,4980898.69,INGRESO
10391,1,1001,2,1002,2024-09-08 03:19:23,2038875.81,INGRESO
10392,1,1001,2,1002,2024-09-08 03:32:07,7480976.75,INGRESO
10393,1,1001,2,1002,2024-09-08 03:50:56,6880321.53,EGRESO
10394,1,1001,2,1002,2024-09-08 04:29:23,5500266.75,EGRESO
10395,1,1001,2,1002,2024-09-08 11:20:06,945157.08,EGRESO
10396,1,1001,2,1002,2024-09-08 19:42:40,3050086.81,INGRESO
10397,1,1001,2,1002,2024-09-09 01:46:27,4899293.76,INGRESO
10398,1,1001,2,1002,2024-09-09 03:11:15,7623936.14,INGRESO
10399,1,1001,2,1002,2024-09-09 17:42:21,9905435.60,INGRESO
10400,1,1001,2,1002,2024-09-09 22:25:10,9605601.15,EGRESO
10401,1,1001,2,1002,2024-09-10 01:10:02,9995413.91,EGRESO
10402,1,1001,2,1002,2024-09-10 01:20:16,6815978.20,EGRESO
10403,1,1001,2,1002,2024-09-10 04:33:26,3223410.54,INGRESO
10404,1,1001,2,1002,2024-09-10 07:29:50,5658895.92,INGRESO
10405,1,1001,2,1002,2024-09-11 08:16:49,5608047.42,INGRESO
10406,1,1001,2,1002,2024-09-11 19:16:11,9108297.66,EGRESO
10407,1,1001,2,1002,2024-09-11 22:32:38,9656578.91,INGRESO
10408,1,1001,2,1002,2024-09-11 22:36:10,1513506.54,INGRESO
10409,1,1001,2,1002,2024-09-12 05:24:32,4178689.96,EGRESO
10410,1,1001,2,1002,2024-09-12 08:42:17,7844846.33,INGRESO
10411,1,1001,2,1002,2024-09-12 09:47:35,8430350.70,INGRESO
10412,1,1001,2,1002,2024-09-12 12:34:35,633688.45,EGRESO
10413,1,1001,2,1002,2024-09-12 14:22:19,8345746.42,EGRESO
10414,1,1001,2,1002,2024-09-12 15:19:19,4549051.09,INGRESO
10415,1,1001,2,1002,2024-09-12 20:33:24,2671980.26,EGRESO
10416,1,1001,2,1002,2024-09-13 12:21:36,4130382.30,EGRESO
10417,1,1001,2,1002,2024-09-13 16:38:53,9639857.28,EGRESO
10418,1,1001,2,1002,2024-09-13 23:01:17,8165245.53,INGRESO
10419,1,1001,2,1002,2024-09-13 23:22:28,3107224.05,EGRESO
10420,1,1001,2,1002,2024-09-14 06:15:52,7695624.55,INGRESO
10421,1,1001,2,1002,2024-09-14 09:37:06,4022478.91,INGRESO
10422,1,1001,2,1002,2024-09-14 16:20:04,2058904.20,INGRESO
10423,1,1001,2,1002,2024-09-14 18:32:39,1242965.82,INGRESO
10424,1,1001,2,1002,2024-09-15 02:09:06,6115021.54,INGRESO
10425,1,1001,2,1002,2024-09-15 07:56:06,8371193.18,INGRESO
10426,1,1001,2,1002,2024-09-15 11:00:16,2158163.01,INGRESO
10427,1,1001,2,1002,2024-09-15 16:58:50,3288178.10,INGRESO
10428,1,1001,2,1002,2024-09-16 08:16:49,9102308.27,EGRESO
10429,1,1001,2,1002,2024-09-16 10:58:47,3281465.33,INGRESO
10430,1,1001,2,1002,2024-09-16 17:32:28,6365608.83,EGRESO
10431,1,1001,2,1002,2024-09-16 19:39:49,3212581.72,EGRESO
10432,1,1001,2,1002,2024-09-16 21:01:20,9064402.06,INGRESO
10433,1,1001,2,1002,2024-09-16 23:12:40,5290280.46,EGRESO
10434,1,1001,2,1002,2024-09-17 13:20:23,2033879.40,EGRESO
10435,1,1001,2,1002,2024-09-17 20:07:06,6401373.67,INGRESO
10436,1,1001,2,1002,2024-09-17 21:06:46,8060797.74,INGRESO
10437,1,1001,2,1002,2024-09-17 21:18:16,768112.81,EGRESO
10438,1,1001,2,1002,2024-09-17 23:38:59,8148651.19,INGRESO
10439,1,1001,2,1002,2024-09-18 00:01:20,496378.59,INGRESO
10440,1,1001,2,1002,2024-09-18 02:40:35,608691.32,INGRESO
10441,1,1001,2,1002,2024-09-18 04:04:23,2033556.51,EGRESO
10442,1,1001,2,1002,2024-09-18 04:36:46,7342982.38,INGRESO
10443,1,1001,2,1002,2024-09-18 08:05:34,5231947.17,INGRESO
10444,1,1001,2,1002,2024-09-18 19:44:24,9614701.33,EGRESO
10445,1,1001,2,1002,2024-09-19 00:43:37,5035872.44,EGRESO
10446,1,1001,2,1002,2024-09-19 04:46:15,2156651.21,EGRESO
10447,1,1001,2,1002,2024-09-19 23:18:33,5914157.65,INGRESO
10448,1,1001,2,1002,2024-09-19 23:57:30,4128676.80,EGRESO
10449,1,1001,2,1002,2024-09-20 00:13:21,1530991.55,EGRESO
10450,1,1001,2,1002,2024-09-20 05:50:12,3479161.43,INGRESO
10451,1,1001,2,1002,2024-09-20 05:51:41,4035088.91,INGRESO
10452,1,1001,2,1002,2024-09-20 17:59:29,6257091.03,EGRESO
10453,1,1001,2,1002,2024-09-20 19:44:27,2238007.60,EGRESO
10454,1,1001,2,1002,2024-09-21 07:28:17,5218131.00,INGRESO
10455,1,1001,2,1002,2024-09-21 09:25:36,4914364.63,EGRESO
10456,1,1001,2,1002,2024-09-21 13:18:42,5933928.44,EGRESO
10457,1,1001,2,1002,2024-09-21 13:54:53,5625693.36,INGRESO
10458,1,1001,2,1002,2024-09-21 17:36:36,1356997.20,INGRESO
10459,1,1001,2,1002,2024-09-22 00:05:23,3948547.48,EGRESO
10460,1,1001,2,1002,2024-09-22 08:52:30,1641261.09,EGRESO
10461,1,1001,2,1002,2024-09-22 09:27:56,842557.24,INGRESO
10462,1,1001,2,1002,2024-09-22 11:48:17,278359.05,INGRESO
10463,1,1001,2,1002,2024-09-23 04:54:33,2499687.92,INGRESO
10464,1,1001,2,1002,2024-09-23 09:35:02,7306759.09,EGRESO
10465,1,1001,2,1002,2024-09-23 11:53:49,6152098.72,INGRESO
10466,1,1001,2,1002,2024-09-23 13:06:08,9336648.70,INGRESO
10467,1,1001,2,1002,2024-09-23 15:05:28,5083461.15,INGRESO
10468,1,1001,2,1002,2024-09-24 00:41:50,9350556.57,INGRESO
10469,1,1001,2,1002,2024-09-24 05:20:59,1072155.93,EGRESO
10470,1,1001,2,1002,2024-09-24 11:47:56,611855.90,EGRESO
10471,1,1001,2,1002,2024-09-24 18:23:42,3965191.14,INGRESO
10472,1,1001,2,1002,2024-09-25 00:06:11,3945721.77,EGRESO
10473,1,1001,2,1002,2024-09-25 11:14:12,3793404.95,INGRESO
10474,1,1001,2,1002,2024-09-25 17:56:45,4574108.70,INGRESO
10475,1,1001,2,1002,2024-09-25 21:38:51,8399488.09,EGRESO
10476,1,1001,2,1002,2024-09-25 23:40:45,6361205.05,EGRESO
10477,1,1001,2,1002,2024-09-26 02:55:17,5621637.55,EGRESO
10478,1,1001,2,1002,2024-09-26 08:29:36,1142043.29,INGRESO
10479,1,1001,2,1002,2024-09-26 16:38:49,2346036.76,INGRESO
10480,1,1001,2,1002,2024-09-26 17:10:35,5967337.49,INGRESO
10481,1,1001,2,1002,2024-09-27 04:56:34,8356286.21,EGRESO
10482,1,1001,2,1002,2024-09-27 07:28:32,1572416.90,EGRESO
10483,1,1001,2,1002,2024-09-27 17:37:40,6962437.74,INGRESO
10484,1,1001,2,1002,2024-09-27 23:55:04,9006560.65,INGRESO
10485,1,1001,2,1002,2024-09-28 04:26:55,5550899.06,EGRESO
10486,1,1001,2,1002,2024-09-28 16:30:42,8714834.54,INGRESO
10487,1,1001,2,1002,2024-09-28 18:14:35,4920961.34,EGRESO
10488,1,1001,2,1002,2024-09-28 20:26:04,6106206.92,INGRESO
10489,1,1001,2,1002,2024-09-29 00:11:22,6273694.85,INGRESO
10490,1,1001,2,1002,2024-09-29 04:16:16,5250505.49,INGRESO
10491,1,1001,2,1002,2024-09-29 06:42:25,4512934.11,EGRESO
10492,1,1001,2,1002,2024-09-29 11:37:38,1898968.87,INGRESO
10493,1,1001,2,1002,2024-09-30 06:54:30,1061968.50,INGRESO
10494,1,1001,2,1002,2024-09-30 19:42:18,4979732.05,INGRESO
10495,1,1001,2,1002,2024-09-30 22:30:34,1747097.43,EGRESO
10496,1,1001,2,1002,2024-09-30 22:52:53,1799416.06,EGRESO
10497,1,1001,2,1002,2024-10-01 02:30:21,4818814.58,EGRESO
10498,1,1001,2,1002,2024-10-01 13:45:38,9640594.67,EGRESO
10499,1,1001,2,1002,2024-10-01 19:18:49,2245083.08,EGRESO
10500,1,1001,2,1002,2024-10-01 21:55:49,222046.93,EGRESO
10501,1,1001,2,1002,2024-10-01 22:34:59,768901.15,INGRESO
10502,1,1001,2,1002,2024-10-02 00:35:16,7554076.35,INGRESO
10503,1,1001,2,1002,2024-10-02 07:07:30,8225853.58,EGRESO
10504,1,1001,2,1002,2024-10-02 20:53:45,5146978.13,INGRESO
10505,1,1001,2,1002,2024-10-02 23:57:11,7986924.47,EGRESO
10506,1,1001,2,1002,2024-10-03 02:46:02,7016892.81,INGRESO
10507,1,1001,2,1002,2024-10-03 04:12:21,9854014.83,EGRESO
10508,1,1001,2,1002,2024-10-03 06:15:21,5264593.21,EGRESO
10509,1,1001,2,1002,2024-10-03 10:49:35,7576295.86,INGRESO
10510,1,1001,2,1002,2024-10-04 04:13:35,326998.84,EGRESO
10511,1,1001,2,1002,2024-10-04 07:17:34,6724796.17,INGRESO
10512,1,1001,2,1002,2024-10-04 12:36:24,9609500.48,EGRESO
10513,1,1001,2,1002,2024-10-04 13:53:18,7401979.41,INGRESO
10514,1,1001,2,1002,2024-10-04 16:10:38,8924528.90,EGRESO
10515,1,1001,2,1002,2024-10-04 20:31:09,9975426.98,EGRESO
10516,1,1001,2,1002,2024-10-05 07:10:57,7427424.29,EGRESO
10517,1,1001,2,1002,2024-10-05 09:28:08,5609495.23,INGRESO
10518,1,1001,2,1002,2024-10-05 10:07:52,9353972.09,INGRESO
10519,1,1001,2,1002,2024-10-05 14:45:03,6494060.82,INGRESO
10520,1,1001,2,1002,2024-10-06 04:13:21,126668.02,INGRESO
10521,1,1001,2,1002,2024-10-06 08:30:27,6668004.21,EGRESO
10522,1,1001,2,1002,2024-10-06 15:09:40,6164404.93,INGRESO
10523,1,1001,2,1002,2024-10-06 20:54:17,9943407.43,INGRESO
10524,1,1001,2,1002,2024-10-07 03:38:55,2522583.31,EGRESO
10525,1,1001,2,1002,2024-10-07 09:12:52,1648768.38,INGRESO
10526,1,1001,2,1002,2024-10-07 13:53:53,7712981.17,INGRESO
10527,1,1001,2,1002,2024-10-07 14:57:41,3264911.73,EGRESO
10528,1,1001,2,1002,2024-10-07 15:27:49,511786.78,EGRESO
10529,1,1001,2,1002,2024-10-08 04:57:06,5539459.28,INGRESO
10530,1,1001,2,1002,2024-10-08 05:55:35,7596101.73,INGRESO
10531,1,1001,2,1002,2024-10-08 06:42:37,6041672.96,INGRESO
10532,1,1001,2,1002,2024-10-08 10:07:10,3515311.35,INGRESO
10533,1,1001,2,1002,2024-10-08 19:18:20,773108.49,EGRESO
10534,1,1001,2,1002,2024-10-09 05:10:22,7089912.69,INGRESO
10535,1,1001,2,1002,2024-10-09 05:27:48,5625542.14,EGRESO
10536,1,1001,2,1002,2024-10-09 19:06:10,3645207.67,INGRESO
10537,1,1001,2,1002,2024-10-09 23:11:52,4698951.28,INGRESO
10538,1,1001,2,1002,2024-10-09 23:18:38,5863791.94,EGRESO
10539,1,1001,2,1002,2024-10-10 06:10:03,5247304.87,EGRESO
10540,1,1001,2,1002,2024-10-10 07:38:13,9514462.28,INGRESO
10541,1,1001,2,1002,2024-10-10 17:58:18,1193340.77,INGRESO
10542,1,1001,2,1002,2024-10-10 19:28:02,4520431.58,EGRESO
10543,1,1001,2,1002,2024-10-11 05:21:01,232387.61,INGRESO
10544,1,1001,2,1002,2024-10-11 06:43:50,8222299.24,INGRESO
10545,1,1001,2,1002,2024-10-11 07:31:47,5925340.21,INGRESO
10546,1,1001,2,1002,2024-10-11 08:48:11,7177430.49,INGRESO
10547,1,1001,2,1002,2024-10-12 02:48:12,9724485.60,INGRESO
10548,1,1001,2,1002,2024-10-12 12:45:08,168476.99,INGRESO
10549,1,1001,2,1002,2024-10-12 14:13:32,903745.19,INGRESO
10550,1,1001,2,1002,2024-10-12 17:04:29,2893784.77,EGRESO
10551,1,1001,2,1002,2024-10-13 02:19:16,8256117.40,EGRESO
10552,1,1001,2,1002,2024-10-13 03:11:37,7185840.18,EGRESO
10553,1,1001,2,1002,2024-10-13 07:58:29,8113158.54,INGRESO
10554,1,1001,2,1002,2024-10-13 11:37:31,1453429.44,INGRESO
10555,1,1001,2,1002,2024-10-13 23:53:21,5465075.72,INGRESO
10556,1,1001,2,1002,2024-10-14 00:38:56,5237262.00,INGRESO
10557,1,1001,2,1002,2024-10-14 00:58:10,5107579.58,INGRESO
10558,1,1001,2,1002,2024-10-14 19:17:14,1413526.49,INGRESO
10559,1,1001,2,1002,2024-10-14 21:32:18,9659957.60,INGRESO
10560,1,1001,2,1002,2024-10-15 03:25:14,3159940.70,EGRESO
10561,1,1001,2,1002,2024-10-15 20:36:23,6022806.75,EGRESO
10562,1,1001,2,1002,2024-10-15 20:55:09,3278399.90,EGRESO
10563,1,1001,2,1002,2024-10-15 21:53:18,2827629.55,INGRESO
10564,1,1001,2,1002,2024-10-16 02:55:33,3084269.89,INGRESO
10565,1,1001,2,1002,2024-10-16 03:49:26,8452666.92,EGRESO
10566,1,1001,2,1002,2024-10-16 08:45:03,3763777.31,EGRESO
10567,1,1001,2,1002,2024-10-16 13:28:07,18195.71,INGRESO
10568,1,1001,2,1002,2024-10-16 21:27:14,734746.50,EGRESO
10569,1,1001,2,1002,2024-10-17 12:22:52,2089780.61,INGRESO
10570,1,1001,2,1002,2024-10-17 13:37:22,4716858.17,EGRESO
10571,1,1001,2,1002,2024-10-17 14:24:11,9491493.66,EGRESO
10572,1,1001,2,1002,2024-10-17 15:19:51,6520424.49,EGRESO
10573,1,1001,2,1002,2024-10-17 19:17:03,2359391.77,EGRESO
10574,1,1001,2,1002,2024-10-18 05:54:27,8988851.27,EGRESO
10575,1,1001,2,1002,2024-10-18 15:24:27,4920533.77,EGRESO
10576,1,1001,2,1002,2024-10-18 19:40:09,2602596.92,EGRESO
10577,1,1001,2,1002,2024-10-18 20:24:09,8452940.83,EGRESO
10578,1,1001,2,1002,2024-10-18 20:34:47,5254875.32,EGRESO
10579,1,1001,2,1002,2024-10-19 01:37:56,1294655.48,EGRESO
10580,1,1001,2,1002,2024-10-19 07:27:04,7323740.57,INGRESO
10581,1,1001,2,1002,2024-10-19 10:53:29,147892.69,INGRESO
10582,1,1001,2,1002,2024-10-19 19:36:43,1398505.29,EGRESO
10583,1,1001,2,1002,2024-10-19 23:14:04,9175955.05,INGRESO
10584,1,1001,2,1002,2024-10-20 05:59:14,1175820.06,EGRESO
10585,1,1001,2,1002,2024-10-20 07:52:47,4813756.89,EGRESO
10586,1,1001,2,1002,2024-10-20 14:30:02,1255506.36,INGRESO
10587,1,1001,2,1002,2024-10-20 16:00:09,3000889.38,INGRESO
10588,1,1001,2,1002,2024-10-20 20:41:54,3229272.86,EGRESO
10589,1,1001,2,1002,2024-10-21 08:03:06,6781016.48,INGRESO
10590,1,1001,2,1002,2024-10-21 08:25:08,7670123.15,INGRESO
10591,1,1001,2,1002,2024-10-21 15:40:51,534670.79,EGRESO
10592,1,1001,2,1002,2024-10-21 17:05:20,9313149.20,EGRESO
10593,1,1001,2,1002,2024-10-22 02:37:26,1917108.74,INGRESO
10594,1,1001,2,1002,2024-10-22 15:02:06,1782705.76,EGRESO
10595,1,1001,2,1002,2024-10-22 15:32:34,7820668.89,EGRESO
10596,1,1001,2,1002,2024-10-22 17:48:55,2978211.10,EGRESO
10597,1,1001,2,1002,2024-10-23 09:36:27,5726424.45,INGRESO
10598,1,1001,2,1002,2024-10-23 09:46:12,4011804.13,EGRESO
10599,1,1001,2,1002,2024-10-23 10:58:54,8120842.99,INGRESO
10600,1,1001,2,1002,2024-10-23 15:54:49,5011827.30,INGRESO
10601,1,1001,2,1002,2024-10-24 01:34:04,9727093.91,INGRESO
10602,1,1001,2,1002,2024-10-24 13:00:51,724869.12,INGRESO
10603,1,1001,2,1002,2024-10-24 16:16:36,7556381.10,INGRESO
10604,1,1001,2,1002,2024-10-24 18:02:28,5343196.95,EGRESO
10605,1,1001,2,1002,2024-10-24 18:06:48,3085143.78,INGRESO
10606,1,1001,2,1002,2024-10-25 00:56:32,9713605.33,EGRESO
10607,1,1001,2,1002,2024-10-25 17:07:02,1430678.59,EGRESO
10608,1,1001,2,1002,2024-10-25 18:13:22,1098512.61,INGRESO
10609,1,1001,2,1002,2024-10-25 23:47:39,6988395.82,INGRESO
10610,1,1001,2,1002,2024-10-26 05:57:49,5129868.48,EGRESO
10611,1,1001,2,1002,2024-10-26 10:52:33,6285488.62,EGRESO
10612,1,1001,2,1002,2024-10-26 11:13:26,3401579.34,INGRESO
10613,1,1001,2,1002,2024-10-26 19:23:10,7770449.79,INGRESO
10614,1,1001,2,1002,2024-10-27 02:34:09,1371843.95,INGRESO
10615,1,1001,2,1002,2024-10-27 02:43:44,9781981.95,INGRESO
10616,1,1001,2,1002,2024-10-27 03:49:53,5932550.76,EGRESO
10617,1,1001,2,1002,2024-10-27 17:37:19,8566485.64,EGRESO
10618,1,1001,2,1002,2024-10-27 17:49:10,7438843.17,EGRESO
10619,1,1001,2,1002,2024-10-28 06:15:02,387611.93,EGRESO
10620,1,1001,2,1002,2024-10-28 12:40:31,7220720.07,INGRESO
10621,1,1001,2,1002,2024-10-28 15:59:45,9538547.28,EGRESO
10622,1,1001,2,1002,2024-10-28 16:09:52,112042.45,INGRESO
10623,1,1001,2,1002,2024-10-29 10:05:15,9814777.36,INGRESO
10624,1,1001,2,1002,2024-10-29 12:19:06,4571011.07,EGRESO
10625,1,1001,2,1002,2024-10-29 14:08:40,626174.87,EGRESO
10626,1,1001,2,1002,2024-10-29 17:24:17,5848347.87,EGRESO
10627,1,1001,2,1002,2024-10-29 18:12:27,5468734.53,EGRESO
10628,1,1001,2,1002,2024-10-29 19:18:02,1769400.06,EGRESO
10629,1,1001,2,1002,2024-10-30 00:40:12,7001321.77,EGRESO
10630,1,1001,2,1002,2024-10-30 04:51:44,2624223.10,EGRESO
10631,1,1001,2,1002,2024-10-30 16:41:52,2537482.57,INGRESO
10632,1,1001,2,1002,2024-10-30 22:31:53,4458130.94,INGRESO
10633,1,1001,2,1002,2024-10-30 22:47:30,4340163.60,INGRESO
10634,1,1001,2,1002,2024-10-31 03:07:57,6688771.17,INGRESO
10635,1,1001,2,1002,2024-10-31 10:14:29,4457836.96,EGRESO
10636,1,1001,2,1002,2024-10-31 13:21:01,3659974.27,INGRESO
10637,1,1001,2,1002,2024-10-31 20:22:02,1991079.36,EGRESO
10638,1,1001,2,1002,2024-11-01 05:28:18,5857269.51,EGRESO
10639,1,1001,2,1002,2024-11-01 11:37:46,4852439.06,INGRESO
10640,1,1001,2,1002,2024-11-01 11:40:39,2200944.82,EGRESO
10641,1,1001,2,1002,2024-11-01 12:48:25,1696426.59,INGRESO
10642,1,1001,2,1002,2024-11-02 00:11:24,1387093.25,INGRESO
10643,1,1001,2,1002,2024-11-02 05:25:48,3705642.24,EGRESO
10644,1,1001,2,1002,2024-11-02 15:00:16,3129129.19,INGRESO
10645,1,1001,2,1002,2024-11-02 17:57:27,1484280.92,INGRESO
10646,1,1001,2,1002,2024-11-02 22:01:27,4422185.97,INGRESO
10647,1,1001,2,1002,2024-11-03 04:49:49,5318967.20,INGRESO
10648,1,1001,2,1002,2024-11-03 07:30:20,4288553.16,INGRESO
10649,1,1001,2,1002,2024-11-03 08:11:14,9158898.35,EGRESO
10650,1,1001,2,1002,2024-11-03 13:25:51,4706793.05,EGRESO
10651,1,1001,2,1002,2024-11-03 14:32:34,2290385.69,EGRESO
10652,1,1001,2,1002,2024-11-04 04:45:31,3590194.27,INGRESO
10653,1,1001,2,1002,2024-11-04 12:02:43,9697624.19,INGRESO
10654,1,1001,2,1002,2024-11-04 14:01:50,4379750.71,INGRESO
10655,1,1001,2,1002,2024-11-04 20:32:34,5958880.61,EGRESO
10656,1,1001,2,1002,2024-11-05 01:29:15,7946451.64,EGRESO
10657,1,1001,2,1002,2024-11-05 15:59:29,2980328.98,EGRESO
10658,1,1001,2,1002,2024-11-05 18:54:32,687374.14,EGRESO
10659,1,1001,2,1002,2024-11-05 20:57:22,3557325.87,INGRESO
10660,1,1001,2,1002,2024-11-05 21:15:51,7757609.59,EGRESO
10661,1,1001,2,1002,2024-11-05 23:22:15,2245359.71,INGRESO
10662,1,1001,2,1002,2024-11-06 01:18:35,2465009.62,INGRESO
10663,1,1001,2,1002,2024-11-06 08:35:10,7397571.60,EGRESO
10664,1,1001,2,1002,2024-11-06 12:10:31,2623032.51,INGRESO
10665,1,1001,2,1002,2024-11-06 21:34:50,3377628.87,INGRESO
10666,1,1001,2,1002,2024-11-06 21:39:05,7398417.19,EGRESO
10667,1,1001,2,1002,2024-11-07 05:12:07,9203429.48,EGRESO
10668,1,1001,2,1002,2024-11-07 19:27:18,4818438.01,INGRESO
10669,1,1001,2,1002,2024-11-07 20:33:21,5297435.28,EGRESO
10670,1,1001,2,1002,2024-11-07 21:11:38,2317399.87,INGRESO
10671,1,1001,2,1002,2024-11-08 02:25:35,8899580.78,INGRESO
10672,1,1001,2,1002,2024-11-08 11:13:35,8074484.26,INGRESO
10673,1,1001,2,1002,2024-11-08 13:36:28,6718464.34,EGRESO
10674,1,1001,2,1002,2024-11-08 15:09:50,8754362.50,EGRESO
10675,1,1001,2,1002,2024-11-09 10:19:36,8509319.33,INGRESO
10676,1,1001,2,1002,2024-11-09 13:41:10,6980245.39,EGRESO
10677,1,1001,2,1002,2024-11-09 17:50:24,9784785.23,INGRESO
10678,1,1001,2,1002,2024-11-09 23:24:37,773047.82,EGRESO
10679,1,1001,2,1002,2024-11-10 07:21:08,933691.23,INGRESO
10680,1,1001,2,1002,2024-11-10 10:02:03,3908085.98,INGRESO
10681,1,1001,2,1002,2024-11-10 13:25:42,6113973.75,EGRESO
10682,1,1001,2,1002,2024-11-10 18:22:39,4156174.56,INGRESO
10683,1,1001,2,1002,2024-11-11 06:29:14,3025533.89,INGRESO
10684,1,1001,2,1002,2024-11-11 08:06:23,9023479.45,EGRESO
10685,1,1001,2,1002,2024-11-11 08:28:00,406907.09,EGRESO
10686,1,1001,2,1002,2024-11-11 09:51:51,7009892.50,EGRESO
10687,1,1001,2,1002,2024-11-11 17:38:23,4304948.29,EGRESO
10688,1,1001,2,1002,2024-11-11 18:48:17,6623458.40,EGRESO
10689,1,1001,2,1002,2024-11-12 04:12:28,5941004.69,EGRESO
10690,1,1001,2,1002,2024-11-12 07:39:35,6267805.87,INGRESO
10691,1,1001,2,1002,2024-11-12 17:04:49,777163.38,EGRESO
10692,1,1001,2,1002,2024-11-12 17:43:43,6173054.75,EGRESO
10693,1,1001,2,1002,2024-11-12 19:56:17,5588730.20,EGRESO
10694,1,1001,2,1002,2024-11-13 02:34:45,2005988.03,INGRESO
10695,1,1001,2,1002,2024-11-13 02:44:10,6352717.94,EGRESO
10696,1,1001,2,1002,2024-11-13 09:18:35,2360999.00,EGRESO
10697,1,1001,2,1002,2024-11-13 15:05:07,681783.42,EGRESO
10698,1,1001,2,1002,2024-11-13 18:24:20,3311957.71,EGRESO
10699,1,1001,2,1002,2024-11-14 03:39:31,4000004.82,EGRESO
10700,1,1001,2,1002,2024-11-14 04:16:09,9355708.69,INGRESO
10701,1,1001,2,1002,2024-11-14 12:59:53,9370079.68,EGRESO
10702,1,1001,2,1002,2024-11-14 17:55:14,8639162.96,EGRESO
10703,1,1001,2,1002,2024-11-15 02:51:22,7969118.50,EGRESO
10704,1,1001,2,1002,2024-11-15 08:10:11,8585040.21,INGRESO
10705,1,1001,2,1002,2024-11-15 17:10:23,1478477.99,INGRESO
10706,1,1001,2,1002,2024-11-15 17:24:06,4244309.94,INGRESO
10707,1,1001,2,1002,2024-11-16 05:29:09,443718.58,EGRESO
10708,1,1001,2,1002,2024-11-16 09:23:11,958381.37,EGRESO
10709,1,1001,2,1002,2024-11-16 13:24:57,5173441.77,EGRESO
10710,1,1001,2,1002,2024-11-16 18:04:32,7532923.86,EGRESO
10711,1,1001,2,1002,2024-11-17 01:48:48,2371894.99,INGRESO
10712,1,1001,2,1002,2024-11-17 04:36:05,423603.78,INGRESO
10713,1,1001,2,1002,2024-11-17 05:58:19,3952202.15,INGRESO
10714,1,1001,2,1002,2024-11-17 07:20:02,5618752.20,INGRESO
10715,1,1001,2,1002,2024-11-18 05:29:31,8981438.27,EGRESO
10716,1,1001,2,1002,2024-11-18 18:06:28,708738.81,INGRESO
10717,1,1001,2,1002,2024-11-18 20:53:31,7878915.05,INGRESO
10718,1,1001,2,1002,2024-11-18 21:55:25,959917.19,INGRESO
10719,1,1001,2,1002,2024-11-19 08:10:25,5113622.84,EGRESO
10720,1,1001,2,1002,2024-11-19 09:41:24,7722371.52,EGRESO
10721,1,1001,2,1002,2024-11-19 17:03:38,6624776.74,INGRESO
10722,1,1001,2,1002,2024-11-19 17:29:13,282439.33,EGRESO
10723,1,1001,2,1002,2024-11-20 00:13:18,9863486.60,INGRESO
10724,1,1001,2,1002,2024-11-20 03:55:32,5221757.09,EGRESO
10725,1,1001,2,1002,2024-11-20 09:35:30,7949263.98,EGRESO
10726,1,1001,2,1002,2024-11-20 14:28:34,804424.71,INGRESO
10727,1,1001,2,1002,2024-11-21 03:52:08,4527863.16,EGRESO
10728,1,1001,2,1002,2024-11-21 08:32:13,5198664.18,EGRESO
10729,1,1001,2,1002,2024-11-21 10:21:01,9919845.29,INGRESO
10730,1,1001,2,1002,2024-11-21 10:36:34,1308745.74,INGRESO
10731,1,1001,2,1002,2024-11-21 18:31:51,8898456.95,EGRESO
10732,1,1001,2,1002,2024-11-21 22:11:27,8304351.61,INGRESO
10733,1,1001,2,1002,2024-11-22 01:49:58,943488.00,EGRESO
10734,1,1001,2,1002,2024-11-22 09:06:30,7335168.18,INGRESO
10735,1,1001,2,1002,2024-11-22 21:38:56,3003400.10,INGRESO
10736,1,1001,2,1002,2024-11-22 23:10:35,6948154.86,INGRESO
10737,1,1001,2,1002,2024-11-23 04:59:20,8768320.61,EGRESO
10738,1,1001,2,1002,2024-11-23 05:59:45,169502.58,EGRESO
10739,1,1001,2,1002,2024-11-23 08:44:36,9928274.30,INGRESO
10740,1,1001,2,1002,2024-11-23 22:26:03,7085728.34,INGRESO
10741,1,1001,2,1002,2024-11-23 23:27:50,2942729.74,INGRESO
10742,1,1001,2,1002,2024-11-24 04:52:02,510520.30,INGRESO
10743,1,1001,2,1002,2024-11-24 16:45:21,6870457.53,EGRESO
10744,1,1001,2,1002,2024-11-24 18:38:51,9268793.87,INGRESO
10745,1,1001,2,1002,2024-11-24 21:12:38,7361419.44,INGRESO
10746,1,1001,2,1002,2024-11-25 00:20:45,7445913.18,EGRESO
10747,1,1001,2,1002,2024-11-25 05:07:47,7338767.18,INGRESO
10748,1,1001,2,1002,2024-11-25 07:37:36,1376356.71,EGRESO
10749,1,1001,2,1002,2024-11-25 17:06:45,1175782.07,EGRESO
10750,1,1001,2,1002,2024-11-25 19:34:11,9381155.81,EGRESO
10751,1,1001,2,1002,2024-11-26 01:52:38,683429.59,INGRESO
10752,1,1001,2,1002,2024-11-26 10:23:16,5648683.88,INGRESO
10753,1,1001,2,1002,2024-11-26 11:14:55,563540.06,EGRESO
10754,1,1001,2,1002,2024-11-26 11:33:21,7793897.48,EGRESO
10755,1,1001,2,1002,2024-11-26 12:33:02,7989328.30,EGRESO
10756,1,1001,2,1002,2024-11-27 02:30:34,5389644.46,EGRESO
10757,1,1001,2,1002,2024-11-27 08:23:13,2312646.70,INGRESO
10758,1,1001,2,1002,2024-11-27 14:08:53,6230403.69,INGRESO
10759,1,1001,2,1002,2024-11-27 16:53:15,7215062.20,EGRESO
10760,1,1001,2,1002,2024-11-28 05:41:06,3643434.12,EGRESO
10761,1,1001,2,1002,2024-11-28 09:15:42,2583322.52,EGRESO
10762,1,1001,2,1002,2024-11-28 09:20:36,3564465.73,EGRESO
10763,1,1001,2,1002,2024-11-28 16:22:54,5359596.92,EGRESO
10764,1,1001,2,1002,2024-11-29 04:07:46,7347305.13,EGRESO
10765,1,1001,2,1002,2024-11-29 05:02:44,4690488.11,EGRESO
10766,1,1001,2,1002,2024-11-29 08:58:52,1046369.09,EGRESO
10767,1,1001,2,1002,2024-11-29 18:25:43,4677314.81,EGRESO
10768,1,1001,2,1002,2024-11-30 03:48:42,7795459.85,EGRESO
10769,1,1001,2,1002,2024-11-30 06:04:50,8528642.93,INGRESO
10770,1,1001,2,1002,2024-11-30 07:53:07,9239671.21,INGRESO
10771,1,1001,2,1002,2024-11-30 11:25:57,8420034.63,EGRESO
10772,1,1001,2,1002,2024-11-30 16:24:48,2245986.65,INGRESO
10773,1,1001,2,1002,2024-12-01 11:47:27,2302561.72,EGRESO
10774,1,1001,2,1002,2024-12-01 13:47:32,8686176.91,EGRESO
10775,1,1001,2,1002,2024-12-01 16:36:48,326837.39,INGRESO
10776,1,1001,2,1002,2024-12-01 18:50:41,7235532.22,EGRESO
10777,1,1001,2,1002,2024-12-02 05:34:43,1099567.50,INGRESO
10778,1,1001,2,1002,2024-12-02 06:36:33,9006747.25,INGRESO
10779,1,1001,2,1002,2024-12-02 06:46:24,1607090.23,INGRESO
10780,1,1001,2,1002,2024-12-02 10:10:32,9619091.38,INGRESO
10781,1,1001,2,1002,2024-12-03 00:25:36,9941804.53,INGRESO
10782,1,1001,2,1002,2024-12-03 14:40:29,4391130.07,INGRESO
10783,1,1001,2,1002,2024-12-03 17:35:26,766513.47,EGRESO
10784,1,1001,2,1002,2024-12-03 22:14:46,7661092.50,EGRESO
10785,1,1001,2,1002,2024-12-04 02:22:27,4699790.12,EGRESO
10786,1,1001,2,1002,2024-12-04 03:01:26,8966575.20,INGRESO
10787,1,1001,2,1002,2024-12-04 03:27:30,6659811.79,EGRESO
10788,1,1001,2,1002,2024-12-04 05:50:06,785863.20,EGRESO
10789,1,1001,2,1002,2024-12-04 15:25:15,2381247.62,EGRESO
10790,1,1001,2,1002,2024-12-05 03:48:19,1129649.78,EGRESO
10791,1,1001,2,1002,2024-12-05 08:07:54,8565691.66,INGRESO
10792,1,1001,2,1002,2024-12-05 08:17:07,3156367.20,EGRESO
10793,1,1001,2,1002,2024-12-05 08:34:01,3961097.26,INGRESO
10794,1,1001,2,1002,2024-12-06 01:44:09,3469986.05,INGRESO
10795,1,1001,2,1002,2024-12-06 03:08:25,3416239.86,EGRESO
10796,1,1001,2,1002,2024-12-06 11:46:43,2738.89,EGRESO
10797,1,1001,2,1002,2024-12-06 23:45:40,2637135.66,EGRESO
10798,1,1001,2,1002,2024-12-07 02:46:16,6512281.00,INGRESO
10799,1,1001,2,1002,2024-12-07 03:33:48,7894584.12,EGRESO
10800,1,1001,2,1002,2024-12-07 12:55:04,7372696.63,INGRESO
10801,1,1001,2,1002,2024-12-07 14:08:59,2094763.24,INGRESO
10802,1,1001,2,1002,2024-12-07 18:57:53,2578573.82,EGRESO
10803,1,1001,2,1002,2024-12-08 01:14:50,2004702.96,EGRESO
10804,1,1001,2,1002,2024-12-08 04:33:08,9293848.97,INGRESO
10805,1,1001,2,1002,2024-12-08 18:46:51,2407494.39,INGRESO
10806,1,1001,2,1002,2024-12-08 19:38:18,4880427.47,INGRESO
10807,1,1001,2,1002,2024-12-09 03:34:04,2038840.04,EGRESO
10808,1,1001,2,1002,2024-12-09 11:55:16,5041456.04,INGRESO
10809,1,1001,2,1002,2024-12-09 16:14:26,5362562.02,INGRESO
10810,1,1001,2,1002,2024-12-09 17:14:58,9676794.43,INGRESO
10811,1,1001,2,1002,2024-12-09 18:30:55,8712898.76,EGRESO
10812,1,1001,2,1002,2024-12-09 21:06:42,2655630.36,INGRESO
10813,1,1001,2,1002,2024-12-10 03:07:48,8111093.79,EGRESO
10814,1,1001,2,1002,2024-12-10 03:24:47,9988464.45,INGRESO
10815,1,1001,2,1002,2024-12-10 04:22:54,2725902.32,INGRESO
10816,1,1001,2,1002,2024-12-10 11:55:38,9388414.23,EGRESO
10817,1,1001,2,1002,2024-12-11 01:54:26,4790682.43,EGRESO
10818,1,1001,2,1002,2024-12-11 03:51:50,2874264.23,INGRESO
10819,1,1001,2,1002,2024-12-11 12:17:07,1279748.60,INGRESO
10820,1,1001,2,1002,2024-12-11 14:34:37,6081289.88,INGRESO
10821,1,1001,2,1002,2024-12-12 08:34:09,3832576.52,INGRESO
10822,1,1001,2,1002,2024-12-12 09:35:27,7612313.48,INGRESO
10823,1,1001,2,1002,2024-12-12 21:39:34,12922.26,EGRESO
10824,1,1001,2,1002,2024-12-12 23:10:36,4473963.67,INGRESO
10825,1,1001,2,1002,2024-12-13 01:42:28,4791232.44,INGRESO
10826,1,1001,2,1002,2024-12-13 12:06:28,1066561.55,INGRESO
10827,1,1001,2,1002,2024-12-13 12:51:49,128608.64,INGRESO
10828,1,1001,2,1002,2024-12-13 20:14:44,2296385.96,EGRESO
10829,1,1001,2,1002,2024-12-14 04:31:44,5081714.43,INGRESO
10830,1,1001,2,1002,2024-12-14 08:51:34,7286937.15,EGRESO
10831,1,1001,2,1002,2024-12-14 17:12:37,4022409.33,INGRESO
10832,1,1001,2,1002,2024-12-14 22:47:59,7677056.43,INGRESO
10833,1,1001,2,1002,2024-12-15 04:18:30,587816.97,INGRESO
10834,1,1001,2,1002,2024-12-15 04:43:16,6957127.39,EGRESO
10835,1,1001,2,1002,2024-12-15 07:48:16,7005612.35,INGRESO
10836,1,1001,2,1002,2024-12-15 07:51:38,9198253.41,EGRESO
10837,1,1001,2,1002,2024-12-15 17:48:10,5480081.02,INGRESO
10838,1,1001,2,1002,2024-12-15 21:48:33,5454844.78,EGRESO
10839,1,1001,2,1002,2024-12-16 00:10:22,1263484.24,EGRESO
10840,1,1001,2,1002,2024-12-16 00:22:24,187720.15,EGRESO
10841,1,1001,2,1002,2024-12-16 04:52:59,419361.59,INGRESO
10842,1,1001,2,1002,2024-12-16 22:13:36,3751112.08,EGRESO
10843,1,1001,2,1002,2024-12-16 22:43:27,8297056.16,EGRESO
10844,1,1001,2,1002,2024-12-17 00:21:23,5538620.49,INGRESO
10845,1,1001,2,1002,2024-12-17 02:48:51,2196941.13,INGRESO
10846,1,1001,2,1002,2024-12-17 06:23:24,3703217.38,INGRESO
10847,1,1001,2,1002,2024-12-17 09:32:42,3949419.86,EGRESO
10848,1,1001,2,1002,2024-12-17 20:53:28,8146508.34,EGRESO
10849,1,1001,2,1002,2024-12-18 03:24:58,6854893.66,EGRESO
10850,1,1001,2,1002,2024-12-18 04:03:15,9095954.53,INGRESO
10851,1,1001,2,1002,2024-12-18 07:37:29,2782341.33,EGRESO
10852,1,1001,2,1002,2024-12-18 09:37:10,5125285.38,INGRESO
10853,1,1001,2,1002,2024-12-19 08:42:11,8406412.84,EGRESO
10854,1,1001,2,1002,2024-12-19 12:14:40,6356451.64,EGRESO
10855,1,1001,2,1002,2024-12-19 20:28:17,9591260.56,INGRESO
10856,1,1001,2,1002,2024-12-19 22:09:16,4885070.49,EGRESO
10857,1,1001,2,1002,2024-12-20 00:12:51,4547606.69,EGRESO
10858,1,1001,2,1002,2024-12-20 06:36:16,828169.94,EGRESO
10859,1,1001,2,1002,2024-12-20 07:07:03,3524377.81,INGRESO
10860,1,1001,2,1002,2024-12-20 22:05:11,4549824.07,EGRESO
10861,1,1001,2,1002,2024-12-20 22:20:47,8442713.25,EGRESO
10862,1,1001,2,1002,2024-12-21 01:20:20,8350816.15,INGRESO
10863,1,1001,2,1002,2024-12-21 15:20:24,9245556.18,INGRESO
10864,1,1001,2,1002,2024-12-21 18:27:41,2682328.96,INGRESO
10865,1,1001,2,1002,2024-12-21 18:49:53,1416450.05,INGRESO
10866,1,1001,2,1002,2024-12-22 03:40:24,5088344.95,EGRESO
10867,1,1001,2,1002,2024-12-22 04:08:51,7086936.59,INGRESO
10868,1,1001,2,1002,2024-12-22 06:29:51,3167616.10,INGRESO
10869,1,1001,2,1002,2024-12-22 08:06:16,7112234.30,INGRESO
10870,1,1001,2,1002,2024-12-22 23:46:39,8140845.08,EGRESO
10871,1,1001,2,1002,2024-12-23 01:48:23,3707556.98,INGRESO
10872,1,1001,2,1002,2024-12-23 02:53:40,1724038.57,INGRESO
10873,1,1001,2,1002,2024-12-23 03:53:23,1081431.05,INGRESO
10874,1,1001,2,1002,2024-12-23 10:30:45,9407104.22,EGRESO
10875,1,1001,2,1002,2024-12-24 09:08:02,6407791.54,EGRESO
10876,1,1001,2,1002,2024-12-24 13:47:18,6868082.22,EGRESO
10877,1,1001,2,1002,2024-12-24 14:31:29,164392.79,INGRESO
10878,1,1001,2,1002,2024-12-24 19:53:49,5126018.50,INGRESO
10879,1,1001,2,1002,2024-12-25 01:10:56,1680275.72,INGRESO
10880,1,1001,2,1002,2024-12-25 12:59:37,7269805.24,EGRESO
10881,1,1001,2,1002,2024-12-25 17:20:47,1264439.74,EGRESO
10882,1,1001,2,1002,2024-12-25 21:09:12,5101467.61,INGRESO
10883,1,1001,2,1002,2024-12-26 02:32:41,2883960.09,INGRESO
10884,1,1001,2,1002,2024-12-26 08:41:17,5125922.48,EGRESO
10885,1,1001,2,1002,2024-12-26 16:25:55,1763128.42,EGRESO
10886,1,1001,2,1002,2024-12-26 20:35:16,5750263.36,INGRESO
10887,1,1001,2,1002,2024-12-27 02:06:23,478206.69,INGRESO
10888,1,1001,2,1002,2024-12-27 13:25:02,1382889.00,INGRESO
10889,1,1001,2,1002,2024-12-27 15:49:15,5931314.01,EGRESO
10890,1,1001,2,1002,2024-12-27 16:52:46,1041100.57,EGRESO
10891,1,1001,2,1002,2024-12-28 13:52:07,9424295.75,INGRESO
10892,1,1001,2,1002,2024-12-28 21:01:20,6209657.14,EGRESO
10893,1,1001,2,1002,2024-12-28 21:56:09,823955.67,INGRESO
10894,1,1001,2,1002,2024-12-28 23:14:56,7566369.71,EGRESO
10895,1,1001,2,1002,2024-12-29 01:54:29,3109414.86,EGRESO
10896,1,1001,2,1002,2024-12-29 06:35:46,1321314.78,INGRESO
10897,1,1001,2,1002,2024-12-29 15:23:45,8694122.36,INGRESO
10898,1,1001,2,1002,2024-12-29 21:11:29,1945165.15,EGRESO
10899,1,1001,2,1002,2024-12-30 00:27:24,3185200.70,INGRESO
10900,1,1001,2,1002,2024-12-30 00:44:10,6586534.26,EGRESO
10901,1,1001,2,1002,2024-12-30 05:28:31,7964059.98,INGRESO
10902,1,1001,2,1002,2024-12-30 11:41:55,8222615.22,INGRESO
10903,1,1001,2,1002,2024-12-30 17:14:03,6456193.51,INGRESO
10904,1,1001,2,1002,2024-12-30 21:12:55,9884402.99,EGRESO
10905,1,1001,2,1002,2024-12-31 09:30:18,2058221.57,EGRESO
10906,1,1001,2,1002,2024-12-31 11:26:10,7541466.93,EGRESO
10907,1,1001,2,1002,2024-12-31 18:08:49,6949364.46,INGRESO
10908,1,1001,2,1002,2024-12-31 18:28:52,2557080.04,EGRESO
10909,1,1001,2,1002,2024-12-31 19:25:59,1733905.67,INGRESO
10910,1,1001,2,1002,2024-12-31 21:48:37,5421619.23,EGRESO
10911,1,1001,2,1002,2025-01-01 03:22:29,6997290.85,EGRESO
10912,1,1001,2,1002,2025-01-01 10:30:43,1667203.05,INGRESO
10913,1,1001,2,1002,2025-01-01 17:00:45,1830262.65,EGRESO
10914,1,1001,2,1002,2025-01-01 22:55:43,6158695.30,EGRESO
10915,1,1001,2,1002,2025-01-02 01:03:35,609039.49,EGRESO
10916,1,1001,2,1002,2025-01-02 04:09:58,9834747.14,INGRESO
10917,1,1001,2,1002,2025-01-02 04:45:38,5386749.73,EGRESO
10918,1,1001,2,1002,2025-01-02 09:19:12,405508.82,EGRESO
10919,1,1001,2,1002,2025-01-02 18:34:13,7292975.40,EGRESO
10920,1,1001,2,1002,2025-01-03 08:07:53,5893263.45,INGRESO
10921,1,1001,2,1002,2025-01-03 14:01:15,6072218.51,INGRESO
10922,1,1001,2,1002,2025-01-03 18:11:18,9728366.33,EGRESO
10923,1,1001,2,1002,2025-01-03 19:23:20,2257789.68,INGRESO
10924,1,1001,2,1002,2025-01-04 04:58:15,5455151.08,INGRESO
10925,1,1001,2,1002,2025-01-04 08:43:32,1974912.87,INGRESO
10926,1,1001,2,1002,2025-01-04 09:14:05,4714259.36,EGRESO
10927,1,1001,2,1002,2025-01-04 10:57:38,6448429.03,INGRESO
10928,1,1001,2,1002,2025-01-04 11:59:44,1528168.61,EGRESO
10929,1,1001,2,1002,2025-01-04 12:56:40,7225561.11,INGRESO
10930,1,1001,2,1002,2025-01-04 13:31:01,4162003.79,INGRESO
10931,1,1001,2,1002,2025-01-05 02:35:32,1993425.64,EGRESO
10932,1,1001,2,1002,2025-01-05 09:01:45,4127808.46,INGRESO
10933,1,1001,2,1002,2025-01-05 11:15:47,6552950.10,INGRESO
10934,1,1001,2,1002,2025-01-05 21:21:25,5606.63,INGRESO
10935,1,1001,2,1002,2025-01-05 22:39:37,6320430.84,INGRESO
10936,1,1001,2,1002,2025-01-05 22:59:44,7146025.65,EGRESO
10937,1,1001,2,1002,2025-01-06 00:54:03,6996558.05,EGRESO
10938,1,1001,2,1002,2025-01-06 00:56:58,2053596.08,EGRESO
10939,1,1001,2,1002,2025-01-06 10:55:06,7088455.81,EGRESO
10940,1,1001,2,1002,2025-01-06 12:16:00,8911693.26,INGRESO
10941,1,1001,2,1002,2025-01-07 05:49:57,6995345.34,EGRESO
10942,1,1001,2,1002,2025-01-07 09:34:55,6963332.15,INGRESO
10943,1,1001,2,1002,2025-01-07 10:51:11,9593164.51,EGRESO
10944,1,1001,2,1002,2025-01-07 16:04:18,4575681.21,INGRESO
10945,1,1001,2,1002,2025-01-07 22:27:57,4752353.14,INGRESO
10946,1,1001,2,1002,2025-01-08 03:14:49,2176406.50,INGRESO
10947,1,1001,2,1002,2025-01-08 08:21:34,6874476.43,EGRESO
10948,1,1001,2,1002,2025-01-08 13:17:20,1433700.77,EGRESO
10949,1,1001,2,1002,2025-01-08 13:45:50,2711738.16,EGRESO
10950,1,1001,2,1002,2025-01-09 03:45:31,4633166.84,EGRESO
10951,1,1001,2,1002,2025-01-09 04:15:41,4044317.53,EGRESO
10952,1,1001,2,1002,2025-01-09 16:45:05,6827475.78,INGRESO
10953,1,1001,2,1002,2025-01-09 21:18:42,8346365.01,EGRESO
10954,1,1001,2,1002,2025-01-10 01:08:42,1815715.21,INGRESO
10955,1,1001,2,1002,2025-01-10 07:54:16,8794153.96,EGRESO
10956,1,1001,2,1002,2025-01-10 09:20:26,8724617.06,EGRESO
10957,1,1001,2,1002,2025-01-10 11:00:58,748932.83,EGRESO
10958,1,1001,2,1002,2025-01-10 18:47:28,5813715.25,INGRESO
10959,1,1001,2,1002,2025-01-11 17:48:11,3162418.10,EGRESO
10960,1,1001,2,1002,2025-01-11 20:51:13,2412537.85,EGRESO
10961,1,1001,2,1002,2025-01-11 23:17:59,4687976.23,EGRESO
10962,1,1001,2,1002,2025-01-11 23:32:10,7712753.66,INGRESO
10963,1,1001,2,1002,2025-01-12 00:38:51,8394046.56,INGRESO
10964,1,1001,2,1002,2025-01-12 15:19:40,5373306.11,EGRESO
10965,1,1001,2,1002,2025-01-12 17:04:16,9151117.32,EGRESO
10966,1,1001,2,1002,2025-01-12 17:39:09,4146451.32,EGRESO
10967,1,1001,2,1002,2025-01-12 18:50:36,5129041.91,EGRESO
10968,1,1001,2,1002,2025-01-12 20:11:07,5531776.68,INGRESO
10969,1,1001,2,1002,2025-01-13 01:09:10,2252926.93,INGRESO
10970,1,1001,2,1002,2025-01-13 01:56:58,7847972.81,EGRESO
10971,1,1001,2,1002,2025-01-13 10:14:31,3378370.30,EGRESO
10972,1,1001,2,1002,2025-01-13 12:48:31,6218780.43,INGRESO
10973,1,1001,2,1002,2025-01-13 16:54:14,4270169.09,EGRESO
10974,1,1001,2,1002,2025-01-13 17:45:27,6964049.93,EGRESO
10975,1,1001,2,1002,2025-01-14 00:04:42,3364199.71,INGRESO
10976,1,1001,2,1002,2025-01-14 07:12:03,2758517.40,INGRESO
10977,1,1001,2,1002,2025-01-14 11:42:46,9960793.67,INGRESO
10978,1,1001,2,1002,2025-01-14 12:52:37,6449694.81,EGRESO
10979,1,1001,2,1002,2025-01-14 14:18:48,6738002.91,EGRESO
10980,1,1001,2,1002,2025-01-15 00:42:30,340103.00,EGRESO
10981,1,1001,2,1002,2025-01-15 03:08:41,5875630.97,EGRESO
10982,1,1001,2,1002,2025-01-15 18:32:24,3729060.75,INGRESO
10983,1,1001,2,1002,2025-01-15 19:55:40,3033610.97,INGRESO
10984,1,1001,2,1002,2025-01-15 22:42:10,3621973.26,EGRESO
10985,1,1001,2,1002,2025-01-16 05:50:06,3949478.06,EGRESO
10986,1,1001,2,1002,2025-01-16 09:05:36,9671835.92,INGRESO
10987,1,1001,2,1002,2025-01-16 13:01:10,2131191.00,EGRESO
10988,1,1001,2,1002,2025-01-16 17:19:08,8362268.51,INGRESO
10989,1,1001,2,1002,2025-01-17 01:06:56,7860246.13,INGRESO
10990,1,1001,2,1002,2025-01-17 03:10:40,3945162.11,INGRESO
10991,1,1001,2,1002,2025-01-17 13:35:50,1272569.89,EGRESO
10992,1,1001,2,1002,2025-01-17 13:52:14,4659879.46,EGRESO
10993,1,1001,2,1002,2025-01-17 14:14:56,5448344.80,EGRESO
10994,1,1001,2,1002,2025-01-18 03:42:33,9528964.77,INGRESO
10995,1,1001,2,1002,2025-01-18 21:43:39,6952014.65,INGRESO
10996,1,1001,2,1002,2025-01-18 22:35:29,5321807.89,INGRESO
10997,1,1001,2,1002,2025-01-18 23:45:15,6772937.52,EGRESO
10998,1,1001,2,1002,2025-01-19 01:18:12,3820703.85,EGRESO
10999,1,1001,2,1002,2025-01-19 01:34:35,5287410.62,INGRESO
11000,1,1001,2,1002,2025-01-19 13:56:40,8290144.11,EGRESO
11001,1,1001,2,1002,2025-01-19 18:13:09,2541246.63,INGRESO
11002,1,1001,2,1002,2025-01-20 00:39:16,3361929.82,INGRESO
11003,1,1001,2,1002,2025-01-20 01:36:31,3999432.07,INGRESO
11004,1,1001,2,1002,2025-01-20 05:20:35,7820807.39,INGRESO
11005,1,1001,2,1002,2025-01-20 12:33:14,6662123.25,EGRESO
11006,1,1001,2,1002,2025-01-20 16:26:44,6390184.07,EGRESO
11007,1,1001,2,1002,2025-01-20 18:56:58,4692228.25,EGRESO
11008,1,1001,2,1002,2025-01-20 21:54:52,5570789.58,INGRESO
11009,1,1001,2,1002,2025-01-21 03:14:41,6864614.36,INGRESO
11010,1,1001,2,1002,2025-01-21 04:31:50,6443113.94,INGRESO
11011,1,1001,2,1002,2025-01-21 05:59:23,3711296.68,EGRESO
11012,1,1001,2,1002,2025-01-21 19:50:26,7858103.95,EGRESO
11013,1,1001,2,1002,2025-01-22 03:11:18,293330.74,EGRESO
11014,1,1001,2,1002,2025-01-22 07:00:32,1089424.69,INGRESO
11015,1,1001,2,1002,2025-01-22 09:46:53,2230927.15,EGRESO
11016,1,1001,2,1002,2025-01-22 16:52:27,2095814.12,EGRESO
11017,1,1001,2,1002,2025-01-22 23:29:45,3554971.94,EGRESO
11018,1,1001,2,1002,2025-01-23 05:14:17,5977809.62,EGRESO
11019,1,1001,2,1002,2025-01-23 06:38:28,7195913.47,INGRESO
11020,1,1001,2,1002,2025-01-23 12:25:50,945195.63,INGRESO
11021,1,1001,2,1002,2025-01-23 15:00:12,6950305.42,EGRESO
11022,1,1001,2,1002,2025-01-24 00:16:18,3288783.36,EGRESO
11023,1,1001,2,1002,2025-01-24 04:19:05,9246273.78,EGRESO
11024,1,1001,2,1002,2025-01-24 13:04:28,2414508.41,EGRESO
11025,1,1001,2,1002,2025-01-24 21:07:42,293000.35,EGRESO
11026,1,1001,2,1002,2025-01-25 02:18:57,9864001.52,INGRESO
11027,1,1001,2,1002,2025-01-25 16:02:10,5497842.29,INGRESO
11028,1,1001,2,1002,2025-01-25 20:17:18,5194174.91,INGRESO
11029,1,1001,2,1002,2025-01-25 22:29:27,4736647.07,EGRESO
11030,1,1001,2,1002,2025-01-26 03:49:45,2104929.41,EGRESO
11031,1,1001,2,1002,2025-01-26 06:36:54,9135802.16,EGRESO
11032,1,1001,2,1002,2025-01-26 11:56:04,1414750.24,INGRESO
11033,1,1001,2,1002,2025-01-26 12:05:08,9795153.38,EGRESO
11034,1,1001,2,1002,2025-01-26 20:58:13,2789145.47,EGRESO
11035,1,1001,2,1002,2025-01-26 22:08:49,8383507.14,INGRESO
11036,1,1001,2,1002,2025-01-27 01:40:55,6911188.85,INGRESO
11037,1,1001,2,1002,2025-01-27 05:26:03,8210139.94,EGRESO
11038,1,1001,2,1002,2025-01-27 16:53:14,4936767.60,EGRESO
11039,1,1001,2,1002,2025-01-27 23:32:04,3903686.02,EGRESO
11040,1,1001,2,1002,2025-01-27 23:54:20,7270844.94,EGRESO
11041,1,1001,2,1002,2025-01-28 02:45:01,2818631.86,EGRESO
11042,1,1001,2,1002,2025-01-28 03:50:12,7320185.06,INGRESO
11043,1,1001,2,1002,2025-01-28 05:11:09,6051688.38,INGRESO
11044,1,1001,2,1002,2025-01-28 07:52:00,8490401.74,INGRESO
11045,1,1001,2,1002,2025-01-29 02:57:32,9966223.69,EGRESO
11046,1,1001,2,1002,2025-01-29 13:06:42,3430731.50,EGRESO
11047,1,1001,2,1002,2025-01-29 13:47:07,9627966.58,EGRESO
11048,1,1001,2,1002,2025-01-29 17:54:49,6579243.73,EGRESO
11049,1,1001,2,1002,2025-01-29 19:46:02,9265789.50,EGRESO
11050,1,1001,2,1002,2025-01-29 21:10:54,2091805.94,EGRESO
11051,1,1001,2,1002,2025-01-30 05:12:33,7101477.65,EGRESO
11052,1,1001,2,1002,2025-01-30 06:18:24,8943906.66,INGRESO
11053,1,1001,2,1002,2025-01-30 11:41:43,573080.44,EGRESO
11054,1,1001,2,1002,2025-01-30 17:56:01,567587.49,INGRESO
11055,1,1001,2,1002,2025-01-30 19:37:58,152232.07,EGRESO
11056,1,1001,2,1002,2025-01-31 09:18:19,3603129.54,EGRESO
11057,1,1001,2,1002,2025-01-31 10:53:31,4801583.55,EGRESO
11058,1,1001,2,1002,2025-01-31 11:53:09,9885667.04,EGRESO
11059,1,1001,2,1002,2025-01-31 19:40:38,2924336.53,INGRESO
11060,1,1001,2,1002,2025-02-01 08:05:01,2006933.36,EGRESO
11061,1,1001,2,1002,2025-02-01 10:01:58,2062717.41,EGRESO
11062,1,1001,2,1002,2025-02-01 15:18:20,3656913.49,INGRESO
11063,1,1001,2,1002,2025-02-01 16:45:06,3332469.52,EGRESO
11064,1,1001,2,1002,2025-02-01 20:31:36,3673839.69,INGRESO
11065,1,1001,2,1002,2025-02-02 05:50:08,6413713.21,EGRESO
11066,1,1001,2,1002,2025-02-02 08:19:01,100039.74,EGRESO
11067,1,1001,2,1002,2025-02-02 11:10:56,2420122.78,EGRESO
11068,1,1001,2,1002,2025-02-02 19:37:50,658006.81,INGRESO
11069,1,1001,2,1002,2025-02-03 05:44:49,266631.73,EGRESO
11070,1,1001,2,1002,2025-02-03 10:47:29,1857678.61,INGRESO
11071,1,1001,2,1002,2025-02-03 13:13:51,3841820.98,INGRESO
11072,1,1001,2,1002,2025-02-03 17:37:16,7116629.19,EGRESO
11073,1,1001,2,1002,2025-02-04 02:25:38,3142133.31,INGRESO
11074,1,1001,2,1002,2025-02-04 09:53:03,1937496.84,INGRESO
11075,1,1001,2,1002,2025-02-04 13:47:44,6982470.13,INGRESO
11076,1,1001,2,1002,2025-02-04 23:57:24,1839833.57,INGRESO
11077,1,1001,2,1002,2025-02-05 02:09:43,4697065.41,INGRESO
11078,1,1001,2,1002,2025-02-05 09:43:33,9404145.62,EGRESO
11079,1,1001,2,1002,2025-02-05 17:25:14,9197875.74,EGRESO
11080,1,1001,2,1002,2025-02-05 23:10:42,275658.64,EGRESO
11081,1,1001,2,1002,2025-02-06 03:07:27,4328343.57,INGRESO
11082,1,1001,2,1002,2025-02-06 03:27:26,3230555.52,INGRESO
11083,1,1001,2,1002,2025-02-06 03:52:06,1542286.72,EGRESO
11084,1,1001,2,1002,2025-02-06 11:07:42,5696806.01,INGRESO
11085,1,1001,2,1002,2025-02-07 01:45:00,6163609.65,INGRESO
11086,1,1001,2,1002,2025-02-07 05:25:24,3116466.98,EGRESO
11087,1,1001,2,1002,2025-02-07 11:40:37,4445657.61,EGRESO
11088,1,1001,2,1002,2025-02-07 17:42:11,7787523.05,EGRESO
11089,1,1001,2,1002,2025-02-08 07:34:22,4331393.25,EGRESO
11090,1,1001,2,1002,2025-02-08 15:35:56,3510755.04,EGRESO
11091,1,1001,2,1002,2025-02-08 17:33:39,9520099.81,EGRESO
11092,1,1001,2,1002,2025-02-08 22:36:21,4552616.33,INGRESO
11093,1,1001,2,1002,2025-02-09 02:40:23,6447336.36,EGRESO
11094,1,1001,2,1002,2025-02-09 06:39:47,8961686.45,EGRESO
11095,1,1001,2,1002,2025-02-09 17:08:46,1953984.27,EGRESO
11096,1,1001,2,1002,2025-02-09 18:59:54,2092093.44,EGRESO
11097,1,1001,2,1002,2025-02-09 21:15:35,3673891.01,EGRESO
11098,1,1001,2,1002,2025-02-10 04:10:47,2891183.60,INGRESO
11099,1,1001,2,1002,2025-02-10 04:41:34,755002.24,EGRESO
11100,1,1001,2,1002,2025-02-10 10:39:27,4675719.84,EGRESO
11101,1,1001,2,1002,2025-02-10 11:16:56,246193.47,INGRESO
11102,1,1001,2,1002,2025-02-11 04:40:48,5147778.66,EGRESO
11103,1,1001,2,1002,2025-02-11 16:56:10,2960905.53,INGRESO
11104,1,1001,2,1002,2025-02-11 17:55:49,4495291.80,EGRESO
11105,1,1001,2,1002,2025-02-11 18:36:35,4248312.45,EGRESO
11106,1,1001,2,1002,2025-02-11 20:41:15,34317.57,INGRESO
11107,1,1001,2,1002,2025-02-12 00:48:41,1411740.89,INGRESO
11108,1,1001,2,1002,2025-02-12 12:47:57,4763795.29,EGRESO
11109,1,1001,2,1002,2025-02-12 13:58:54,9724642.29,EGRESO
11110,1,1001,2,1002,2025-02-12 20:06:18,4510086.13,INGRESO
11111,1,1001,2,1002,2025-02-12 23:53:01,8979912.90,INGRESO
11112,1,1001,2,1002,2025-02-13 01:26:10,9104730.33,EGRESO
11113,1,1001,2,1002,2025-02-13 02:37:24,609394.80,INGRESO
11114,1,1001,2,1002,2025-02-13 09:20:28,8422769.98,EGRESO
11115,1,1001,2,1002,2025-02-13 13:55:54,1799777.20,EGRESO
11116,1,1001,2,1002,2025-02-13 18:31:35,1455338.88,INGRESO
11117,1,1001,2,1002,2025-02-14 05:45:37,9846002.37,INGRESO
11118,1,1001,2,1002,2025-02-14 08:49:03,739613.46,EGRESO
11119,1,1001,2,1002,2025-02-14 13:27:24,4968993.83,EGRESO
11120,1,1001,2,1002,2025-02-14 17:48:10,7496287.51,EGRESO
11121,1,1001,2,1002,2025-02-14 23:48:14,7264637.75,EGRESO
11122,1,1001,2,1002,2025-02-15 04:08:40,4913469.02,EGRESO
11123,1,1001,2,1002,2025-02-15 10:18:10,489859.47,INGRESO
11124,1,1001,2,1002,2025-02-15 15:58:18,2479095.02,INGRESO
11125,1,1001,2,1002,2025-02-15 23:42:19,5160378.18,INGRESO
11126,1,1001,2,1002,2025-02-16 05:45:50,893982.85,INGRESO
11127,1,1001,2,1002,2025-02-16 09:44:08,4029351.57,EGRESO
11128,1,1001,2,1002,2025-02-16 10:44:09,1335009.54,INGRESO
11129,1,1001,2,1002,2025-02-16 22:01:32,9347649.27,EGRESO
11130,1,1001,2,1002,2025-02-16 23:48:22,1765711.57,INGRESO
11131,1,1001,2,1002,2025-02-17 00:25:02,8202106.52,INGRESO
11132,1,1001,2,1002,2025-02-17 08:07:12,4950074.00,INGRESO
11133,1,1001,2,1002,2025-02-17 09:16:03,4227944.36,INGRESO
11134,1,1001,2,1002,2025-02-17 19:45:11,7248550.51,INGRESO
11135,1,1001,2,1002,2025-02-18 13:09:54,3658719.04,INGRESO
11136,1,1001,2,1002,2025-02-18 13:26:55,5308218.70,EGRESO
11137,1,1001,2,1002,2025-02-18 14:57:09,5566885.10,INGRESO
11138,1,1001,2,1002,2025-02-18 20:12:25,1788748.05,EGRESO
11139,1,1001,2,1002,2025-02-19 02:48:14,7710319.55,EGRESO
11140,1,1001,2,1002,2025-02-19 09:42:14,7405044.82,EGRESO
11141,1,1001,2,1002,2025-02-19 15:51:11,1572182.57,EGRESO
11142,1,1001,2,1002,2025-02-19 17:50:05,9876806.16,EGRESO
11143,1,1001,2,1002,2025-02-19 20:48:27,2641340.99,INGRESO
11144,1,1001,2,1002,2025-02-20 01:55:39,540915.01,EGRESO
11145,1,1001,2,1002,2025-02-20 02:32:29,3566304.80,EGRESO
11146,1,1001,2,1002,2025-02-20 16:21:28,5361001.46,INGRESO
11147,1,1001,2,1002,2025-02-20 18:35:17,9290422.21,INGRESO
11148,1,1001,2,1002,2025-02-20 19:51:13,1378245.59,INGRESO
11149,1,1001,2,1002,2025-02-21 02:14:42,2221940.12,INGRESO
11150,1,1001,2,1002,2025-02-21 02:38:13,1407050.48,EGRESO
11151,1,1001,2,1002,2025-02-21 05:19:30,2199188.89,INGRESO
11152,1,1001,2,1002,2025-02-21 13:01:44,1472356.53,INGRESO
11153,1,1001,2,1002,2025-02-21 19:28:00,4702387.82,EGRESO
11154,1,1001,2,1002,2025-02-22 02:13:12,9481272.46,INGRESO
11155,1,1001,2,1002,2025-02-22 08:07:08,4061093.13,INGRESO
11156,1,1001,2,1002,2025-02-22 09:25:11,338678.14,EGRESO
11157,1,1001,2,1002,2025-02-22 12:24:52,6573232.45,EGRESO
11158,1,1001,2,1002,2025-02-22 18:06:28,1178250.69,EGRESO
11159,1,1001,2,1002,2025-02-23 00:49:26,1407026.23,EGRESO
11160,1,1001,2,1002,2025-02-23 10:04:11,5190189.53,EGRESO
11161,1,1001,2,1002,2025-02-23 12:22:08,699831.97,EGRESO
11162,1,1001,2,1002,2025-02-23 22:43:49,9417314.18,INGRESO
11163,1,1001,2,1002,2025-02-24 03:35:58,517275.00,EGRESO
11164,1,1001,2,1002,2025-02-24 03:47:54,2423091.61,EGRESO
11165,1,1001,2,1002,2025-02-24 07:22:55,7470925.06,INGRESO
11166,1,1001,2,1002,2025-02-24 18:43:50,5608818.16,EGRESO
11167,1,1001,2,1002,2025-02-24 21:58:58,8670099.44,INGRESO
11168,1,1001,2,1002,2025-02-25 02:42:50,180197.42,EGRESO
11169,1,1001,2,1002,2025-02-25 10:34:53,122074.66,EGRESO
11170,1,1001,2,1002,2025-02-25 13:04:49,3780412.00,INGRESO
11171,1,1001,2,1002,2025-02-25 19:40:30,2155342.28,INGRESO
11172,1,1001,2,1002,2025-02-26 04:26:50,5902225.82,EGRESO
11173,1,1001,2,1002,2025-02-26 08:50:07,3411765.82,EGRESO
11174,1,1001,2,1002,2025-02-26 16:52:51,4517058.67,INGRESO
11175,1,1001,2,1002,2025-02-26 18:15:44,1927188.82,EGRESO
11176,1,1001,2,1002,2025-02-27 01:55:03,5539317.00,INGRESO
11177,1,1001,2,1002,2025-02-27 10:03:21,1014489.15,INGRESO
11178,1,1001,2,1002,2025-02-27 13:14:47,1462740.86,EGRESO
11179,1,1001,2,1002,2025-02-27 21:52:58,1891442.05,EGRESO
11180,1,1001,2,1002,2025-02-28 02:30:21,8703926.18,EGRESO
11181,1,1001,2,1002,2025-02-28 07:46:11,5360555.86,EGRESO
11182,1,1001,2,1002,2025-02-28 08:54:39,8708183.48,INGRESO
11183,1,1001,2,1002,2025-02-28 14:09:38,6475929.76,EGRESO
11184,1,1001,2,1002,2025-02-28 23:31:30,1073216.74,EGRESO
11185,1,1001,2,1002,2025-03-01 11:18:00,846773.57,INGRESO
11186,1,1001,2,1002,2025-03-01 13:27:39,2364543.05,EGRESO
11187,1,1001,2,1002,2025-03-01 15:28:59,5912748.12,INGRESO
11188,1,1001,2,1002,2025-03-01 19:11:02,2827427.83,EGRESO
11189,1,1001,2,1002,2025-03-01 22:09:17,6312859.81,INGRESO
11190,1,1001,2,1002,2025-03-02 00:19:01,3912831.42,EGRESO
11191,1,1001,2,1002,2025-03-02 07:41:41,4804762.83,EGRESO
11192,1,1001,2,1002,2025-03-02 11:53:25,9133713.40,INGRESO
11193,1,1001,2,1002,2025-03-02 13:17:05,7709923.48,EGRESO
11194,1,1001,2,1002,2025-03-02 19:51:10,1593410.50,INGRESO
11195,1,1001,2,1002,2025-03-02 20:16:18,3155667.77,EGRESO
11196,1,1001,2,1002,2025-03-02 23:34:50,8783580.51,EGRESO
11197,1,1001,2,1002,2025-03-03 02:42:18,2823260.68,INGRESO
11198,1,1001,2,1002,2025-03-03 17:55:12,7473946.37,EGRESO
11199,1,1001,2,1002,2025-03-03 21:09:38,1939551.17,EGRESO
11200,1,1001,2,1002,2025-03-03 23:50:54,8318468.66,EGRESO
11201,1,1001,2,1002,2025-03-04 02:45:39,2796469.29,EGRESO
11202,1,1001,2,1002,2025-03-04 06:51:36,1276279.52,EGRESO
11203,1,1001,2,1002,2025-03-04 13:14:54,4761809.36,INGRESO
11204,1,1001,2,1002,2025-03-04 18:13:06,6047716.18,INGRESO
11205,1,1001,2,1002,2025-03-05 00:30:50,7694947.08,INGRESO
11206,1,1001,2,1002,2025-03-05 07:06:03,8812788.87,INGRESO
11207,1,1001,2,1002,2025-03-05 17:12:43,6951627.19,EGRESO
11208,1,1001,2,1002,2025-03-05 20:59:50,1637233.49,INGRESO
11209,1,1001,2,1002,2025-03-06 02:14:25,2856855.69,EGRESO
11210,1,1001,2,1002,2025-03-06 07:33:32,4742511.54,INGRESO
11211,1,1001,2,1002,2025-03-06 11:35:43,8279450.52,EGRESO
11212,1,1001,2,1002,2025-03-06 20:25:52,2485204.98,EGRESO
11213,1,1001,2,1002,2025-03-06 23:07:27,4601153.00,EGRESO
11214,1,1001,2,1002,2025-03-07 04:45:16,387919.37,EGRESO
11215,1,1001,2,1002,2025-03-07 05:43:55,3536033.13,EGRESO
11216,1,1001,2,1002,2025-03-07 18:42:30,5330284.72,EGRESO
11217,1,1001,2,1002,2025-03-07 18:52:31,552914.24,INGRESO
11218,1,1001,2,1002,2025-03-08 04:55:22,9529426.54,INGRESO
11219,1,1001,2,1002,2025-03-08 06:50:26,5148122.68,INGRESO
11220,1,1001,2,1002,2025-03-08 12:52:47,3818835.48,EGRESO
11221,1,1001,2,1002,2025-03-08 13:27:51,3924459.53,INGRESO
11222,1,1001,2,1002,2025-03-09 17:00:07,4252767.08,EGRESO
11223,1,1001,2,1002,2025-03-09 19:56:05,5887594.47,EGRESO
11224,1,1001,2,1002,2025-03-09 20:18:23,997897.35,EGRESO
11225,1,1001,2,1002,2025-03-09 22:54:13,7867305.09,EGRESO
11226,1,1001,2,1002,2025-03-10 02:30:47,6179138.84,INGRESO
11227,1,1001,2,1002,2025-03-10 06:29:43,3481520.78,INGRESO
11228,1,1001,2,1002,2025-03-10 11:50:54,5850532.80,INGRESO
11229,1,1001,2,1002,2025-03-10 12:19:10,142068.60,INGRESO
11230,1,1001,2,1002,2025-03-11 07:16:48,3532829.25,EGRESO
11231,1,1001,2,1002,2025-03-11 10:34:59,5763507.50,INGRESO
11232,1,1001,2,1002,2025-03-11 17:31:35,3004998.15,INGRESO
11233,1,1001,2,1002,2025-03-11 17:31:38,6104926.13,INGRESO
11234,1,1001,2,1002,2025-03-12 01:54:50,8628798.96,INGRESO
11235,1,1001,2,1002,2025-03-12 02:09:10,6121906.46,INGRESO
11236,1,1001,2,1002,2025-03-12 02:14:42,1421900.44,INGRESO
11237,1,1001,2,1002,2025-03-12 16:51:21,2516833.47,EGRESO
11238,1,1001,2,1002,2025-03-12 19:35:48,1796183.43,EGRESO
11239,1,1001,2,1002,2025-03-13 02:48:43,3313057.01,EGRESO
11240,1,1001,2,1002,2025-03-13 06:22:50,3705883.16,EGRESO
11241,1,1001,2,1002,2025-03-13 11:55:55,8593431.39,INGRESO
11242,1,1001,2,1002,2025-03-13 21:03:41,9432707.31,INGRESO
11243,1,1001,2,1002,2025-03-14 02:31:07,4394141.08,EGRESO
11244,1,1001,2,1002,2025-03-14 13:03:33,4432346.61,INGRESO
11245,1,1001,2,1002,2025-03-14 13:18:09,2846328.48,INGRESO
11246,1,1001,2,1002,2025-03-14 14:08:09,3847421.81,INGRESO
11247,1,1001,2,1002,2025-03-15 07:40:06,7386855.20,EGRESO
11248,1,1001,2,1002,2025-03-15 16:01:01,6697189.15,EGRESO
11249,1,1001,2,1002,2025-03-15 16:45:14,6179794.28,INGRESO
11250,1,1001,2,1002,2025-03-15 19:24:09,9173592.17,INGRESO
11251,1,1001,2,1002,2025-03-15 19:55:07,5672313.33,INGRESO
11252,1,1001,2,1002,2025-03-15 22:57:15,1070212.95,EGRESO
11253,1,1001,2,1002,2025-03-16 10:05:47,62963.76,EGRESO
11254,1,1001,2,1002,2025-03-16 19:07:47,6932915.79,EGRESO
11255,1,1001,2,1002,2025-03-16 20:07:55,5455683.80,EGRESO
11256,1,1001,2,1002,2025-03-16 23:48:22,5337005.29,INGRESO
11257,1,1001,2,1002,2025-03-17 05:08:15,8867401.43,EGRESO
11258,1,1001,2,1002,2025-03-17 05:19:37,8016452.58,INGRESO
11259,1,1001,2,1002,2025-03-17 07:29:40,3357270.97,INGRESO
11260,1,1001,2,1002,2025-03-17 17:25:25,6897132.96,EGRESO
11261,1,1001,2,1002,2025-03-18 03:06:27,6496408.63,EGRESO
11262,1,1001,2,1002,2025-03-18 14:47:18,4994936.71,INGRESO
11263,1,1001,2,1002,2025-03-18 15:43:54,3762223.89,INGRESO
11264,1,1001,2,1002,2025-03-18 18:26:52,7779668.90,EGRESO
11265,1,1001,2,1002,2025-03-18 19:16:52,9592598.05,INGRESO
11266,1,1001,2,1002,2025-03-19 01:34:08,7008605.99,EGRESO
11267,1,1001,2,1002,2025-03-19 02:09:03,9022936.11,EGRESO
11268,1,1001,2,1002,2025-03-19 05:00:24,6010664.56,INGRESO
11269,1,1001,2,1002,2025-03-19 14:51:04,5974132.56,INGRESO
11270,1,1001,2,1002,2025-03-20 01:38:42,5762789.89,EGRESO
11271,1,1001,2,1002,2025-03-20 05:19:04,7545366.53,EGRESO
11272,1,1001,2,1002,2025-03-20 09:28:43,9533513.78,INGRESO
11273,1,1001,2,1002,2025-03-20 15:20:50,343601.60,INGRESO
11274,1,1001,2,1002,2025-03-20 18:17:39,6839791.09,INGRESO
11275,1,1001,2,1002,2025-03-20 20:01:16,8157701.85,INGRESO
11276,1,1001,2,1002,2025-03-20 23:39:16,430465.28,INGRESO
11277,1,1001,2,1002,2025-03-21 03:57:06,9135358.06,INGRESO
11278,1,1001,2,1002,2025-03-21 11:53:58,9846912.56,INGRESO
11279,1,1001,2,1002,2025-03-21 15:13:46,8366444.30,EGRESO
11280,1,1001,2,1002,2025-03-21 15:50:40,7315761.19,EGRESO
11281,1,1001,2,1002,2025-03-21 16:51:28,6946012.49,EGRESO
11282,1,1001,2,1002,2025-03-22 02:13:44,8698531.84,INGRESO
11283,1,1001,2,1002,2025-03-22 06:55:54,5983216.52,EGRESO
11284,1,1001,2,1002,2025-03-22 10:13:14,3400516.30,INGRESO
11285,1,1001,2,1002,2025-03-22 14:39:00,4010218.53,EGRESO
11286,1,1001,2,1002,2025-03-22 18:41:54,9457105.85,EGRESO
11287,1,1001,2,1002,2025-03-22 18:57:35,7816200.40,INGRESO
11288,1,1001,2,1002,2025-03-23 01:26:17,6249793.52,INGRESO
11289,1,1001,2,1002,2025-03-23 04:49:35,6181945.36,INGRESO
11290,1,1001,2,1002,2025-03-23 07:02:24,7392129.11,EGRESO
11291,1,1001,2,1002,2025-03-23 12:38:37,6730335.32,INGRESO
11292,1,1001,2,1002,2025-03-23 12:47:27,6699754.22,EGRESO
11293,1,1001,2,1002,2025-03-23 19:58:21,6928427.40,INGRESO
11294,1,1001,2,1002,2025-03-24 06:36:27,2794252.49,INGRESO
11295,1,1001,2,1002,2025-03-24 10:55:37,1050886.58,INGRESO
11296,1,1001,2,1002,2025-03-24 12:37:55,7805969.71,EGRESO
11297,1,1001,2,1002,2025-03-24 13:15:55,9736884.47,INGRESO
11298,1,1001,2,1002,2025-03-25 07:49:13,9631289.63,EGRESO
11299,1,1001,2,1002,2025-03-25 11:33:29,3981939.23,EGRESO
11300,1,1001,2,1002,2025-03-25 15:45:46,6384195.09,EGRESO
11301,1,1001,2,1002,2025-03-25 19:25:17,2384416.65,INGRESO
11302,1,1001,2,1002,2025-03-25 19:32:06,7886398.90,INGRESO
11303,1,1001,2,1002,2025-03-26 04:23:03,4707233.42,INGRESO
11304,1,1001,2,1002,2025-03-26 10:13:42,6733360.54,EGRESO
11305,1,1001,2,1002,2025-03-26 14:59:12,5458307.03,INGRESO
11306,1,1001,2,1002,2025-03-26 17:54:29,1237184.28,INGRESO
11307,1,1001,2,1002,2025-03-27 08:08:40,4452804.29,INGRESO
11308,1,1001,2,1002,2025-03-27 10:36:48,3436439.35,EGRESO
11309,1,1001,2,1002,2025-03-27 12:01:27,2766321.19,INGRESO
11310,1,1001,2,1002,2025-03-27 23:08:34,2999240.95,INGRESO
11311,1,1001,2,1002,2025-03-28 12:53:23,8250561.24,INGRESO
11312,1,1001,2,1002,2025-03-28 16:37:24,1308450.10,EGRESO
11313,1,1001,2,1002,2025-03-28 20:16:56,1037849.73,EGRESO
11314,1,1001,2,1002,2025-03-28 21:15:26,9967595.07,EGRESO
11315,1,1001,2,1002,2025-03-29 15:21:32,6426035.18,INGRESO
11316,1,1001,2,1002,2025-03-29 15:37:20,4508200.63,INGRESO
11317,1,1001,2,1002,2025-03-29 22:25:35,8836165.97,INGRESO
11318,1,1001,2,1002,2025-03-29 23:45:16,3211683.70,EGRESO
11319,1,1001,2,1002,2025-03-30 03:07:37,7875391.92,EGRESO
11320,1,1001,2,1002,2025-03-30 04:05:10,2868735.71,INGRESO
11321,1,1001,2,1002,2025-03-30 05:20:28,4898144.42,INGRESO
11322,1,1001,2,1002,2025-03-30 10:46:10,3308314.66,INGRESO
11323,1,1001,2,1002,2025-03-30 12:43:05,3523460.36,EGRESO
11324,1,1001,2,1002,2025-03-30 17:32:22,9021030.68,EGRESO
11325,1,1001,2,1002,2025-03-31 06:40:39,6852620.55,INGRESO
11326,1,1001,2,1002,2025-03-31 06:41:35,1067132.47,INGRESO
11327,1,1001,2,1002,2025-03-31 12:24:36,6128474.13,INGRESO
11328,1,1001,2,1002,2025-03-31 22:18:56,146946.75,INGRESO
11329,1,1001,2,1002,2025-04-01 06:39:36,5581914.31,EGRESO
11330,1,1001,2,1002,2025-04-01 08:30:47,1566521.27,INGRESO
11331,1,1001,2,1002,2025-04-01 08:31:05,48308.84,EGRESO
11332,1,1001,2,1002,2025-04-01 08:56:50,6566987.95,EGRESO
11333,1,1001,2,1002,2025-04-01 16:51:51,2338856.08,INGRESO
11334,1,1001,2,1002,2025-04-02 03:03:08,2402549.46,EGRESO
11335,1,1001,2,1002,2025-04-02 05:15:26,8722901.58,EGRESO
11336,1,1001,2,1002,2025-04-02 09:08:59,6156891.47,INGRESO
11337,1,1001,2,1002,2025-04-02 21:03:34,644046.42,EGRESO
11338,1,1001,2,1002,2025-04-03 02:39:57,740893.19,EGRESO
11339,1,1001,2,1002,2025-04-03 15:36:26,2182601.18,EGRESO
11340,1,1001,2,1002,2025-04-03 17:57:28,3084250.11,EGRESO
11341,1,1001,2,1002,2025-04-03 22:07:46,5817437.13,INGRESO
11342,1,1001,2,1002,2025-04-04 03:20:13,1231973.58,EGRESO
11343,1,1001,2,1002,2025-04-04 16:03:12,3064639.15,INGRESO
11344,1,1001,2,1002,2025-04-04 19:48:12,2815633.55,INGRESO
11345,1,1001,2,1002,2025-04-04 23:54:23,2066281.52,EGRESO
11346,1,1001,2,1002,2025-04-05 04:15:31,1639996.21,INGRESO
11347,1,1001,2,1002,2025-04-05 13:16:19,1388236.46,INGRESO
11348,1,1001,2,1002,2025-04-05 13:35:49,7469701.09,EGRESO
11349,1,1001,2,1002,2025-04-05 17:19:00,290556.08,EGRESO
11350,1,1001,2,1002,2025-04-06 02:42:06,8633292.79,INGRESO
11351,1,1001,2,1002,2025-04-06 03:13:03,7585116.51,EGRESO
11352,1,1001,2,1002,2025-04-06 14:32:57,6035121.04,EGRESO
11353,1,1001,2,1002,2025-04-06 23:15:44,1767178.59,INGRESO
11354,1,1001,2,1002,2025-04-07 02:16:33,5999383.63,EGRESO
11355,1,1001,2,1002,2025-04-07 11:19:23,2674270.11,EGRESO
11356,1,1001,2,1002,2025-04-07 13:32:43,2644171.20,INGRESO
11357,1,1001,2,1002,2025-04-07 13:35:05,7018980.26,INGRESO
11358,1,1001,2,1002,2025-04-07 18:40:27,4316699.59,EGRESO
11359,1,1001,2,1002,2025-04-08 00:45:31,8286027.23,INGRESO
11360,1,1001,2,1002,2025-04-08 04:40:53,3492091.25,EGRESO
11361,1,1001,2,1002,2025-04-08 07:38:28,6217212.15,INGRESO
11362,1,1001,2,1002,2025-04-08 09:11:13,1897916.78,INGRESO
11363,1,1001,2,1002,2025-04-09 02:20:56,5070901.99,EGRESO
11364,1,1001,2,1002,2025-04-09 08:39:26,1857340.97,INGRESO
11365,1,1001,2,1002,2025-04-09 13:38:28,2655710.40,EGRESO
11366,1,1001,2,1002,2025-04-09 16:35:46,3748211.69,INGRESO
11367,1,1001,2,1002,2025-04-09 18:32:42,8454936.12,EGRESO
11368,1,1001,2,1002,2025-04-10 00:53:36,2896432.45,EGRESO
11369,1,1001,2,1002,2025-04-10 04:43:08,614484.21,INGRESO
11370,1,1001,2,1002,2025-04-10 06:03:19,3044197.75,EGRESO
11371,1,1001,2,1002,2025-04-10 15:45:55,6157713.10,EGRESO
11372,1,1001,2,1002,2025-04-11 06:59:19,2577993.61,EGRESO
11373,1,1001,2,1002,2025-04-11 10:26:13,3772930.11,EGRESO
11374,1,1001,2,1002,2025-04-11 13:38:40,4060259.84,EGRESO
11375,1,1001,2,1002,2025-04-11 22:25:13,3369126.80,EGRESO
11376,1,1001,2,1002,2025-04-12 09:47:37,3998304.62,INGRESO
11377,1,1001,2,1002,2025-04-12 11:24:54,1639614.09,EGRESO
11378,1,1001,2,1002,2025-04-12 15:53:09,2583930.62,EGRESO
11379,1,1001,2,1002,2025-04-12 22:33:34,1021729.62,EGRESO
11380,1,1001,2,1002,2025-04-13 05:01:08,4076365.69,EGRESO
11381,1,1001,2,1002,2025-04-13 05:18:22,1134540.50,INGRESO
11382,1,1001,2,1002,2025-04-13 15:28:00,7459505.75,EGRESO
11383,1,1001,2,1002,2025-04-13 21:09:25,434367.12,INGRESO
11384,1,1001,2,1002,2025-04-14 07:22:07,252408.40,EGRESO
11385,1,1001,2,1002,2025-04-14 10:00:14,5006035.22,INGRESO
11386,1,1001,2,1002,2025-04-14 17:57:35,8449354.51,INGRESO
11387,1,1001,2,1002,2025-04-14 19:57:18,4233419.89,INGRESO
11388,1,1001,2,1002,2025-04-15 04:26:15,4582413.78,INGRESO
11389,1,1001,2,1002,2025-04-15 10:13:58,4407982.40,EGRESO
11390,1,1001,2,1002,2025-04-15 15:36:23,5428835.13,EGRESO
11391,1,1001,2,1002,2025-04-15 20:55:26,610506.30,INGRESO
11392,1,1001,2,1002,2025-04-16 10:42:10,3241047.01,EGRESO
11393,1,1001,2,1002,2025-04-16 20:59:59,3744087.29,EGRESO
11394,1,1001,2,1002,2025-04-16 21:11:38,4417788.48,INGRESO
11395,1,1001,2,1002,2025-04-16 23:43:46,5347556.22,EGRESO
11396,1,1001,2,1002,2025-04-17 01:31:03,6265534.71,INGRESO
11397,1,1001,2,1002,2025-04-17 02:42:21,2389287.56,INGRESO
11398,1,1001,2,1002,2025-04-17 07:36:35,2803985.26,EGRESO
11399,1,1001,2,1002,2025-04-17 10:04:43,4914174.09,INGRESO
11400,1,1001,2,1002,2025-04-17 23:34:55,4624144.32,EGRESO
11401,1,1001,2,1002,2025-04-18 02:03:54,4496164.70,INGRESO
11402,1,1001,2,1002,2025-04-18 02:54:47,501285.06,EGRESO
11403,1,1001,2,1002,2025-04-18 05:40:37,3592118.50,EGRESO
11404,1,1001,2,1002,2025-04-18 05:40:48,2923932.08,EGRESO
11405,1,1001,2,1002,2025-04-18 11:51:21,5050293.20,INGRESO
11406,1,1001,2,1002,2025-04-18 20:12:13,5820400.93,EGRESO
11407,1,1001,2,1002,2025-04-19 07:23:47,865219.77,INGRESO
11408,1,1001,2,1002,2025-04-19 17:43:13,5035140.79,EGRESO
11409,1,1001,2,1002,2025-04-19 19:02:31,998585.02,INGRESO
11410,1,1001,2,1002,2025-04-19 23:44:22,1239677.14,INGRESO
11411,1,1001,2,1002,2025-04-20 06:44:59,8273030.85,INGRESO
11412,1,1001,2,1002,2025-04-20 11:07:20,3083131.46,INGRESO
11413,1,1001,2,1002,2025-04-20 13:42:24,4231676.33,INGRESO
11414,1,1001,2,1002,2025-04-20 18:39:32,373281.98,EGRESO
11415,1,1001,2,1002,2025-04-21 01:46:06,4921034.05,INGRESO
11416,1,1001,2,1002,2025-04-21 05:02:10,2319323.09,INGRESO
11417,1,1001,2,1002,2025-04-21 07:03:37,7602484.91,INGRESO
11418,1,1001,2,1002,2025-04-21 07:53:54,404564.78,INGRESO
11419,1,1001,2,1002,2025-04-21 08:27:09,2501718.12,INGRESO
11420,1,1001,2,1002,2025-04-21 23:04:53,5852830.53,EGRESO
11421,1,1001,2,1002,2025-04-22 01:10:05,5554784.22,INGRESO
11422,1,1001,2,1002,2025-04-22 02:59:27,82978.30,INGRESO
11423,1,1001,2,1002,2025-04-22 13:03:21,7039545.74,EGRESO
11424,1,1001,2,1002,2025-04-22 18:05:29,5233098.32,EGRESO
11425,1,1001,2,1002,2025-04-22 18:36:06,225228.55,EGRESO
11426,1,1001,2,1002,2025-04-22 19:45:35,7890870.93,INGRESO
11427,1,1001,2,1002,2025-04-23 04:06:12,9646451.32,EGRESO
11428,1,1001,2,1002,2025-04-23 11:39:09,6100249.40,EGRESO
11429,1,1001,2,1002,2025-04-23 14:14:30,4964848.85,EGRESO
11430,1,1001,2,1002,2025-04-23 17:13:13,8509954.29,INGRESO
11431,1,1001,2,1002,2025-04-23 18:43:29,9912962.86,INGRESO
11432,1,1001,2,1002,2025-04-23 20:16:56,3902043.86,INGRESO
11433,1,1001,2,1002,2025-04-24 01:21:33,6409104.96,EGRESO
11434,1,1001,2,1002,2025-04-24 01:34:39,3646006.96,EGRESO
11435,1,1001,2,1002,2025-04-24 15:18:12,7255028.93,EGRESO
11436,1,1001,2,1002,2025-04-24 18:24:02,3118837.67,INGRESO
11437,1,1001,2,1002,2025-04-24 20:04:09,7205641.71,EGRESO
11438,1,1001,2,1002,2025-04-25 01:37:58,4099771.00,EGRESO
11439,1,1001,2,1002,2025-04-25 10:21:16,5621408.89,INGRESO
11440,1,1001,2,1002,2025-04-25 12:38:16,2500846.30,INGRESO
11441,1,1001,2,1002,2025-04-25 14:03:55,7171980.13,INGRESO
11442,1,1001,2,1002,2025-04-25 21:06:09,5348963.35,INGRESO
11443,1,1001,2,1002,2025-04-26 01:57:56,2632624.81,EGRESO
11444,1,1001,2,1002,2025-04-26 06:48:36,6548593.18,EGRESO
11445,1,1001,2,1002,2025-04-26 13:46:41,3270489.74,INGRESO
11446,1,1001,2,1002,2025-04-26 20:06:56,1737284.08,INGRESO
11447,1,1001,2,1002,2025-04-26 21:57:34,6012429.80,INGRESO
11448,1,1001,2,1002,2025-04-26 23:56:58,7549242.35,EGRESO
11449,1,1001,2,1002,2025-04-27 01:12:32,6968916.39,INGRESO
11450,1,1001,2,1002,2025-04-27 04:53:11,5400612.32,EGRESO
11451,1,1001,2,1002,2025-04-27 05:55:24,8705185.16,EGRESO
11452,1,1001,2,1002,2025-04-27 07:17:24,842801.29,EGRESO
11453,1,1001,2,1002,2025-04-27 19:40:04,9760390.08,EGRESO
11454,1,1001,2,1002,2025-04-28 00:37:25,4388233.13,EGRESO
11455,1,1001,2,1002,2025-04-28 00:47:42,6530192.19,EGRESO
11456,1,1001,2,1002,2025-04-28 05:58:38,8734658.77,EGRESO
11457,1,1001,2,1002,2025-04-28 08:06:22,3876754.18,EGRESO
11458,1,1001,2,1002,2025-04-28 14:09:19,530586.20,EGRESO
11459,1,1001,2,1002,2025-04-28 18:23:43,7680857.95,INGRESO
11460,1,1001,2,1002,2025-04-28 20:34:15,175497.17,INGRESO
11461,1,1001,2,1002,2025-04-29 04:06:00,3513365.23,EGRESO
11462,1,1001,2,1002,2025-04-29 15:52:23,5125490.62,INGRESO
11463,1,1001,2,1002,2025-04-29 20:24:32,2290867.52,INGRESO
11464,1,1001,2,1002,2025-04-29 22:18:36,7885920.52,INGRESO
11465,1,1001,2,1002,2025-04-29 23:47:47,5733681.37,INGRESO
11466,1,1001,2,1002,2025-04-30 00:28:44,5660689.68,EGRESO
11467,1,1001,2,1002,2025-04-30 01:31:44,4659346.02,EGRESO
11468,1,1001,2,1002,2025-04-30 06:25:40,3752238.14,EGRESO
11469,1,1001,2,1002,2025-04-30 14:54:52,9920752.87,INGRESO
11470,1,1001,2,1002,2025-04-30 17:47:49,9826187.76,EGRESO
11471,1,1001,2,1002,2025-04-30 19:00:36,4820057.46,INGRESO
11472,1,1001,2,1002,2025-05-01 03:00:55,4980016.76,EGRESO
11473,1,1001,2,1002,2025-05-01 07:47:25,6142275.61,INGRESO
11474,1,1001,2,1002,2025-05-01 07:53:33,6610187.69,EGRESO
11475,1,1001,2,1002,2025-05-01 17:19:40,6971527.14,EGRESO
11476,1,1001,2,1002,2025-05-02 02:44:07,4970302.99,EGRESO
11477,1,1001,2,1002,2025-05-02 04:26:34,5532808.20,EGRESO
11478,1,1001,2,1002,2025-05-02 14:47:06,4515943.86,EGRESO
11479,1,1001,2,1002,2025-05-02 21:20:50,8163503.30,INGRESO
11480,1,1001,2,1002,2025-05-03 01:33:01,5347245.41,INGRESO
11481,1,1001,2,1002,2025-05-03 07:58:32,1732221.46,INGRESO
11482,1,1001,2,1002,2025-05-03 16:53:15,6828697.47,INGRESO
11483,1,1001,2,1002,2025-05-03 21:08:59,6865183.29,INGRESO
11484,1,1001,2,1002,2025-05-04 06:19:26,6540072.10,INGRESO
11485,1,1001,2,1002,2025-05-04 14:12:41,2073930.97,EGRESO
11486,1,1001,2,1002,2025-05-04 16:34:50,7639567.81,EGRESO
11487,1,1001,2,1002,2025-05-04 17:32:03,8288497.38,INGRESO
11488,1,1001,2,1002,2025-05-05 03:00:47,2647694.94,INGRESO
11489,1,1001,2,1002,2025-05-05 15:32:19,7946585.44,EGRESO
11490,1,1001,2,1002,2025-05-05 20:56:09,3721311.28,EGRESO
11491,1,1001,2,1002,2025-05-05 22:29:01,9017599.03,INGRESO
11492,1,1001,2,1002,2025-05-06 01:35:32,401578.03,EGRESO
11493,1,1001,2,1002,2025-05-06 10:45:13,6863120.58,INGRESO
11494,1,1001,2,1002,2025-05-06 14:27:48,6564356.20,INGRESO
11495,1,1001,2,1002,2025-05-06 17:03:52,483426.72,INGRESO
11496,1,1001,2,1002,2025-05-07 13:26:18,5940773.73,INGRESO
11497,1,1001,2,1002,2025-05-07 18:13:15,3318532.41,INGRESO
11498,1,1001,2,1002,2025-05-07 20:12:44,688101.75,EGRESO
11499,1,1001,2,1002,2025-05-07 21:21:23,283204.90,INGRESO
11500,1,1001,2,1002,2025-05-08 08:40:36,369993.86,INGRESO
11501,1,1001,2,1002,2025-05-08 09:31:19,525995.81,INGRESO
11502,1,1001,2,1002,2025-05-08 17:58:02,7391794.13,EGRESO
11503,1,1001,2,1002,2025-05-08 21:50:40,8272169.34,EGRESO
11504,1,1001,2,1002,2025-05-09 02:16:10,4783419.38,INGRESO
11505,1,1001,2,1002,2025-05-09 04:16:11,7387756.13,EGRESO
11506,1,1001,2,1002,2025-05-09 05:19:42,5798264.94,INGRESO
11507,1,1001,2,1002,2025-05-09 12:18:48,4720116.07,EGRESO
11508,1,1001,2,1002,2025-05-10 00:33:50,5364131.65,INGRESO
11509,1,1001,2,1002,2025-05-10 17:41:10,7441612.67,INGRESO
11510,1,1001,2,1002,2025-05-10 19:19:48,1394018.79,INGRESO
11511,1,1001,2,1002,2025-05-10 22:38:46,1639059.33,EGRESO
11512,1,1001,2,1002,2025-05-11 10:36:59,4882793.86,EGRESO
11513,1,1001,2,1002,2025-05-11 14:23:18,6189390.18,EGRESO
11514,1,1001,2,1002,2025-05-11 15:44:15,109618.06,INGRESO
11515,1,1001,2,1002,2025-05-11 16:32:54,7626772.40,INGRESO
11516,1,1001,2,1002,2025-05-11 21:15:34,1962882.61,INGRESO
11517,1,1001,2,1002,2025-05-12 00:29:15,6459214.61,INGRESO
11518,1,1001,2,1002,2025-05-12 01:09:28,6086032.52,EGRESO
11519,1,1001,2,1002,2025-05-12 07:52:53,392893.88,EGRESO
11520,1,1001,2,1002,2025-05-12 19:38:44,603031.23,EGRESO
11521,1,1001,2,1002,2025-05-12 22:36:58,1578340.84,EGRESO
11522,1,1001,2,1002,2025-05-12 23:49:56,6611674.30,INGRESO
11523,1,1001,2,1002,2025-05-13 03:32:36,8356662.18,EGRESO
11524,1,1001,2,1002,2025-05-13 08:45:52,5106017.71,INGRESO
11525,1,1001,2,1002,2025-05-13 16:55:11,5251430.84,INGRESO
11526,1,1001,2,1002,2025-05-13 22:02:10,5101594.31,INGRESO
11527,1,1001,2,1002,2025-05-14 01:20:32,1020049.85,EGRESO
11528,1,1001,2,1002,2025-05-14 03:12:34,2584070.54,EGRESO
11529,1,1001,2,1002,2025-05-14 04:38:36,630583.27,EGRESO
11530,1,1001,2,1002,2025-05-14 19:18:15,3813288.20,EGRESO
11531,1,1001,2,1002,2025-05-14 21:28:45,915932.60,INGRESO
11532,1,1001,2,1002,2025-05-15 03:21:47,3448921.28,INGRESO
11533,1,1001,2,1002,2025-05-15 04:52:45,4482132.82,EGRESO
11534,1,1001,2,1002,2025-05-15 08:11:34,2913697.04,EGRESO
11535,1,1001,2,1002,2025-05-15 13:37:08,8745608.91,EGRESO
11536,1,1001,2,1002,2025-05-16 00:56:15,6112141.79,INGRESO
11537,1,1001,2,1002,2025-05-16 13:06:37,2476244.77,INGRESO
11538,1,1001,2,1002,2025-05-16 14:56:30,240303.21,INGRESO
11539,1,1001,2,1002,2025-05-16 20:08:08,4490784.61,INGRESO
11540,1,1001,2,1002,2025-05-16 21:42:26,7569372.72,EGRESO
11541,1,1001,2,1002,2025-05-17 04:01:45,968522.14,EGRESO
11542,1,1001,2,1002,2025-05-17 15:10:46,8047913.78,INGRESO
11543,1,1001,2,1002,2025-05-17 16:49:18,8748599.75,INGRESO
11544,1,1001,2,1002,2025-05-17 18:28:46,5711892.84,EGRESO
11545,1,1001,2,1002,2025-05-17 19:38:50,2135417.89,EGRESO
11546,1,1001,2,1002,2025-05-18 04:03:38,9669551.30,INGRESO
11547,1,1001,2,1002,2025-05-18 06:41:49,7088059.27,INGRESO
11548,1,1001,2,1002,2025-05-18 06:48:09,1816992.73,EGRESO
11549,1,1001,2,1002,2025-05-18 14:59:37,4148702.96,INGRESO
11550,1,1001,2,1002,2025-05-19 03:24:36,6816701.85,INGRESO
11551,1,1001,2,1002,2025-05-19 16:07:21,3911270.19,EGRESO
11552,1,1001,2,1002,2025-05-19 19:46:11,1104276.25,EGRESO
11553,1,1001,2,1002,2025-05-19 22:50:07,8599712.08,INGRESO
11554,1,1001,2,1002,2025-05-20 03:33:19,9151898.38,INGRESO
11555,1,1001,2,1002,2025-05-20 12:52:06,3941026.69,EGRESO
11556,1,1001,2,1002,2025-05-20 13:33:43,579168.78,EGRESO
11557,1,1001,2,1002,2025-05-20 17:37:54,7638314.88,EGRESO
11558,1,1001,2,1002,2025-05-20 22:13:14,2890526.65,INGRESO
11559,1,1001,2,1002,2025-05-21 03:21:43,3826514.20,INGRESO
11560,1,1001,2,1002,2025-05-21 06:40:32,1620945.59,INGRESO
11561,1,1001,2,1002,2025-05-21 19:11:21,116552.57,EGRESO
11562,1,1001,2,1002,2025-05-21 19:37:59,2590965.82,EGRESO
11563,1,1001,2,1002,2025-05-21 21:52:16,164137.48,INGRESO
11564,1,1001,2,1002,2025-05-22 07:21:20,7528477.53,INGRESO
11565,1,1001,2,1002,2025-05-22 13:11:59,5299538.23,EGRESO
11566,1,1001,2,1002,2025-05-22 16:59:59,945069.39,EGRESO
11567,1,1001,2,1002,2025-05-22 17:28:27,8295763.14,EGRESO
11568,1,1001,2,1002,2025-05-23 05:16:10,1096480.93,EGRESO
11569,1,1001,2,1002,2025-05-23 06:47:52,880236.87,EGRESO
11570,1,1001,2,1002,2025-05-23 07:31:54,4950301.94,INGRESO
11571,1,1001,2,1002,2025-05-23 17:05:14,788959.73,EGRESO
11572,1,1001,2,1002,2025-05-24 08:47:58,6293678.48,INGRESO
11573,1,1001,2,1002,2025-05-24 12:13:01,9433143.45,INGRESO
11574,1,1001,2,1002,2025-05-24 18:43:17,1538293.11,EGRESO
11575,1,1001,2,1002,2025-05-24 22:14:05,7453507.78,EGRESO
11576,1,1001,2,1002,2025-05-25 11:00:04,1173814.58,EGRESO
11577,1,1001,2,1002,2025-05-25 15:06:26,9149331.76,INGRESO
11578,1,1001,2,1002,2025-05-25 16:20:26,4233614.54,INGRESO
11579,1,1001,2,1002,2025-05-25 18:07:23,5269891.09,EGRESO
11580,1,1001,2,1002,2025-05-26 00:29:42,9126828.01,EGRESO
11581,1,1001,2,1002,2025-05-26 08:08:30,1933076.69,INGRESO
11582,1,1001,2,1002,2025-05-26 14:16:08,5965650.31,EGRESO
11583,1,1001,2,1002,2025-05-26 14:32:01,3158959.88,INGRESO
11584,1,1001,2,1002,2025-05-26 15:16:41,8983756.86,INGRESO
11585,1,1001,2,1002,2025-05-27 13:10:13,7256341.27,EGRESO
11586,1,1001,2,1002,2025-05-27 15:50:30,5415804.63,INGRESO
11587,1,1001,2,1002,2025-05-27 17:07:43,773203.58,EGRESO
11588,1,1001,2,1002,2025-05-27 17:35:10,9210985.12,EGRESO
11589,1,1001,2,1002,2025-05-27 17:57:41,1265442.81,EGRESO
11590,1,1001,2,1002,2025-05-28 00:25:55,5728550.28,INGRESO
11591,1,1001,2,1002,2025-05-28 07:47:17,1740478.97,EGRESO
11592,1,1001,2,1002,2025-05-28 10:29:17,5989339.46,EGRESO
11593,1,1001,2,1002,2025-05-28 12:41:13,3000462.07,EGRESO
11594,1,1001,2,1002,2025-05-29 02:19:40,4782697.46,INGRESO
11595,1,1001,2,1002,2025-05-29 06:02:37,3577966.99,EGRESO
11596,1,1001,2,1002,2025-05-29 07:31:33,2842489.00,INGRESO
11597,1,1001,2,1002,2025-05-29 10:31:09,1178965.23,EGRESO
11598,1,1001,2,1002,2025-05-29 19:52:15,5508825.98,INGRESO
11599,1,1001,2,1002,2025-05-30 03:17:26,3570894.86,EGRESO
11600,1,1001,2,1002,2025-05-30 03:20:33,3431508.49,INGRESO
11601,1,1001,2,1002,2025-05-30 05:34:08,5705621.41,EGRESO
11602,1,1001,2,1002,2025-05-30 07:28:42,4109583.82,INGRESO
11603,1,1001,2,1002,2025-05-30 12:57:51,8140806.07,EGRESO
11604,1,1001,2,1002,2025-05-30 18:49:56,6599078.74,EGRESO
11605,1,1001,2,1002,2025-05-31 01:31:43,6183009.04,EGRESO
11606,1,1001,2,1002,2025-05-31 05:13:37,4628227.09,INGRESO
11607,1,1001,2,1002,2025-05-31 09:53:21,9028479.62,INGRESO
11608,1,1001,2,1002,2025-05-31 11:47:47,3664610.43,EGRESO
11609,1,1001,2,1002,2025-05-31 18:36:30,1058583.39,INGRESO
11610,1,1001,2,1002,2025-06-01 06:20:51,4017767.11,INGRESO
11611,1,1001,2,1002,2025-06-01 06:50:55,6638306.08,INGRESO
11612,1,1001,2,1002,2025-06-01 11:09:17,5868704.41,EGRESO
11613,1,1001,2,1002,2025-06-01 16:11:09,2496738.47,EGRESO
11614,1,1001,2,1002,2025-06-02 04:01:34,5160632.68,EGRESO
11615,1,1001,2,1002,2025-06-02 04:06:21,4178049.83,EGRESO
11616,1,1001,2,1002,2025-06-02 08:29:28,2850090.41,EGRESO
11617,1,1001,2,1002,2025-06-02 20:20:31,1359932.19,INGRESO
11618,1,1001,2,1002,2025-06-02 21:45:26,724066.63,INGRESO
11619,1,1001,2,1002,2025-06-03 00:22:18,3648691.29,INGRESO
11620,1,1001,2,1002,2025-06-03 03:13:48,1430851.40,EGRESO
11621,1,1001,2,1002,2025-06-03 18:55:52,2504634.91,INGRESO
11622,1,1001,2,1002,2025-06-03 21:48:16,8672446.56,EGRESO
11623,1,1001,2,1002,2025-06-03 23:35:17,5855979.37,EGRESO
11624,1,1001,2,1002,2025-06-04 11:16:00,3159053.77,EGRESO
11625,1,1001,2,1002,2025-06-04 16:12:53,8021865.95,INGRESO
11626,1,1001,2,1002,2025-06-04 19:58:17,656976.47,EGRESO
11627,1,1001,2,1002,2025-06-04 20:01:32,8107091.16,INGRESO
11628,1,1001,2,1002,2025-06-04 22:25:18,2588888.99,EGRESO
11629,1,1001,2,1002,2025-06-05 06:35:52,3260360.35,EGRESO
11630,1,1001,2,1002,2025-06-05 06:39:46,5078967.94,INGRESO
11631,1,1001,2,1002,2025-06-05 19:14:14,5265686.50,INGRESO
11632,1,1001,2,1002,2025-06-05 22:06:30,8180756.40,INGRESO
11633,1,1001,2,1002,2025-06-06 03:06:07,3879244.19,EGRESO
11634,1,1001,2,1002,2025-06-06 05:29:10,6279362.77,EGRESO
11635,1,1001,2,1002,2025-06-06 06:45:15,784641.64,INGRESO
11636,1,1001,2,1002,2025-06-06 14:59:46,4846892.19,INGRESO
11637,1,1001,2,1002,2025-06-07 01:22:47,878142.92,EGRESO
11638,1,1001,2,1002,2025-06-07 02:16:38,8570531.91,INGRESO
11639,1,1001,2,1002,2025-06-07 15:10:44,3063721.69,INGRESO
11640,1,1001,2,1002,2025-06-07 19:17:12,7996814.71,INGRESO
11641,1,1001,2,1002,2025-06-08 10:17:53,192963.74,EGRESO
11642,1,1001,2,1002,2025-06-08 17:01:02,2571244.57,INGRESO
11643,1,1001,2,1002,2025-06-08 18:36:15,1133234.25,INGRESO
11644,1,1001,2,1002,2025-06-08 20:22:40,9594721.63,EGRESO
11645,1,1001,2,1002,2025-06-09 00:46:06,4303330.81,INGRESO
11646,1,1001,2,1002,2025-06-09 02:29:31,3419044.76,EGRESO
11647,1,1001,2,1002,2025-06-09 10:06:34,4261161.24,EGRESO
11648,1,1001,2,1002,2025-06-09 13:39:31,1788766.88,EGRESO
11649,1,1001,2,1002,2025-06-09 19:13:39,7257501.76,INGRESO
11650,1,1001,2,1002,2025-06-09 22:31:36,8016171.13,INGRESO
11651,1,1001,2,1002,2025-06-10 02:44:12,3228768.02,EGRESO
11652,1,1001,2,1002,2025-06-10 09:36:39,424759.83,INGRESO
11653,1,1001,2,1002,2025-06-10 17:16:00,2996223.60,EGRESO
11654,1,1001,2,1002,2025-06-10 19:18:54,8065124.25,EGRESO
11655,1,1001,2,1002,2025-06-11 00:24:30,8498446.34,EGRESO
11656,1,1001,2,1002,2025-06-11 05:31:46,4167582.29,INGRESO
11657,1,1001,2,1002,2025-06-11 05:51:45,7165364.94,EGRESO
11658,1,1001,2,1002,2025-06-11 06:07:51,1947853.18,EGRESO
11659,1,1001,2,1002,2025-06-11 17:23:21,9570516.68,EGRESO
11660,1,1001,2,1002,2025-06-12 01:21:46,3062692.68,INGRESO
11661,1,1001,2,1002,2025-06-12 11:23:52,6026372.41,INGRESO
11662,1,1001,2,1002,2025-06-12 13:21:10,4062280.76,INGRESO
11663,1,1001,2,1002,2025-06-12 20:23:51,9068206.72,EGRESO
11664,1,1001,2,1002,2025-06-12 23:05:51,8689175.35,EGRESO
11665,1,1001,2,1002,2025-06-13 01:16:20,2341320.75,INGRESO
11666,1,1001,2,1002,2025-06-13 02:40:33,2401195.22,INGRESO
11667,1,1001,2,1002,2025-06-13 04:41:40,6477854.16,EGRESO
11668,1,1001,2,1002,2025-06-13 07:19:02,7804460.83,EGRESO
11669,1,1001,2,1002,2025-06-14 00:15:20,1212346.44,INGRESO
11670,1,1001,2,1002,2025-06-14 02:03:43,5584053.13,INGRESO
11671,1,1001,2,1002,2025-06-14 05:52:35,936436.54,EGRESO
11672,1,1001,2,1002,2025-06-14 07:02:50,7211547.97,EGRESO
11673,1,1001,2,1002,2025-06-14 09:36:18,6926072.90,INGRESO
11674,1,1001,2,1002,2025-06-15 04:30:43,5725798.38,INGRESO
11675,1,1001,2,1002,2025-06-15 07:44:29,3962720.96,INGRESO
11676,1,1001,2,1002,2025-06-15 11:25:34,6149133.65,EGRESO
11677,1,1001,2,1002,2025-06-15 13:01:03,4304178.20,INGRESO
11678,1,1001,2,1002,2025-06-16 03:04:26,743029.17,INGRESO
11679,1,1001,2,1002,2025-06-16 04:43:42,9092898.06,INGRESO
11680,1,1001,2,1002,2025-06-16 17:09:13,655220.33,INGRESO
11681,1,1001,2,1002,2025-06-16 18:23:56,2800004.05,INGRESO
11682,1,1001,2,1002,2025-06-17 04:03:29,9799780.19,INGRESO
11683,1,1001,2,1002,2025-06-17 12:36:01,825726.29,INGRESO
11684,1,1001,2,1002,2025-06-17 16:09:04,9773514.20,EGRESO
11685,1,1001,2,1002,2025-06-17 17:56:45,554021.55,INGRESO
11686,1,1001,2,1002,2025-06-18 02:21:45,8666895.53,EGRESO
11687,1,1001,2,1002,2025-06-18 02:38:10,2938951.13,INGRESO
11688,1,1001,2,1002,2025-06-18 06:13:53,2745917.75,INGRESO
11689,1,1001,2,1002,2025-06-18 18:00:16,4356876.91,INGRESO
11690,1,1001,2,1002,2025-06-18 18:36:38,8087263.73,EGRESO
11691,1,1001,2,1002,2025-06-19 05:43:12,8193444.44,INGRESO
11692,1,1001,2,1002,2025-06-19 08:33:09,9062337.53,EGRESO
11693,1,1001,2,1002,2025-06-19 19:10:59,9633475.12,INGRESO
11694,1,1001,2,1002,2025-06-19 20:34:13,7249472.79,INGRESO
11695,1,1001,2,1002,2025-06-20 04:29:33,8711864.21,INGRESO
11696,1,1001,2,1002,2025-06-20 06:11:13,2358868.20,INGRESO
11697,1,1001,2,1002,2025-06-20 07:53:58,7594462.55,INGRESO
11698,1,1001,2,1002,2025-06-20 11:41:10,109599.14,EGRESO
11699,1,1001,2,1002,2025-06-21 07:08:19,2176363.55,EGRESO
11700,1,1001,2,1002,2025-06-21 08:00:50,126484.51,INGRESO
11701,1,1001,2,1002,2025-06-21 12:09:39,2862969.62,INGRESO
11702,1,1001,2,1002,2025-06-21 22:21:31,3117919.91,INGRESO
11703,1,1001,2,1002,2025-06-22 00:52:55,2585242.71,INGRESO
11704,1,1001,2,1002,2025-06-22 02:28:12,3930020.82,EGRESO
11705,1,1001,2,1002,2025-06-22 11:48:47,2255033.96,INGRESO
11706,1,1001,2,1002,2025-06-22 13:25:53,4624776.83,INGRESO
11707,1,1001,2,1002,2025-06-22 20:52:10,7663024.74,EGRESO
11708,1,1001,2,1002,2025-06-23 03:11:01,4761651.99,EGRESO
11709,1,1001,2,1002,2025-06-23 10:25:19,4256949.18,EGRESO
11710,1,1001,2,1002,2025-06-23 13:06:39,1962442.76,EGRESO
11711,1,1001,2,1002,2025-06-23 13:10:54,3866757.26,EGRESO
11712,1,1001,2,1002,2025-06-23 18:29:04,503225.69,EGRESO
11713,1,1001,2,1002,2025-06-24 08:40:52,6417034.00,INGRESO
11714,1,1001,2,1002,2025-06-24 12:49:25,7631449.73,EGRESO
11715,1,1001,2,1002,2025-06-24 14:47:03,7831204.24,INGRESO
11716,1,1001,2,1002,2025-06-24 23:00:54,8406739.07,EGRESO
11717,1,1001,2,1002,2025-06-25 05:06:08,1286222.88,EGRESO
11718,1,1001,2,1002,2025-06-25 08:11:19,9202260.67,INGRESO
11719,1,1001,2,1002,2025-06-25 09:32:12,3669966.81,INGRESO
11720,1,1001,2,1002,2025-06-25 21:16:10,313969.47,INGRESO
11721,1,1001,2,1002,2025-06-25 21:34:22,4135657.10,INGRESO
11722,1,1001,2,1002,2025-06-26 00:34:52,4263769.90,EGRESO
11723,1,1001,2,1002,2025-06-26 05:26:15,8126942.83,INGRESO
11724,1,1001,2,1002,2025-06-26 10:56:51,59956.68,INGRESO
11725,1,1001,2,1002,2025-06-26 23:00:14,9345078.27,EGRESO
11726,1,1001,2,1002,2025-06-27 00:14:06,9943816.50,EGRESO
11727,1,1001,2,1002,2025-06-27 02:59:58,347925.79,EGRESO
11728,1,1001,2,1002,2025-06-27 09:42:58,2803181.89,EGRESO
11729,1,1001,2,1002,2025-06-27 11:58:37,4348098.35,INGRESO
11730,1,1001,2,1002,2025-06-27 17:21:57,4575462.35,INGRESO
11731,1,1001,2,1002,2025-06-27 19:51:27,4088462.60,EGRESO
11732,1,1001,2,1002,2025-06-28 02:39:21,999543.55,EGRESO
11733,1,1001,2,1002,2025-06-28 17:21:40,2619760.85,INGRESO
11734,1,1001,2,1002,2025-06-28 18:34:35,8768574.26,INGRESO
11735,1,1001,2,1002,2025-06-28 18:43:47,6221959.98,INGRESO
11736,1,1001,2,1002,2025-06-28 20:19:42,9034048.00,EGRESO
11737,1,1001,2,1002,2025-06-29 05:39:32,4088139.09,INGRESO
11738,1,1001,2,1002,2025-06-29 09:26:46,5460162.58,EGRESO
11739,1,1001,2,1002,2025-06-29 09:27:05,9927167.97,EGRESO
11740,1,1001,2,1002,2025-06-29 17:46:22,7029778.39,EGRESO
11741,1,1001,2,1002,2025-06-29 21:27:18,8032879.66,INGRESO
11742,1,1001,2,1002,2025-06-30 05:52:47,5294046.43,EGRESO
11743,1,1001,2,1002,2025-06-30 07:30:23,4555870.67,INGRESO
11744,1,1001,2,1002,2025-06-30 08:25:56,48858.88,EGRESO
11745,1,1001,2,1002,2025-06-30 16:58:28,5679708.94,EGRESO
11746,1,1001,2,1002,2025-07-01 00:08:01,333406.44,EGRESO
11747,1,1001,2,1002,2025-07-01 09:47:23,1113240.46,INGRESO
11748,1,1001,2,1002,2025-07-01 13:14:14,2298398.24,EGRESO
11749,1,1001,2,1002,2025-07-01 22:32:11,2893527.15,EGRESO
11750,1,1001,2,1002,2025-07-02 00:19:03,3354900.15,EGRESO
11751,1,1001,2,1002,2025-07-02 04:05:54,1979564.00,INGRESO
11752,1,1001,2,1002,2025-07-02 09:42:27,3344442.51,EGRESO
11753,1,1001,2,1002,2025-07-02 20:10:14,5650709.91,INGRESO
11754,1,1001,2,1002,2025-07-02 22:58:17,7988131.58,EGRESO
11755,1,1001,2,1002,2025-07-03 10:32:06,4744442.08,INGRESO
11756,1,1001,2,1002,2025-07-03 17:06:56,2841521.05,EGRESO
11757,1,1001,2,1002,2025-07-03 18:01:36,653418.15,EGRESO
11758,1,1001,2,1002,2025-07-03 18:53:34,4434950.27,EGRESO
11759,1,1001,2,1002,2025-07-04 16:14:01,9502855.41,INGRESO
11760,1,1001,2,1002,2025-07-04 18:30:04,3648283.57,EGRESO
11761,1,1001,2,1002,2025-07-04 20:14:11,9009819.81,EGRESO
11762,1,1001,2,1002,2025-07-04 22:40:06,5220475.21,EGRESO
11763,1,1001,2,1002,2025-07-05 02:38:46,4741371.84,INGRESO
11764,1,1001,2,1002,2025-07-05 04:45:29,7525266.41,EGRESO
11765,1,1001,2,1002,2025-07-05 06:11:43,7961013.26,INGRESO
11766,1,1001,2,1002,2025-07-05 18:07:19,1111006.02,INGRESO
11767,1,1001,2,1002,2025-07-06 00:46:15,4846469.37,INGRESO
11768,1,1001,2,1002,2025-07-06 04:02:44,8059674.80,EGRESO
11769,1,1001,2,1002,2025-07-06 09:36:54,9233261.26,INGRESO
11770,1,1001,2,1002,2025-07-06 11:04:53,5149776.18,EGRESO
11771,1,1001,2,1002,2025-07-06 14:31:55,9531101.30,INGRESO
11772,1,1001,2,1002,2025-07-07 01:08:19,6683117.97,EGRESO
11773,1,1001,2,1002,2025-07-07 02:33:41,2545705.49,INGRESO
11774,1,1001,2,1002,2025-07-07 09:02:26,5139222.59,INGRESO
11775,1,1001,2,1002,2025-07-07 09:18:22,7623546.60,EGRESO
11776,1,1001,2,1002,2025-07-07 19:39:39,1556685.95,INGRESO
11777,1,1001,2,1002,2025-07-08 07:05:58,9065047.10,INGRESO
11778,1,1001,2,1002,2025-07-08 11:47:29,3598848.98,INGRESO
11779,1,1001,2,1002,2025-07-08 14:21:49,3239050.04,EGRESO
11780,1,1001,2,1002,2025-07-08 16:57:14,265708.62,INGRESO
11781,1,1001,2,1002,2025-07-09 06:05:52,7942284.72,EGRESO
11782,1,1001,2,1002,2025-07-09 14:34:19,715423.95,EGRESO
11783,1,1001,2,1002,2025-07-09 19:09:34,5158234.85,EGRESO
11784,1,1001,2,1002,2025-07-09 20:52:16,6866704.70,EGRESO
11785,1,1001,2,1002,2025-07-10 18:09:38,4971539.31,INGRESO
11786,1,1001,2,1002,2025-07-10 18:29:21,7669924.53,EGRESO
11787,1,1001,2,1002,2025-07-10 18:51:10,7630009.54,EGRESO
11788,1,1001,2,1002,2025-07-10 22:29:51,6563020.44,INGRESO
11789,1,1001,2,1002,2025-07-11 05:45:44,1570450.35,EGRESO
11790,1,1001,2,1002,2025-07-11 07:51:19,7187114.24,EGRESO
11791,1,1001,2,1002,2025-07-11 09:30:18,5242799.80,INGRESO
11792,1,1001,2,1002,2025-07-11 12:22:08,8400469.97,INGRESO
11793,1,1001,2,1002,2025-07-11 18:02:26,1048143.51,INGRESO
11794,1,1001,2,1002,2025-07-11 19:36:11,1369583.92,EGRESO
11795,1,1001,2,1002,2025-07-12 02:48:57,2357989.69,INGRESO
11796,1,1001,2,1002,2025-07-12 10:02:34,5789533.38,EGRESO
11797,1,1001,2,1002,2025-07-12 18:34:15,1158415.34,INGRESO
11798,1,1001,2,1002,2025-07-12 20:52:02,8420377.05,EGRESO
11799,1,1001,2,1002,2025-07-12 23:14:11,7489705.57,INGRESO
11800,1,1001,2,1002,2025-07-13 00:16:00,8453392.85,EGRESO
11801,1,1001,2,1002,2025-07-13 06:34:43,4944194.68,EGRESO
11802,1,1001,2,1002,2025-07-13 16:09:12,109849.15,INGRESO
11803,1,1001,2,1002,2025-07-13 18:52:42,1242634.90,EGRESO
11804,1,1001,2,1002,2025-07-14 07:29:21,842959.75,EGRESO
11805,1,1001,2,1002,2025-07-14 10:46:43,4661104.03,EGRESO
11806,1,1001,2,1002,2025-07-14 12:44:43,3390141.80,EGRESO
11807,1,1001,2,1002,2025-07-14 15:54:21,9409208.94,INGRESO
11808,1,1001,2,1002,2025-07-14 17:01:12,2488783.29,INGRESO
11809,1,1001,2,1002,2025-07-15 02:13:44,1919977.49,EGRESO
11810,1,1001,2,1002,2025-07-15 02:49:20,5993400.64,INGRESO
11811,1,1001,2,1002,2025-07-15 09:17:02,941003.91,INGRESO
11812,1,1001,2,1002,2025-07-15 10:23:35,8205591.26,INGRESO
11813,1,1001,2,1002,2025-07-15 16:33:06,8291865.61,INGRESO
11814,1,1001,2,1002,2025-07-16 01:11:33,8186100.66,EGRESO
11815,1,1001,2,1002,2025-07-16 05:27:42,1975251.62,EGRESO
11816,1,1001,2,1002,2025-07-16 10:51:24,8886950.54,INGRESO
11817,1,1001,2,1002,2025-07-16 14:58:30,632561.63,EGRESO
11818,1,1001,2,1002,2025-07-16 21:43:03,7728069.13,INGRESO
11819,1,1001,2,1002,2025-07-17 04:38:46,6514606.62,EGRESO
11820,1,1001,2,1002,2025-07-17 09:21:41,1714580.10,INGRESO
11821,1,1001,2,1002,2025-07-17 13:32:04,4900525.05,EGRESO
11822,1,1001,2,1002,2025-07-17 15:49:55,4936430.89,EGRESO
11823,1,1001,2,1002,2025-07-17 18:45:19,2181588.66,EGRESO
11824,1,1001,2,1002,2025-07-18 00:23:27,5684742.06,EGRESO
11825,1,1001,2,1002,2025-07-18 12:35:25,4823184.61,EGRESO
11826,1,1001,2,1002,2025-07-18 16:23:49,6188795.83,INGRESO
11827,1,1001,2,1002,2025-07-18 19:17:42,5747352.78,EGRESO
11828,1,1001,2,1002,2025-07-18 19:49:32,9952571.13,INGRESO
11829,1,1001,2,1002,2025-07-19 00:10:24,7827533.44,INGRESO
11830,1,1001,2,1002,2025-07-19 03:10:56,3279279.69,INGRESO
11831,1,1001,2,1002,2025-07-19 04:01:08,8563057.74,EGRESO
11832,1,1001,2,1002,2025-07-19 09:38:01,9127811.82,EGRESO
11833,1,1001,2,1002,2025-07-20 02:50:34,8917422.20,INGRESO
11834,1,1001,2,1002,2025-07-20 03:50:56,8449587.21,EGRESO
11835,1,1001,2,1002,2025-07-20 09:05:28,9414517.91,EGRESO
11836,1,1001,2,1002,2025-07-20 15:03:02,2199301.09,EGRESO
11837,1,1001,2,1002,2025-07-20 20:21:59,7795728.84,INGRESO
11838,1,1001,2,1002,2025-07-20 23:20:46,8570893.25,EGRESO
11839,1,1001,2,1002,2025-07-21 02:45:51,6355976.79,EGRESO
11840,1,1001,2,1002,2025-07-21 06:58:56,9443796.75,EGRESO
11841,1,1001,2,1002,2025-07-21 11:34:40,5279348.59,EGRESO
11842,1,1001,2,1002,2025-07-21 19:11:09,6889568.87,EGRESO
11843,1,1001,2,1002,2025-07-22 01:30:52,3766883.20,INGRESO
11844,1,1001,2,1002,2025-07-22 03:06:46,3518619.28,INGRESO
11845,1,1001,2,1002,2025-07-22 08:53:41,2919697.69,INGRESO
11846,1,1001,2,1002,2025-07-22 21:08:57,5122181.28,INGRESO
11847,1,1001,2,1002,2025-07-23 04:38:57,8399233.65,INGRESO
11848,1,1001,2,1002,2025-07-23 06:27:13,1859188.79,INGRESO
11849,1,1001,2,1002,2025-07-23 08:17:53,7003481.21,INGRESO
11850,1,1001,2,1002,2025-07-23 11:50:18,9424880.16,EGRESO
11851,1,1001,2,1002,2025-07-23 12:22:31,1391972.41,INGRESO
11852,1,1001,2,1002,2025-07-23 15:57:59,2665576.38,INGRESO
11853,1,1001,2,1002,2025-07-23 20:30:05,9061373.05,EGRESO
11854,1,1001,2,1002,2025-07-24 03:21:18,4896024.93,EGRESO
11855,1,1001,2,1002,2025-07-24 04:54:12,5394147.59,INGRESO
11856,1,1001,2,1002,2025-07-24 08:45:55,9216962.18,EGRESO
11857,1,1001,2,1002,2025-07-24 17:17:43,9592451.05,INGRESO
11858,1,1001,2,1002,2025-07-25 00:31:30,558140.05,INGRESO
11859,1,1001,2,1002,2025-07-25 01:37:49,9872958.38,INGRESO
11860,1,1001,2,1002,2025-07-25 02:54:54,9891203.35,INGRESO
11861,1,1001,2,1002,2025-07-25 20:16:30,2977829.81,EGRESO
11862,1,1001,2,1002,2025-07-26 04:14:44,5378167.25,EGRESO
11863,1,1001,2,1002,2025-07-26 04:41:13,1279912.25,INGRESO
11864,1,1001,2,1002,2025-07-26 04:52:26,1982179.92,INGRESO
11865,1,1001,2,1002,2025-07-26 09:41:25,1689577.99,EGRESO
11866,1,1001,2,1002,2025-07-26 11:29:05,2218386.48,INGRESO
11867,1,1001,2,1002,2025-07-26 12:30:56,736528.84,EGRESO
11868,1,1001,2,1002,2025-07-26 16:22:40,4082734.73,INGRESO
11869,1,1001,2,1002,2025-07-27 01:54:06,7175573.07,INGRESO
11870,1,1001,2,1002,2025-07-27 19:30:47,3088582.23,EGRESO
11871,1,1001,2,1002,2025-07-27 19:44:05,3602100.27,EGRESO
11872,1,1001,2,1002,2025-07-27 20:57:39,7701332.66,EGRESO
11873,1,1001,2,1002,2025-07-27 22:28:06,3568051.47,EGRESO
11874,1,1001,2,1002,2025-07-28 09:27:15,9262787.23,INGRESO
11875,1,1001,2,1002,2025-07-28 14:05:43,7341267.66,EGRESO
11876,1,1001,2,1002,2025-07-28 18:37:51,9793461.89,EGRESO
11877,1,1001,2,1002,2025-07-28 21:56:03,8430910.96,INGRESO
11878,1,1001,2,1002,2025-07-29 10:39:27,8053971.03,INGRESO
11879,1,1001,2,1002,2025-07-29 11:17:05,9909994.85,INGRESO
11880,1,1001,2,1002,2025-07-29 11:29:33,2583730.02,EGRESO
11881,1,1001,2,1002,2025-07-29 15:20:47,305565.74,INGRESO
11882,1,1001,2,1002,2025-07-29 23:54:57,722716.31,INGRESO
11883,1,1001,2,1002,2025-07-30 04:22:11,2853003.97,INGRESO
11884,1,1001,2,1002,2025-07-30 06:37:36,6097352.24,EGRESO
11885,1,1001,2,1002,2025-07-30 21:26:43,929285.79,EGRESO
11886,1,1001,2,1002,2025-07-30 23:44:07,1723093.15,EGRESO
11887,1,1001,2,1002,2025-07-31 03:54:22,5522873.97,EGRESO
11888,1,1001,2,1002,2025-07-31 10:29:52,7402192.98,EGRESO
11889,1,1001,2,1002,2025-07-31 18:25:55,6761037.96,INGRESO
11890,1,1001,2,1002,2025-07-31 21:46:32,3596849.52,INGRESO
11891,1,1001,2,1002,2025-08-01 02:16:42,579520.01,EGRESO
11892,1,1001,2,1002,2025-08-01 03:51:32,7227482.05,INGRESO
11893,1,1001,2,1002,2025-08-01 12:58:30,4451310.42,INGRESO
11894,1,1001,2,1002,2025-08-01 13:26:14,6882202.14,INGRESO
11895,1,1001,2,1002,2025-08-01 17:25:03,4403325.65,INGRESO
11896,1,1001,2,1002,2025-08-02 09:47:09,3542202.26,INGRESO
11897,1,1001,2,1002,2025-08-02 11:52:30,8356496.87,INGRESO
11898,1,1001,2,1002,2025-08-02 14:27:03,5958762.19,INGRESO
11899,1,1001,2,1002,2025-08-02 20:50:41,495244.44,INGRESO
11900,1,1001,2,1002,2025-08-02 22:08:06,4356350.66,INGRESO
11901,1,1001,2,1002,2025-08-03 04:46:56,857812.39,EGRESO
11902,1,1001,2,1002,2025-08-03 10:16:21,6260315.30,INGRESO
11903,1,1001,2,1002,2025-08-03 16:10:41,747333.77,EGRESO
11904,1,1001,2,1002,2025-08-03 16:35:51,8827486.21,EGRESO
11905,1,1001,2,1002,2025-08-03 19:35:04,9690006.80,EGRESO
11906,1,1001,2,1002,2025-08-03 21:25:12,4713668.65,INGRESO
11907,1,1001,2,1002,2025-08-04 06:42:54,3592597.35,INGRESO
11908,1,1001,2,1002,2025-08-04 10:00:23,3359853.57,INGRESO
11909,1,1001,2,1002,2025-08-04 10:17:25,757501.13,EGRESO
11910,1,1001,2,1002,2025-08-04 23:10:27,8275214.91,EGRESO
11911,1,1001,2,1002,2025-08-05 01:00:50,2821892.76,EGRESO
11912,1,1001,2,1002,2025-08-05 04:05:48,588052.63,INGRESO
11913,1,1001,2,1002,2025-08-05 08:45:51,262598.01,INGRESO
11914,1,1001,2,1002,2025-08-05 19:38:10,619119.52,EGRESO
11915,1,1001,2,1002,2025-08-06 00:35:54,6517066.24,EGRESO
11916,1,1001,2,1002,2025-08-06 04:35:00,7482232.61,EGRESO
11917,1,1001,2,1002,2025-08-06 13:07:00,138607.93,INGRESO
11918,1,1001,2,1002,2025-08-06 19:30:21,6010199.35,EGRESO
11919,1,1001,2,1002,2025-08-07 10:28:58,285632.78,INGRESO
11920,1,1001,2,1002,2025-08-07 11:03:26,105581.47,INGRESO
11921,1,1001,2,1002,2025-08-07 11:38:51,9179010.51,EGRESO
11922,1,1001,2,1002,2025-08-07 18:11:57,9256603.11,INGRESO
11923,1,1001,2,1002,2025-08-08 02:25:18,7607331.93,EGRESO
11924,1,1001,2,1002,2025-08-08 07:53:52,6029701.79,EGRESO
11925,1,1001,2,1002,2025-08-08 09:05:21,3402555.37,EGRESO
11926,1,1001,2,1002,2025-08-08 18:17:31,2956143.20,INGRESO
11927,1,1001,2,1002,2025-08-09 00:33:24,8204939.67,EGRESO
11928,1,1001,2,1002,2025-08-09 09:14:03,9250044.52,INGRESO
11929,1,1001,2,1002,2025-08-09 17:13:06,1937958.13,INGRESO
11930,1,1001,2,1002,2025-08-09 21:52:07,6615748.82,INGRESO
11931,1,1001,2,1002,2025-08-10 04:29:04,4447229.20,EGRESO
11932,1,1001,2,1002,2025-08-10 05:37:42,1288766.42,EGRESO
11933,1,1001,2,1002,2025-08-10 12:01:28,5378593.68,EGRESO
11934,1,1001,2,1002,2025-08-10 18:30:59,5050635.13,INGRESO
11935,1,1001,2,1002,2025-08-10 20:32:52,7086135.56,EGRESO
11936,1,1001,2,1002,2025-08-11 03:18:30,6522723.60,EGRESO
11937,1,1001,2,1002,2025-08-11 03:45:20,4659238.72,EGRESO
11938,1,1001,2,1002,2025-08-11 04:27:02,5367015.83,INGRESO
11939,1,1001,2,1002,2025-08-11 04:59:52,5629695.72,INGRESO
11940,1,1001,2,1002,2025-08-12 01:33:16,8389399.06,EGRESO
11941,1,1001,2,1002,2025-08-12 08:37:11,8961591.11,INGRESO
11942,1,1001,2,1002,2025-08-12 17:55:52,2302014.70,INGRESO
11943,1,1001,2,1002,2025-08-12 21:41:01,5877632.77,EGRESO
11944,1,1001,2,1002,2025-08-12 21:45:27,6884991.31,EGRESO
11945,1,1001,2,1002,2025-08-13 04:00:57,2896430.60,EGRESO
11946,1,1001,2,1002,2025-08-13 10:55:01,1235778.37,EGRESO
11947,1,1001,2,1002,2025-08-13 22:15:36,7719259.75,EGRESO
11948,1,1001,2,1002,2025-08-13 23:41:58,9894331.75,INGRESO
11949,1,1001,2,1002,2025-08-14 01:41:42,2143287.92,INGRESO
11950,1,1001,2,1002,2025-08-14 02:57:51,10580.59,EGRESO
11951,1,1001,2,1002,2025-08-14 04:24:10,4868181.98,INGRESO
11952,1,1001,2,1002,2025-08-14 14:36:03,8298423.90,EGRESO
11953,1,1001,2,1002,2025-08-14 17:10:27,8970222.77,INGRESO
11954,1,1001,2,1002,2025-08-15 01:42:19,390836.83,EGRESO
11955,1,1001,2,1002,2025-08-15 04:36:30,1744862.84,EGRESO
11956,1,1001,2,1002,2025-08-15 08:03:29,5957278.67,EGRESO
11957,1,1001,2,1002,2025-08-15 13:16:16,5478597.56,INGRESO
11958,1,1001,2,1002,2025-08-16 03:26:16,5736303.93,EGRESO
11959,1,1001,2,1002,2025-08-16 05:18:57,1857100.49,INGRESO
11960,1,1001,2,1002,2025-08-16 15:26:25,9142462.47,INGRESO
11961,1,1001,2,1002,2025-08-16 21:17:56,3126216.71,EGRESO
11962,1,1001,2,1002,2025-08-16 23:31:55,5732359.68,INGRESO
11963,1,1001,2,1002,2025-08-17 08:25:37,6399435.99,INGRESO
11964,1,1001,2,1002,2025-08-17 10:45:35,9942362.37,EGRESO
11965,1,1001,2,1002,2025-08-17 14:33:25,2360784.01,INGRESO
11966,1,1001,2,1002,2025-08-17 17:38:37,3640786.45,INGRESO
11967,1,1001,2,1002,2025-08-18 07:43:02,8778152.09,EGRESO
11968,1,1001,2,1002,2025-08-18 14:04:16,4257641.05,INGRESO
11969,1,1001,2,1002,2025-08-18 17:21:05,4200755.36,INGRESO
11970,1,1001,2,1002,2025-08-18 22:57:36,5510064.75,EGRESO
11971,1,1001,2,1002,2025-08-19 02:13:01,3738505.16,EGRESO
11972,1,1001,2,1002,2025-08-19 06:16:26,6452552.48,EGRESO
11973,1,1001,2,1002,2025-08-19 12:13:57,7987842.17,INGRESO
11974,1,1001,2,1002,2025-08-19 22:37:48,278138.93,INGRESO
11975,1,1001,2,1002,2025-08-19 23:45:48,3825079.52,EGRESO
11976,1,1001,2,1002,2025-08-20 07:34:00,8268506.97,EGRESO
11977,1,1001,2,1002,2025-08-20 18:44:58,3561478.76,INGRESO
11978,1,1001,2,1002,2025-08-20 21:30:00,87094.83,INGRESO
11979,1,1001,2,1002,2025-08-20 22:34:05,5969125.61,EGRESO
11980,1,1001,2,1002,2025-08-21 09:38:47,3280741.61,EGRESO
11981,1,1001,2,1002,2025-08-21 10:06:41,4482214.16,EGRESO
11982,1,1001,2,1002,2025-08-21 17:55:23,2836990.97,EGRESO
11983,1,1001,2,1002,2025-08-21 19:24:35,8261411.08,INGRESO
11984,1,1001,2,1002,2025-08-21 20:05:04,6921070.57,INGRESO
11985,1,1001,2,1002,2025-08-21 21:42:12,3074975.63,EGRESO
11986,1,1001,2,1002,2025-08-22 00:10:45,3603130.93,INGRESO
11987,1,1001,2,1002,2025-08-22 07:46:46,2033865.39,EGRESO
11988,1,1001,2,1002,2025-08-22 07:53:48,9593872.01,INGRESO
11989,1,1001,2,1002,2025-08-22 16:39:58,4116394.94,EGRESO
11990,1,1001,2,1002,2025-08-22 18:47:49,7044827.33,EGRESO
11991,1,1001,2,1002,2025-08-23 05:28:31,450427.70,INGRESO
11992,1,1001,2,1002,2025-08-23 07:36:54,3772151.69,EGRESO
11993,1,1001,2,1002,2025-08-23 14:15:01,4178279.43,INGRESO
11994,1,1001,2,1002,2025-08-23 18:57:44,9479845.48,EGRESO
11995,1,1001,2,1002,2025-08-23 19:14:16,8892040.94,INGRESO
11996,1,1001,2,1002,2025-08-24 02:14:22,1864784.54,INGRESO
11997,1,1001,2,1002,2025-08-24 16:44:58,5364896.22,INGRESO
11998,1,1001,2,1002,2025-08-24 18:30:22,7298935.84,EGRESO
11999,1,1001,2,1002,2025-08-24 21:05:41,1700506.94,EGRESO
12000,1,1001,2,1002,2025-08-24 21:14:26,4630483.08,INGRESO
12001,1,1001,2,1002,2025-08-25 00:15:09,9029321.38,EGRESO
12002,1,1001,2,1002,2025-08-25 16:38:53,7980675.59,EGRESO
12003,1,1001,2,1002,2025-08-25 18:32:48,31618.64,EGRESO
12004,1,1001,2,1002,2025-08-25 18:46:30,1644507.02,INGRESO
12005,1,1001,2,1002,2025-08-26 00:18:31,2193728.50,EGRESO
12006,1,1001,2,1002,2025-08-26 01:35:00,1812133.19,INGRESO
12007,1,1001,2,1002,2025-08-26 04:21:12,1879052.71,INGRESO
12008,1,1001,2,1002,2025-08-26 09:25:56,5814857.43,INGRESO
12009,1,1001,2,1002,2025-08-26 15:36:31,6205590.07,EGRESO
12010,1,1001,2,1002,2025-08-27 07:49:54,206554.74,INGRESO
12011,1,1001,2,1002,2025-08-27 10:25:26,1977478.87,EGRESO
12012,1,1001,2,1002,2025-08-27 11:25:02,2457967.47,EGRESO
12013,1,1001,2,1002,2025-08-27 12:53:39,6854650.24,INGRESO
12014,1,1001,2,1002,2025-08-27 14:56:21,9452960.75,INGRESO
12015,1,1001,2,1002,2025-08-27 17:52:56,894023.06,INGRESO
12016,1,1001,2,1002,2025-08-28 08:55:12,3391963.57,EGRESO
12017,1,1001,2,1002,2025-08-28 10:43:23,8464540.93,EGRESO
12018,1,1001,2,1002,2025-08-28 11:19:06,991325.11,EGRESO
12019,1,1001,2,1002,2025-08-28 13:30:51,9965828.15,INGRESO
12020,1,1001,2,1002,2025-08-28 16:53:13,8321693.22,EGRESO
12021,1,1001,2,1002,2025-08-29 05:48:41,7794943.46,EGRESO
12022,1,1001,2,1002,2025-08-29 10:38:52,7198895.27,INGRESO
12023,1,1001,2,1002,2025-08-29 11:32:13,1693783.06,EGRESO
12024,1,1001,2,1002,2025-08-29 18:13:21,3777048.87,EGRESO
12025,1,1001,2,1002,2025-08-29 19:29:07,2946031.54,INGRESO
12026,1,1001,2,1002,2025-08-29 22:54:29,5777053.16,EGRESO
12027,1,1001,2,1002,2025-08-30 03:59:58,5236557.39,EGRESO
12028,1,1001,2,1002,2025-08-30 11:39:01,4707707.66,EGRESO
12029,1,1001,2,1002,2025-08-30 13:39:58,3266368.11,EGRESO
12030,1,1001,2,1002,2025-08-30 19:01:11,4580985.96,EGRESO
12031,1,1001,2,1002,2025-08-31 05:15:21,6892732.51,EGRESO
12032,1,1001,2,1002,2025-08-31 15:07:43,9735899.75,EGRESO
12033,1,1001,2,1002,2025-08-31 17:14:53,8933243.02,EGRESO
12034,1,1001,2,1002,2025-08-31 21:51:35,2249884.12,EGRESO
12035,1,1001,2,1002,2025-09-01 12:45:09,4417493.26,INGRESO
12036,1,1001,2,1002,2025-09-01 13:11:15,1786469.38,INGRESO
12037,1,1001,2,1002,2025-09-01 14:14:07,8555422.10,INGRESO
12038,1,1001,2,1002,2025-09-01 15:04:56,2790940.43,EGRESO
12039,1,1001,2,1002,2025-09-01 15:58:07,644032.02,EGRESO
12040,1,1001,2,1002,2025-09-01 16:53:11,8591672.23,INGRESO
12041,1,1001,2,1002,2025-09-02 05:05:50,6517102.13,EGRESO
12042,1,1001,2,1002,2025-09-02 06:24:01,5845711.02,INGRESO
12043,1,1001,2,1002,2025-09-02 13:06:33,2016783.79,EGRESO
12044,1,1001,2,1002,2025-09-02 13:26:37,8077814.51,INGRESO
12045,1,1001,2,1002,2025-09-02 18:18:15,9491144.52,INGRESO
12046,1,1001,2,1002,2025-09-03 00:15:05,7008944.62,INGRESO
12047,1,1001,2,1002,2025-09-03 02:03:03,6884483.55,INGRESO
12048,1,1001,2,1002,2025-09-03 06:27:12,4618563.75,INGRESO
12049,1,1001,2,1002,2025-09-03 07:18:15,5625490.42,EGRESO
12050,1,1001,2,1002,2025-09-03 11:31:37,3256652.03,INGRESO
12051,1,1001,2,1002,2025-09-03 12:23:17,4266282.94,INGRESO
12052,1,1001,2,1002,2025-09-04 04:47:57,7166312.56,EGRESO
12053,1,1001,2,1002,2025-09-04 17:20:13,4540468.62,EGRESO
12054,1,1001,2,1002,2025-09-04 17:56:59,2133073.98,INGRESO
12055,1,1001,2,1002,2025-09-04 23:46:34,4874509.01,EGRESO
12056,1,1001,2,1002,2025-09-05 08:12:41,6602261.29,EGRESO
12057,1,1001,2,1002,2025-09-05 08:59:29,8277051.67,INGRESO
12058,1,1001,2,1002,2025-09-05 14:57:57,9005016.44,EGRESO
12059,1,1001,2,1002,2025-09-05 23:57:32,4332130.49,EGRESO
12060,1,1001,2,1002,2025-09-06 00:15:53,117092.59,INGRESO
12061,1,1001,2,1002,2025-09-06 00:52:08,6021868.33,EGRESO
12062,1,1001,2,1002,2025-09-06 07:37:33,4612827.50,EGRESO
12063,1,1001,2,1002,2025-09-06 10:04:00,7898835.24,INGRESO
12064,1,1001,2,1002,2025-09-06 11:35:11,7336988.73,INGRESO
12065,1,1001,2,1002,2025-09-06 11:56:39,3182715.73,EGRESO
12066,1,1001,2,1002,2025-09-07 05:19:44,934074.53,INGRESO
12067,1,1001,2,1002,2025-09-07 09:05:48,9301296.93,INGRESO
12068,1,1001,2,1002,2025-09-07 09:36:31,3408230.09,EGRESO
12069,1,1001,2,1002,2025-09-07 10:41:53,2846812.27,INGRESO
12070,1,1001,2,1002,2025-09-07 14:44:58,2138780.26,EGRESO
12071,1,1001,2,1002,2025-09-08 00:03:37,6617008.48,INGRESO
12072,1,1001,2,1002,2025-09-08 00:44:10,8188280.21,INGRESO
12073,1,1001,2,1002,2025-09-08 19:58:00,9391806.26,INGRESO
12074,1,1001,2,1002,2025-09-08 23:47:07,4252318.28,INGRESO
12075,1,1001,2,1002,2025-09-09 01:52:40,8947261.05,INGRESO
12076,1,1001,2,1002,2025-09-09 02:57:17,5131125.48,INGRESO
12077,1,1001,2,1002,2025-09-09 05:16:24,4502332.38,EGRESO
12078,1,1001,2,1002,2025-09-09 08:21:41,3755179.73,INGRESO
12079,1,1001,2,1002,2025-09-09 10:18:50,8515187.89,EGRESO
12080,1,1001,2,1002,2025-09-09 15:24:51,7933398.60,INGRESO
12081,1,1001,2,1002,2025-09-09 23:03:41,1345764.52,EGRESO
12082,1,1001,2,1002,2025-09-10 02:49:58,4780993.04,EGRESO
12083,1,1001,2,1002,2025-09-10 05:44:27,8058345.11,EGRESO
12084,1,1001,2,1002,2025-09-10 08:18:07,1837164.17,EGRESO
12085,1,1001,2,1002,2025-09-10 21:32:44,6619831.68,INGRESO
12086,1,1001,2,1002,2025-09-10 22:30:50,3787053.21,INGRESO
12087,1,1001,2,1002,2025-09-10 23:27:49,5542068.22,EGRESO
12088,1,1001,2,1002,2025-09-11 02:41:51,8511559.23,EGRESO
12089,1,1001,2,1002,2025-09-11 06:32:36,8527899.55,INGRESO
12090,1,1001,2,1002,2025-09-11 08:47:03,120993.11,INGRESO
12091,1,1001,2,1002,2025-09-11 09:05:19,5616795.58,INGRESO
12092,1,1001,2,1002,2025-09-12 01:25:49,4494017.88,INGRESO
12093,1,1001,2,1002,2025-09-12 02:57:13,1863099.53,INGRESO
12094,1,1001,2,1002,2025-09-12 06:51:27,6729172.66,EGRESO
12095,1,1001,2,1002,2025-09-12 07:43:37,2032940.41,EGRESO
12096,1,1001,2,1002,2025-09-12 20:04:32,4513250.86,EGRESO
12097,1,1001,2,1002,2025-09-13 01:23:10,3704149.98,INGRESO
12098,1,1001,2,1002,2025-09-13 03:11:19,3358018.63,INGRESO
12099,1,1001,2,1002,2025-09-13 06:20:17,282070.20,EGRESO
12100,1,1001,2,1002,2025-09-13 10:24:12,9210623.78,INGRESO
12101,1,1001,2,1002,2025-09-14 02:26:25,9184926.24,INGRESO
12102,1,1001,2,1002,2025-09-14 03:09:07,647124.50,EGRESO
12103,1,1001,2,1002,2025-09-14 05:06:57,2727907.79,EGRESO
12104,1,1001,2,1002,2025-09-14 05:34:00,3950041.99,INGRESO
12105,1,1001,2,1002,2025-09-14 05:48:18,7806965.51,INGRESO
12106,1,1001,2,1002,2025-09-14 13:52:53,8090986.29,EGRESO
12107,1,1001,2,1002,2025-09-15 00:03:37,610012.09,EGRESO
12108,1,1001,2,1002,2025-09-15 03:35:26,4594004.47,EGRESO
12109,1,1001,2,1002,2025-09-15 10:59:27,1165851.30,INGRESO
12110,1,1001,2,1002,2025-09-15 22:37:45,449453.45,INGRESO
12111,1,1001,2,1002,2025-09-16 01:32:01,8273821.99,EGRESO
12112,1,1001,2,1002,2025-09-16 10:26:46,5441326.79,INGRESO
12113,1,1001,2,1002,2025-09-16 12:15:09,5549946.12,INGRESO
12114,1,1001,2,1002,2025-09-16 19:48:33,9436335.29,EGRESO
12115,1,1001,2,1002,2025-09-17 01:22:34,5920051.35,EGRESO
12116,1,1001,2,1002,2025-09-17 03:36:09,6962420.89,INGRESO
12117,1,1001,2,1002,2025-09-17 04:35:25,390469.09,INGRESO
12118,1,1001,2,1002,2025-09-17 20:01:41,872171.35,INGRESO
12119,1,1001,2,1002,2025-09-18 07:14:18,3721134.20,EGRESO
12120,1,1001,2,1002,2025-09-18 10:10:06,2627844.07,INGRESO
12121,1,1001,2,1002,2025-09-18 13:43:01,9613125.33,INGRESO
12122,1,1001,2,1002,2025-09-18 18:27:35,2025257.43,EGRESO
12123,1,1001,2,1002,2025-09-19 04:09:41,2618960.10,EGRESO
12124,1,1001,2,1002,2025-09-19 04:34:37,2209737.39,EGRESO
12125,1,1001,2,1002,2025-09-19 05:38:18,8438701.08,EGRESO
12126,1,1001,2,1002,2025-09-19 07:42:05,7407583.17,INGRESO
12127,1,1001,2,1002,2025-09-20 01:24:39,1314554.92,INGRESO
12128,1,1001,2,1002,2025-09-20 05:46:38,4522868.05,EGRESO
12129,1,1001,2,1002,2025-09-20 09:21:46,3493745.51,INGRESO
12130,1,1001,2,1002,2025-09-20 16:59:00,1506809.37,EGRESO
12131,1,1001,2,1002,2025-09-20 21:32:11,5938619.30,INGRESO
12132,1,1001,2,1002,2025-09-21 00:52:23,1546154.38,EGRESO
12133,1,1001,2,1002,2025-09-21 07:10:58,7551589.83,INGRESO
12134,1,1001,2,1002,2025-09-21 09:14:21,6349912.64,INGRESO
12135,1,1001,2,1002,2025-09-21 19:36:14,579666.53,INGRESO
12136,1,1001,2,1002,2025-09-22 01:33:40,9669731.75,EGRESO
12137,1,1001,2,1002,2025-09-22 13:10:29,9281641.59,EGRESO
12138,1,1001,2,1002,2025-09-22 16:29:38,9443366.46,EGRESO
12139,1,1001,2,1002,2025-09-22 17:16:25,8651684.53,INGRESO
12140,1,1001,2,1002,2025-09-22 23:18:12,3654458.84,EGRESO
12141,1,1001,2,1002,2025-09-23 00:20:16,1461911.00,INGRESO
12142,1,1001,2,1002,2025-09-23 05:57:44,6523861.62,EGRESO
12143,1,1001,2,1002,2025-09-23 13:09:17,7190143.67,EGRESO
12144,1,1001,2,1002,2025-09-23 18:53:51,1570092.56,EGRESO
12145,1,1001,2,1002,2025-09-23 20:34:36,1908412.04,INGRESO
12146,1,1001,2,1002,2025-09-24 04:42:11,7656727.72,EGRESO
12147,1,1001,2,1002,2025-09-24 15:11:22,4599658.96,EGRESO
12148,1,1001,2,1002,2025-09-24 23:39:07,9418093.00,INGRESO
12149,1,1001,2,1002,2025-09-24 23:42:09,4492282.98,EGRESO
12150,1,1001,2,1002,2025-09-25 01:11:47,297934.30,INGRESO
12151,1,1001,2,1002,2025-09-25 16:39:55,9628484.51,INGRESO
12152,1,1001,2,1002,2025-09-25 17:50:08,2673440.75,INGRESO
12153,1,1001,2,1002,2025-09-25 18:46:30,1727720.86,INGRESO
12154,1,1001,2,1002,2025-09-26 06:50:56,4340895.46,EGRESO
12155,1,1001,2,1002,2025-09-26 07:33:35,7172145.13,INGRESO
12156,1,1001,2,1002,2025-09-26 15:04:08,8742420.06,INGRESO
12157,1,1001,2,1002,2025-09-26 18:04:04,6718028.97,INGRESO
12158,1,1001,2,1002,2025-09-26 19:55:35,4515457.77,EGRESO
12159,1,1001,2,1002,2025-09-27 01:04:12,944052.20,EGRESO
12160,1,1001,2,1002,2025-09-27 07:50:48,1980173.24,EGRESO
12161,1,1001,2,1002,2025-09-27 08:03:09,7624486.22,INGRESO
12162,1,1001,2,1002,2025-09-27 11:21:21,2498504.95,EGRESO
12163,1,1001,2,1002,2025-09-27 12:12:09,1463807.47,EGRESO
12164,1,1001,2,1002,2025-09-27 14:21:04,8748795.67,INGRESO
12165,1,1001,2,1002,2025-09-28 03:07:25,5780347.56,EGRESO
12166,1,1001,2,1002,2025-09-28 04:34:08,8214065.83,EGRESO
12167,1,1001,2,1002,2025-09-28 08:10:20,9984875.38,EGRESO
12168,1,1001,2,1002,2025-09-28 16:37:05,1040900.74,INGRESO
12169,1,1001,2,1002,2025-09-28 18:42:22,1180979.32,EGRESO
12170,1,1001,2,1002,2025-09-29 03:35:08,5569167.16,EGRESO
12171,1,1001,2,1002,2025-09-29 07:53:04,8320758.32,INGRESO
12172,1,1001,2,1002,2025-09-29 14:05:56,1565386.17,INGRESO
12173,1,1001,2,1002,2025-09-29 16:28:25,513746.02,EGRESO
12174,1,1001,2,1002,2025-09-29 18:46:42,398497.31,INGRESO
12175,1,1001,2,1002,2025-09-30 03:22:23,5232058.08,INGRESO
12176,1,1001,2,1002,2025-09-30 06:06:53,9480861.96,EGRESO
12177,1,1001,2,1002,2025-09-30 12:35:48,6887450.03,INGRESO
12178,1,1001,2,1002,2025-09-30 18:07:11,5040419.58,INGRESO
12179,1,1001,2,1002,2025-09-30 22:10:59,1292713.08,EGRESO
12180,1,1001,2,1002,2025-09-30 23:46:49,8011505.03,INGRESO
12181,1,1001,2,1002,2025-10-01 01:06:20,1095673.79,EGRESO
12182,1,1001,2,1002,2025-10-01 04:07:02,6145511.66,EGRESO
12183,1,1001,2,1002,2025-10-01 06:39:15,207582.45,INGRESO
12184,1,1001,2,1002,2025-10-01 20:46:02,2194560.18,EGRESO
12185,1,1001,2,1002,2025-10-02 05:18:52,2271971.18,EGRESO
12186,1,1001,2,1002,2025-10-02 11:04:23,3233608.76,INGRESO
12187,1,1001,2,1002,2025-10-02 14:44:02,6327229.74,EGRESO
12188,1,1001,2,1002,2025-10-02 20:06:43,547628.74,INGRESO
12189,1,1001,2,1002,2025-10-02 20:44:34,1458235.88,INGRESO
12190,1,1001,2,1002,2025-10-03 04:52:32,7398382.10,EGRESO
12191,1,1001,2,1002,2025-10-03 05:16:21,8402293.87,EGRESO
12192,1,1001,2,1002,2025-10-03 21:11:36,8210484.53,EGRESO
12193,1,1001,2,1002,2025-10-03 21:43:51,9570307.75,EGRESO
12194,1,1001,2,1002,2025-10-04 04:49:42,1630937.30,INGRESO
12195,1,1001,2,1002,2025-10-04 20:49:18,8234943.89,EGRESO
12196,1,1001,2,1002,2025-10-04 21:08:40,9693323.86,EGRESO
12197,1,1001,2,1002,2025-10-04 21:45:07,654571.32,INGRESO
12198,1,1001,2,1002,2025-10-05 03:19:02,3602740.60,EGRESO
12199,1,1001,2,1002,2025-10-05 06:54:22,2229634.50,EGRESO
12200,1,1001,2,1002,2025-10-05 09:39:40,916523.42,INGRESO
12201,1,1001,2,1002,2025-10-05 21:48:29,407001.37,EGRESO
12202,1,1001,2,1002,2025-10-06 09:16:30,5338551.80,EGRESO
12203,1,1001,2,1002,2025-10-06 11:04:40,6043048.04,EGRESO
12204,1,1001,2,1002,2025-10-06 17:43:31,1269657.45,EGRESO
12205,1,1001,2,1002,2025-10-06 23:19:25,7638837.50,INGRESO
12206,1,1001,2,1002,2025-10-07 00:28:56,6285445.56,EGRESO
12207,1,1001,2,1002,2025-10-07 02:01:15,445019.01,INGRESO
12208,1,1001,2,1002,2025-10-07 03:15:00,5652371.62,EGRESO
12209,1,1001,2,1002,2025-10-07 10:51:48,87118.05,INGRESO
12210,1,1001,2,1002,2025-10-07 14:35:22,9175135.49,EGRESO
12211,1,1001,2,1002,2025-10-08 02:41:52,9105115.04,INGRESO
12212,1,1001,2,1002,2025-10-08 11:32:25,8821768.96,EGRESO
12213,1,1001,2,1002,2025-10-08 19:26:55,1089597.82,EGRESO
12214,1,1001,2,1002,2025-10-08 22:45:31,5142105.94,EGRESO
12215,1,1001,2,1002,2025-10-09 02:48:30,3443254.87,INGRESO
12216,1,1001,2,1002,2025-10-09 03:01:04,3587493.22,INGRESO
12217,1,1001,2,1002,2025-10-09 10:15:59,2277762.36,EGRESO
12218,1,1001,2,1002,2025-10-09 15:15:10,6871518.95,EGRESO
12219,1,1001,2,1002,2025-10-09 18:33:22,6114770.33,EGRESO
12220,1,1001,2,1002,2025-10-10 04:15:15,8719087.31,INGRESO
12221,1,1001,2,1002,2025-10-10 19:50:31,4798168.35,EGRESO
12222,1,1001,2,1002,2025-10-10 21:33:00,2056951.57,EGRESO
12223,1,1001,2,1002,2025-10-10 23:08:42,231634.74,EGRESO
12224,1,1001,2,1002,2025-10-11 05:17:40,4139175.70,EGRESO
12225,1,1001,2,1002,2025-10-11 07:36:16,6550485.05,EGRESO
12226,1,1001,2,1002,2025-10-11 12:28:13,1490309.86,EGRESO
12227,1,1001,2,1002,2025-10-11 19:10:57,4022127.28,EGRESO
12228,1,1001,2,1002,2025-10-12 05:12:03,5794636.83,INGRESO
12229,1,1001,2,1002,2025-10-12 06:26:50,6014334.88,INGRESO
12230,1,1001,2,1002,2025-10-12 07:59:39,1512729.70,EGRESO
12231,1,1001,2,1002,2025-10-12 12:46:02,8321844.77,INGRESO
12232,1,1001,2,1002,2025-10-12 15:15:00,5262150.49,INGRESO
12233,1,1001,2,1002,2025-10-12 20:20:03,5437023.50,INGRESO
12234,1,1001,2,1002,2025-10-13 06:36:06,6451903.70,INGRESO
12235,1,1001,2,1002,2025-10-13 13:53:33,710781.11,EGRESO
12236,1,1001,2,1002,2025-10-13 15:32:28,8509956.27,INGRESO
12237,1,1001,2,1002,2025-10-13 23:56:21,5973134.99,INGRESO
12238,1,1001,2,1002,2025-10-14 00:00:19,7555440.39,INGRESO
12239,1,1001,2,1002,2025-10-14 00:49:48,9834440.24,INGRESO
12240,1,1001,2,1002,2025-10-14 02:13:03,8367302.88,EGRESO
12241,1,1001,2,1002,2025-10-14 02:52:40,1058249.04,EGRESO
12242,1,1001,2,1002,2025-10-14 15:14:32,218359.17,EGRESO
12243,1,1001,2,1002,2025-10-15 04:10:00,5373459.59,INGRESO
12244,1,1001,2,1002,2025-10-15 04:12:42,7518091.47,EGRESO
12245,1,1001,2,1002,2025-10-15 04:48:44,8575510.28,EGRESO
12246,1,1001,2,1002,2025-10-15 06:47:56,5552037.71,INGRESO
12247,1,1001,2,1002,2025-10-15 10:54:44,2241718.51,EGRESO
12248,1,1001,2,1002,2025-10-16 08:43:37,3842757.11,EGRESO
12249,1,1001,2,1002,2025-10-16 11:47:16,9537905.19,INGRESO
12250,1,1001,2,1002,2025-10-16 19:07:31,708325.43,EGRESO
12251,1,1001,2,1002,2025-10-16 19:09:00,3594587.21,INGRESO
12252,1,1001,2,1002,2025-10-16 20:54:29,902501.02,EGRESO
12253,1,1001,2,1002,2025-10-17 01:06:33,4022948.44,INGRESO
12254,1,1001,2,1002,2025-10-17 04:01:19,7414613.58,INGRESO
12255,1,1001,2,1002,2025-10-17 06:58:38,7123040.14,INGRESO
12256,1,1001,2,1002,2025-10-17 07:02:41,6478403.65,EGRESO
12257,1,1001,2,1002,2025-10-17 18:55:58,4165987.82,EGRESO
12258,1,1001,2,1002,2025-10-18 01:29:27,9459007.58,EGRESO
12259,1,1001,2,1002,2025-10-18 03:21:29,3726004.23,EGRESO
12260,1,1001,2,1002,2025-10-18 14:44:15,505344.83,INGRESO
12261,1,1001,2,1002,2025-10-18 21:05:11,2244729.86,EGRESO
12262,1,1001,2,1002,2025-10-19 01:44:41,9703333.08,EGRESO
12263,1,1001,2,1002,2025-10-19 13:33:36,2477381.92,INGRESO
12264,1,1001,2,1002,2025-10-19 17:25:28,9174095.08,EGRESO
12265,1,1001,2,1002,2025-10-19 21:56:44,5738064.14,INGRESO
12266,1,1001,2,1002,2025-10-20 02:43:11,7931984.98,EGRESO
12267,1,1001,2,1002,2025-10-20 02:51:18,8519998.01,INGRESO
12268,1,1001,2,1002,2025-10-20 06:33:39,2844662.99,EGRESO
12269,1,1001,2,1002,2025-10-20 20:04:14,8736976.52,INGRESO
12270,1,1001,2,1002,2025-10-20 21:27:35,6856367.71,EGRESO
12271,1,1001,2,1002,2025-10-21 00:58:39,2290817.17,EGRESO
12272,1,1001,2,1002,2025-10-21 04:04:46,7364367.20,INGRESO
12273,1,1001,2,1002,2025-10-21 08:45:22,7966743.54,EGRESO
12274,1,1001,2,1002,2025-10-21 14:18:00,2552426.00,INGRESO
12275,1,1001,2,1002,2025-10-21 19:38:43,2951279.85,EGRESO
12276,1,1001,2,1002,2025-10-21 20:05:13,3298968.03,EGRESO
12277,1,1001,2,1002,2025-10-22 00:53:52,7200524.07,INGRESO
12278,1,1001,2,1002,2025-10-22 09:10:24,6050598.53,INGRESO
12279,1,1001,2,1002,2025-10-22 13:01:57,6242654.81,INGRESO
12280,1,1001,2,1002,2025-10-22 18:46:10,1453348.99,EGRESO
12281,1,1001,2,1002,2025-10-22 21:59:44,5590053.59,EGRESO
12282,1,1001,2,1002,2025-10-23 09:20:29,2208036.95,EGRESO
12283,1,1001,2,1002,2025-10-23 10:54:07,8673822.73,INGRESO
12284,1,1001,2,1002,2025-10-23 15:53:52,6483488.19,INGRESO
12285,1,1001,2,1002,2025-10-23 17:02:55,2007239.96,EGRESO
12286,1,1001,2,1002,2025-10-23 19:10:31,6488471.68,EGRESO
12287,1,1001,2,1002,2025-10-24 02:01:49,9224457.60,EGRESO
12288,1,1001,2,1002,2025-10-24 03:16:46,8288949.95,INGRESO
12289,1,1001,2,1002,2025-10-24 13:47:06,1901615.79,INGRESO
12290,1,1001,2,1002,2025-10-24 14:20:29,9518651.83,EGRESO
12291,1,1001,2,1002,2025-10-24 20:06:41,1465273.06,INGRESO
12292,1,1001,2,1002,2025-10-24 20:32:30,9502393.23,INGRESO
12293,1,1001,2,1002,2025-10-25 03:50:31,107250.08,EGRESO
12294,1,1001,2,1002,2025-10-25 04:46:24,2900388.38,INGRESO
12295,1,1001,2,1002,2025-10-25 14:31:57,1771356.30,INGRESO
12296,1,1001,2,1002,2025-10-25 15:18:57,196411.16,EGRESO
12297,1,1001,2,1002,2025-10-26 10:11:17,4252047.80,EGRESO
12298,1,1001,2,1002,2025-10-26 14:27:50,4996156.46,INGRESO
12299,1,1001,2,1002,2025-10-26 18:25:15,2266154.93,EGRESO
12300,1,1001,2,1002,2025-10-26 20:57:15,9152150.20,INGRESO
12301,1,1001,2,1002,2025-10-27 00:25:30,929032.93,INGRESO
12302,1,1001,2,1002,2025-10-27 02:07:51,2782738.95,INGRESO
12303,1,1001,2,1002,2025-10-27 07:16:04,2967050.52,EGRESO
12304,1,1001,2,1002,2025-10-27 13:52:50,4328213.52,EGRESO
12305,1,1001,2,1002,2025-10-28 00:34:51,2143888.35,INGRESO
12306,1,1001,2,1002,2025-10-28 08:24:32,9875130.17,EGRESO
12307,1,1001,2,1002,2025-10-28 08:52:43,8897903.72,INGRESO
12308,1,1001,2,1002,2025-10-28 22:27:58,4305154.04,EGRESO
12309,1,1001,2,1002,2025-10-29 06:22:25,8254922.26,INGRESO
12310,1,1001,2,1002,2025-10-29 07:00:36,1152957.30,INGRESO
12311,1,1001,2,1002,2025-10-29 11:15:28,6817647.06,EGRESO
12312,1,1001,2,1002,2025-10-29 20:38:55,9452092.31,INGRESO
12313,1,1001,2,1002,2025-10-30 00:45:30,3142080.48,EGRESO
12314,1,1001,2,1002,2025-10-30 03:20:19,762856.56,INGRESO
12315,1,1001,2,1002,2025-10-30 04:19:31,2692567.82,EGRESO
12316,1,1001,2,1002,2025-10-30 12:49:10,9904892.08,EGRESO
12317,1,1001,2,1002,2025-10-31 02:26:58,2675390.63,EGRESO
12318,1,1001,2,1002,2025-10-31 03:37:34,3857419.77,INGRESO
12319,1,1001,2,1002,2025-10-31 12:45:39,4097510.85,EGRESO
12320,1,1001,2,1002,2025-10-31 22:22:25,3310427.72,INGRESO
12321,1,1001,2,1002,2025-11-01 01:02:21,1495489.31,EGRESO
12322,1,1001,2,1002,2025-11-01 01:16:05,234055.28,EGRESO
12323,1,1001,2,1002,2025-11-01 16:18:23,9377549.71,EGRESO
12324,1,1001,2,1002,2025-11-01 22:01:59,1553460.34,EGRESO
12325,1,1001,2,1002,2025-11-02 06:52:14,6297564.15,INGRESO
12326,1,1001,2,1002,2025-11-02 11:54:37,6394631.72,EGRESO
12327,1,1001,2,1002,2025-11-02 23:35:57,3512719.78,EGRESO
12328,1,1001,2,1002,2025-11-02 23:41:30,8490182.65,EGRESO
12329,1,1001,2,1002,2025-11-03 00:21:37,796614.01,INGRESO
12330,1,1001,2,1002,2025-11-03 03:02:00,9826467.49,EGRESO
12331,1,1001,2,1002,2025-11-03 05:26:06,1532606.37,EGRESO
12332,1,1001,2,1002,2025-11-03 11:37:52,8764065.73,INGRESO
12333,1,1001,2,1002,2025-11-04 00:26:02,8149182.11,EGRESO
12334,1,1001,2,1002,2025-11-04 14:26:03,333305.24,INGRESO
12335,1,1001,2,1002,2025-11-04 19:02:44,3719909.06,EGRESO
12336,1,1001,2,1002,2025-11-04 19:05:19,3462454.53,EGRESO
12337,1,1001,2,1002,2025-11-04 22:04:41,6544276.92,INGRESO
12338,1,1001,2,1002,2025-11-05 06:31:16,1551285.49,EGRESO
12339,1,1001,2,1002,2025-11-05 07:52:33,999192.33,INGRESO
12340,1,1001,2,1002,2025-11-05 12:42:02,9241588.48,INGRESO
12341,1,1001,2,1002,2025-11-05 15:13:05,6390766.80,INGRESO
12342,1,1001,2,1002,2025-11-05 20:40:30,4674266.27,EGRESO
12343,1,1001,2,1002,2025-11-06 06:47:23,918071.75,INGRESO
12344,1,1001,2,1002,2025-11-06 09:12:48,6888894.83,INGRESO
12345,1,1001,2,1002,2025-11-06 12:09:01,3910651.66,INGRESO
12346,1,1001,2,1002,2025-11-06 16:01:50,2930459.00,INGRESO
12347,1,1001,2,1002,2025-11-07 04:32:28,2736196.96,EGRESO
12348,1,1001,2,1002,2025-11-07 15:13:47,3010295.61,INGRESO
12349,1,1001,2,1002,2025-11-07 17:01:24,3517002.52,EGRESO
12350,1,1001,2,1002,2025-11-07 22:41:29,2942100.47,INGRESO
12351,1,1001,2,1002,2025-11-08 02:43:02,5289365.54,EGRESO
12352,1,1001,2,1002,2025-11-08 08:31:57,6883019.55,INGRESO
12353,1,1001,2,1002,2025-11-08 10:11:03,7440392.29,INGRESO
12354,1,1001,2,1002,2025-11-08 20:45:16,403098.31,EGRESO
12355,1,1001,2,1002,2025-11-09 06:19:12,9224272.66,EGRESO
12356,1,1001,2,1002,2025-11-09 13:11:11,6551543.56,EGRESO
12357,1,1001,2,1002,2025-11-09 17:23:49,417457.30,INGRESO
12358,1,1001,2,1002,2025-11-09 17:36:57,711671.50,INGRESO
12359,1,1001,2,1002,2025-11-09 20:00:51,2163334.90,INGRESO
12360,1,1001,2,1002,2025-11-10 08:52:27,2762936.66,EGRESO
12361,1,1001,2,1002,2025-11-10 16:19:38,9096815.28,EGRESO
12362,1,1001,2,1002,2025-11-10 17:56:07,5075339.03,EGRESO
12363,1,1001,2,1002,2025-11-10 20:30:02,3892272.19,EGRESO
12364,1,1001,2,1002,2025-11-11 00:10:53,1608626.88,INGRESO
12365,1,1001,2,1002,2025-11-11 07:28:47,9813976.18,EGRESO
12366,1,1001,2,1002,2025-11-11 11:20:56,654522.51,INGRESO
12367,1,1001,2,1002,2025-11-11 20:32:28,2434391.84,EGRESO
12368,1,1001,2,1002,2025-11-12 01:33:20,6202332.65,INGRESO
12369,1,1001,2,1002,2025-11-12 09:32:02,9323975.35,EGRESO
12370,1,1001,2,1002,2025-11-12 12:20:40,1913726.55,INGRESO
12371,1,1001,2,1002,2025-11-12 14:36:26,5661437.11,INGRESO
12372,1,1001,2,1002,2025-11-12 23:10:53,3012683.96,INGRESO
12373,1,1001,2,1002,2025-11-13 05:22:40,5648107.78,EGRESO
12374,1,1001,2,1002,2025-11-13 13:00:21,3774583.74,INGRESO
12375,1,1001,2,1002,2025-11-13 15:16:17,1765769.93,EGRESO
12376,1,1001,2,1002,2025-11-13 15:17:44,9492491.86,EGRESO
12377,1,1001,2,1002,2025-11-13 19:11:45,8469604.26,INGRESO
12378,1,1001,2,1002,2025-11-13 19:44:49,5480283.37,EGRESO
12379,1,1001,2,1002,2025-11-14 05:19:42,9752554.11,INGRESO
12380,1,1001,2,1002,2025-11-14 13:03:41,8200698.30,EGRESO
12381,1,1001,2,1002,2025-11-14 19:09:19,9305741.42,EGRESO
12382,1,1001,2,1002,2025-11-14 19:14:56,7973828.61,EGRESO
12383,1,1001,2,1002,2025-11-14 20:31:12,9005311.18,EGRESO
12384,1,1001,2,1002,2025-11-15 07:11:27,6711274.00,INGRESO
12385,1,1001,2,1002,2025-11-15 12:10:51,104817.83,INGRESO
12386,1,1001,2,1002,2025-11-15 15:03:00,6272963.46,INGRESO
12387,1,1001,2,1002,2025-11-15 17:40:28,5379392.86,EGRESO
12388,1,1001,2,1002,2025-11-15 22:42:08,5003168.87,EGRESO
12389,1,1001,2,1002,2025-11-16 01:19:29,7805779.97,EGRESO
12390,1,1001,2,1002,2025-11-16 04:46:14,3811215.09,EGRESO
12391,1,1001,2,1002,2025-11-16 07:43:22,6203262.22,INGRESO
12392,1,1001,2,1002,2025-11-16 12:21:57,6653075.61,EGRESO
12393,1,1001,2,1002,2025-11-16 19:58:58,8295938.50,INGRESO
12394,1,1001,2,1002,2025-11-16 21:24:33,1606227.17,INGRESO
12395,1,1001,2,1002,2025-11-17 02:16:25,9060479.41,INGRESO
12396,1,1001,2,1002,2025-11-17 03:18:20,4805604.01,EGRESO
12397,1,1001,2,1002,2025-11-17 06:34:36,6431830.05,EGRESO
12398,1,1001,2,1002,2025-11-17 16:42:57,9263175.39,INGRESO
12399,1,1001,2,1002,2025-11-18 02:11:04,7127710.03,INGRESO
12400,1,1001,2,1002,2025-11-18 04:55:12,8120310.00,EGRESO
12401,1,1001,2,1002,2025-11-18 13:10:45,6271914.85,INGRESO
12402,1,1001,2,1002,2025-11-18 13:50:39,6299828.92,EGRESO
12403,1,1001,2,1002,2025-11-18 15:50:24,2950524.02,INGRESO
12404,1,1001,2,1002,2025-11-19 07:55:05,7071816.07,EGRESO
12405,1,1001,2,1002,2025-11-19 08:18:45,4040115.55,EGRESO
12406,1,1001,2,1002,2025-11-19 09:22:15,3720671.16,INGRESO
12407,1,1001,2,1002,2025-11-19 21:31:07,1264647.28,INGRESO
12408,1,1001,2,1002,2025-11-19 22:06:06,1660703.47,EGRESO
12409,1,1001,2,1002,2025-11-20 00:29:43,5765288.08,EGRESO
12410,1,1001,2,1002,2025-11-20 08:32:05,5752760.59,INGRESO
12411,1,1001,2,1002,2025-11-20 11:49:27,3411374.49,INGRESO
12412,1,1001,2,1002,2025-11-20 23:11:22,2379814.54,EGRESO
12413,1,1001,2,1002,2025-11-21 03:49:02,7963167.13,EGRESO
12414,1,1001,2,1002,2025-11-21 15:20:28,8544535.54,EGRESO
12415,1,1001,2,1002,2025-11-21 17:43:43,6751666.78,INGRESO
12416,1,1001,2,1002,2025-11-21 19:50:51,8322252.00,EGRESO
12417,1,1001,2,1002,2025-11-21 21:11:28,9014007.51,INGRESO
12418,1,1001,2,1002,2025-11-22 00:24:17,8927594.45,EGRESO
12419,1,1001,2,1002,2025-11-22 12:07:21,5343041.94,EGRESO
12420,1,1001,2,1002,2025-11-22 12:48:25,2976440.37,INGRESO
12421,1,1001,2,1002,2025-11-22 14:48:45,1969177.42,INGRESO
12422,1,1001,2,1002,2025-11-23 07:00:32,8184094.67,EGRESO
12423,1,1001,2,1002,2025-11-23 12:12:48,6648548.53,EGRESO
12424,1,1001,2,1002,2025-11-23 17:49:18,7546869.89,EGRESO
12425,1,1001,2,1002,2025-11-23 19:03:14,2576535.18,EGRESO
12426,1,1001,2,1002,2025-11-24 06:35:51,7409511.33,EGRESO
12427,1,1001,2,1002,2025-11-24 08:21:16,3503010.89,INGRESO
12428,1,1001,2,1002,2025-11-24 11:39:56,8014541.68,INGRESO
12429,1,1001,2,1002,2025-11-24 12:23:04,2121797.21,EGRESO
12430,1,1001,2,1002,2025-11-24 17:54:36,3794780.36,INGRESO
12431,1,1001,2,1002,2025-11-25 00:28:16,6631289.61,EGRESO
12432,1,1001,2,1002,2025-11-25 04:16:51,7462137.87,EGRESO
12433,1,1001,2,1002,2025-11-25 08:11:02,3735204.50,INGRESO
12434,1,1001,2,1002,2025-11-25 13:10:07,2481142.13,INGRESO
12435,1,1001,2,1002,2025-11-25 15:14:22,2077220.28,EGRESO
12436,1,1001,2,1002,2025-11-25 18:10:58,8468964.86,EGRESO
12437,1,1001,2,1002,2025-11-26 04:13:49,8413091.30,EGRESO
12438,1,1001,2,1002,2025-11-26 16:30:25,3539785.16,INGRESO
12439,1,1001,2,1002,2025-11-26 17:53:26,4589015.01,EGRESO
12440,1,1001,2,1002,2025-11-26 21:46:24,1133644.34,INGRESO
12441,1,1001,2,1002,2025-11-26 23:10:33,4888987.50,EGRESO
12442,1,1001,2,1002,2025-11-27 02:37:18,7560538.67,EGRESO
12443,1,1001,2,1002,2025-11-27 14:46:44,1202818.68,EGRESO
12444,1,1001,2,1002,2025-11-27 18:03:32,6052795.73,INGRESO
12445,1,1001,2,1002,2025-11-27 20:14:56,6614472.65,INGRESO
12446,1,1001,2,1002,2025-11-28 03:49:22,8253850.60,INGRESO
12447,1,1001,2,1002,2025-11-28 06:06:34,8726965.87,INGRESO
12448,1,1001,2,1002,2025-11-28 13:00:09,6793550.85,INGRESO
12449,1,1001,2,1002,2025-11-28 18:53:59,5404942.33,INGRESO
12450,1,1001,2,1002,2025-11-28 22:09:40,11743.40,INGRESO
12451,1,1001,2,1002,2025-11-29 01:33:01,9117015.40,INGRESO
12452,1,1001,2,1002,2025-11-29 07:00:37,3675021.81,EGRESO
12453,1,1001,2,1002,2025-11-29 15:52:27,2890194.19,EGRESO
12454,1,1001,2,1002,2025-11-29 22:23:34,1285778.74,EGRESO
12455,1,1001,2,1002,2025-11-30 06:25:39,4877568.25,EGRESO
12456,1,1001,2,1002,2025-11-30 09:56:37,8139757.01,INGRESO
12457,1,1001,2,1002,2025-11-30 13:22:05,4673940.75,EGRESO
12458,1,1001,2,1002,2025-11-30 17:22:29,3996353.36,EGRESO
12459,1,1001,2,1002,2025-12-01 05:02:54,3881533.33,EGRESO
12460,1,1001,2,1002,2025-12-01 09:42:13,1126315.09,INGRESO
12461,1,1001,2,1002,2025-12-01 11:30:52,9870536.29,EGRESO
12462,1,1001,2,1002,2025-12-01 12:14:27,8905813.31,EGRESO
12463,1,1001,2,1002,2025-12-02 00:41:11,170035.80,EGRESO
12464,1,1001,2,1002,2025-12-02 03:12:02,1882762.86,EGRESO
12465,1,1001,2,1002,2025-12-02 08:39:46,1685885.75,EGRESO
12466,1,1001,2,1002,2025-12-02 11:58:34,2204315.55,EGRESO
12467,1,1001,2,1002,2025-12-02 21:48:46,3743577.27,EGRESO
12468,1,1001,2,1002,2025-12-03 01:50:30,5117552.00,INGRESO
12469,1,1001,2,1002,2025-12-03 03:43:15,3939050.28,INGRESO
12470,1,1001,2,1002,2025-12-03 07:06:59,4609974.56,EGRESO
12471,1,1001,2,1002,2025-12-03 08:58:25,3236887.79,INGRESO
12472,1,1001,2,1002,2025-12-03 11:16:47,3271371.36,INGRESO
12473,1,1001,2,1002,2025-12-03 11:53:04,7675032.53,EGRESO
12474,1,1001,2,1002,2025-12-03 20:49:24,9108692.61,EGRESO
12475,1,1001,2,1002,2025-12-04 06:36:18,2471962.91,EGRESO
12476,1,1001,2,1002,2025-12-04 07:56:41,843846.65,INGRESO
12477,1,1001,2,1002,2025-12-04 15:20:21,6229889.43,EGRESO
12478,1,1001,2,1002,2025-12-04 17:35:20,816262.73,EGRESO
12479,1,1001,2,1002,2025-12-05 04:26:21,6849097.08,INGRESO
12480,1,1001,2,1002,2025-12-05 08:51:02,1244988.78,INGRESO
12481,1,1001,2,1002,2025-12-05 15:16:17,4018201.04,EGRESO
12482,1,1001,2,1002,2025-12-05 16:08:57,895426.56,EGRESO
12483,1,1001,2,1002,2025-12-06 03:25:20,6635072.23,INGRESO
12484,1,1001,2,1002,2025-12-06 04:44:55,295663.53,INGRESO
12485,1,1001,2,1002,2025-12-06 20:56:10,9514837.83,EGRESO
12486,1,1001,2,1002,2025-12-06 21:13:59,8279228.63,EGRESO
12487,1,1001,2,1002,2025-12-07 00:53:48,1461474.54,EGRESO
12488,1,1001,2,1002,2025-12-07 02:24:10,956399.13,EGRESO
12489,1,1001,2,1002,2025-12-07 04:52:48,252768.31,INGRESO
12490,1,1001,2,1002,2025-12-07 05:32:03,2205969.59,EGRESO
12491,1,1001,2,1002,2025-12-07 10:24:00,2978606.06,EGRESO
12492,1,1001,2,1002,2025-12-07 17:11:51,9050436.95,INGRESO
12493,1,1001,2,1002,2025-12-08 06:57:58,3544822.03,INGRESO
12494,1,1001,2,1002,2025-12-08 07:31:29,5720294.95,EGRESO
12495,1,1001,2,1002,2025-12-08 09:15:34,51756.80,INGRESO
12496,1,1001,2,1002,2025-12-08 16:19:02,1222770.79,INGRESO
12497,1,1001,2,1002,2025-12-09 00:55:05,4329151.59,INGRESO
12498,1,1001,2,1002,2025-12-09 03:36:26,1520351.80,INGRESO
12499,1,1001,2,1002,2025-12-09 05:31:06,5952178.27,INGRESO
12500,1,1001,2,1002,2025-12-09 09:12:18,7241606.45,INGRESO
